yaw,ear,volume,label
29.57660753705747,0.12621022779975494,0.020766090704516595,1
-0.7996926498171355,0.30277465480907945,0.14072354310395727,0
41.888854650728014,0.15997119929933834,0.7534887947089408,1
0.23218274078074405,0.2934315077743083,0.31004633340174126,0
31.543533512935085,0.18028031163156563,0.7890366194395376,1
43.65362435054698,0.09601318393620757,0.7903274563037171,1
1.2190035688559941,0.31257358974818045,0.11884126699796527,0
25.061644724417185,0.1475059922935941,0.7773118434293644,1
6.781200142854114,0.24640990316121572,0.20337930739107343,0
38.09571177465417,0.0961660436264493,0.01963410025657069,1
-4.196087616113193,0.27923337787025665,0.21190233011642728,0
50.32358463305825,0.07579716675378323,0.49777220825120494,1
47.58448551699876,0.12726026413111535,0.7808009902217341,1
0.9093312752924758,0.29286449500991724,0.3377175387048707,0
10.765912287557782,0.32413510982480825,0.33939190527219687,0
2.3105173713163536,0.2842515074091972,0.16313398968918516,0
0.9338338223853916,0.3092559288934729,0.26930575479334246,0
0.4982568254382061,0.27807584960221027,0.30723050523529954,0
38.10393377426466,0.08036322639165017,0.8037768190368484,1
50.552756741376754,0.1765513047447105,0.01871453706748043,1
-7.037558473589106,0.32846127068408326,0.16931562527390334,0
49.31282198499697,0.18592087117358205,0.007638642039695376,1
54.687374761859445,0.19435398882231433,0.7838357441935959,1
21.59376245951597,0.05441797246741213,0.03801430099266488,1
30.842881927917205,0.17936958499030062,0.016692251039769474,1
-1.1729356668757371,0.29039465427693983,0.31543117264200227,0
41.187537061327475,0.1328560569221218,0.02179914369546417,1
-0.4486784714361336,0.2966681339801035,0.347846645367626,0
1.3578941859768676,0.2751960161330008,0.2169601742285253,0
-1.458468748966384,0.24931622304404785,0.2106691051494362,0
0.27862456144347303,0.28203566531582214,0.2145564783097214,0
9.23318498023833,0.29864715669568154,0.2759245622577248,0
1.6346368688208133,0.2888067379649989,0.22602586815945702,0
3.7312678301361037,0.24619697593270587,0.15959445287677138,0
49.40637990168647,0.18168305123870293,0.8438640022678945,1
-0.3133954863658594,0.28926499037796893,0.1767046467615006,0
30.017434785136743,0.10805536629871318,0.019799012482303483,1
52.02237614177644,0.17543041866167208,0.8215493096769485,1
37.80829345223778,0.13058265308494207,0.031502673958982964,1
-7.596849829770067,0.3168300697741988,0.14980852444695048,0
2.9342854690013516,0.3290029459690329,0.2517972714249637,0
40.54980348880225,0.16192774768868695,0.706612653702081,1
4.58930973527388,0.30500586884826775,0.3708923944197878,0
1.2411029315016804,0.30079316821789437,0.199945817000303,0
37.69207588133699,0.22260588495912803,0.7831647667125763,1
-2.227512607003859,0.28505964015900187,0.24580764395380245,0
-4.31995384839908,0.3086591562571154,0.34957436645894296,0
5.543517902914539,0.27956643187365166,0.2806391187792743,0
1.8069780275420697,0.2785923826336245,0.32723179876729364,0
18.805085461381616,0.18431767775072666,0.7158178179753865,1
33.75882530851659,0.17504157955021057,0.8591805339074646,1
-3.2666461628685592,0.25690080306824076,0.14357490994088082,0
29.268253008751937,0.12525172598159634,0.001792397221979838,1
4.770008817466012,0.2584477820329241,0.32058664498587275,0
10.816273616527301,0.28428829284291124,0.3505719373490058,0
41.25535886016577,0.17479025105137855,0.9318898532200325,1
32.92637915124243,0.1512605433770041,0.6124489110431257,1
28.13904749652726,0.17550787344575916,0.016873315542676428,1
21.75596205763557,0.10768201400565135,0.015176864290636971,1
7.6636945650128885,0.2973787449880327,0.14178637713251724,0
22.27273920324079,0.17721101761701735,0.675483222968265,1
4.678391965737306,0.30994932694443883,0.25762753595530463,0
39.21775880422642,0.2363113272817816,0.03290758424122428,1
36.723055238061924,0.13063190177235942,0.5981030219186685,1
28.42159642199873,0.15346849013290348,0.7413298863851792,1
29.444725855696902,0.12352665182464957,0.012358132133621537,1
4.386811452878357,0.2954853486134488,0.2574697899421321,0
55.54448340821471,0.12054439336094365,0.7946981717009852,1
-0.1325693772460844,0.28652298619539174,0.23697656751421647,0
42.979125947620894,0.12110396115836446,0.7909438530642252,1
28.272708357832286,0.16482884692651525,0.7455638544488439,1
-2.628775108403805,0.2618285523098999,0.2461078118743639,0
18.368144691212024,0.08212412300790324,0.7012366579045037,1
55.819238910041705,0.09901523401455715,0.004412130049761585,1
13.161910324186954,0.32120975635488874,0.2138672419072302,0
-5.03008690749851,0.28193423244430366,0.24955231849367626,0
35.56321882472444,0.18858980886178306,0.027588244161636095,1
2.2959003961421836,0.2574353078322825,0.14631066686000843,0
0.4883804927441586,0.2667015324642547,0.16067804480410727,0
20.791633301329288,0.13602462683517333,0.8755145788374904,1
-3.2255987730256215,0.2903951164519215,0.3240972321793274,0
2.3570777819320203,0.27249860456203145,0.23155802998557992,0
34.22979006453417,0.17766944915372132,0.022103030402219954,1
34.61263266740636,0.1349767025639648,0.6329719293603225,1
45.073622054220856,0.16215458638303493,0.014135848511112267,1
26.395806210464766,0.1922901436281464,0.031185499442553263,1
23.079695605016592,0.047482127135789975,0.01930366546699892,1
15.39440404227619,0.25337523466593703,0.1429115360221401,0
3.310653372605232,0.2754259049085837,0.19579482781314758,0
37.552877310291926,0.14827246880230183,0.013827877533520385,1
42.686515220897284,0.0997199312155267,0.7173987504183151,1
7.20627364437348,0.1509672035405877,0.7320748974643088,1
2.854452553465835,0.24268410293826148,0.1499673812824226,0
1.5364976043830467,0.2712917636743405,0.36212788743571434,0
34.2310668302154,0.18162271083211504,0.03159839966388344,1
17.924300896859926,0.18098693923514345,0.03959837254744675,1
5.632825147738787,0.289773889497465,0.3715427138913415,0
57.93702904567668,0.17522416281915085,0.016631048732148615,1
35.54267250799979,0.07082058051062098,0.6049072108888776,1
53.336376312654,0.04043730744173594,0.02600212965744278,1
3.039482548582696,0.25636648744275287,0.23595488436006276,0
-3.409921239988993,0.30124911541603194,0.23302328240790782,0
-8.793697432115572,0.2716956010033324,0.22327382152160477,0
34.070678471288076,0.06288891536823624,0.014386620035577941,1
4.2621666739811195,0.32885189869385617,0.30490547655653605,0
5.94196636724042,0.25582389800511435,0.23501367852749003,0
-3.9523722772265595,0.28339811231613293,0.30636052318597784,0
6.334555745933113,0.3301771716051311,0.32095099120778403,0
-0.27792335455227535,0.2331042757391003,0.15898514636601466,0
-12.358222500636447,0.2619336381891466,0.4441373189076418,0
-2.812333879471338,0.3308515312129226,0.19027373227678088,0
28.613977242473727,0.03908261199744593,1.0,1
36.88367553162121,0.18829391397403072,0.026558921377875827,1
50.639336447792765,0.1414870876602047,0.5185955933999894,1
3.501549397044956,0.3194474336075214,0.2998168979120215,0
-10.619478621549035,0.34471924639796514,0.27750303052399083,0
47.847326719750235,0.19430955942923978,0.6527235483239999,1
-3.263119896511956,0.2858420858415633,0.40898207993846464,0
4.288298116010097,0.29624388184614364,0.3046855458560382,0
25.509207419989362,0.13731619612288096,0.013713456949254299,1
49.06061497659392,0.16206201242033647,0.7613394391966689,1
30.88940958970682,0.17584732578741855,0.018296142346118042,1
41.86868373410811,0.21782916929139912,0.7581988813824719,1
7.6156203863482865,0.3262632985770363,0.14947944845765948,0
9.157293829271769,0.28409605993248216,0.19799808524744814,0
43.244789550307,0.1449762139714147,0.7575576372670038,1
-0.5616402484541482,0.26258429650585835,0.31953248515114185,0
2.9196409266298193,0.25571189440235065,0.20790017147860632,0
27.58829987679564,0.028680396473239556,0.03202576505225228,1
1.1204624090520838,0.2791808638147021,0.20713588295581617,0
12.10397435452031,0.14379893063050014,0.9169922781404639,1
17.276900869617183,0.16164340437134492,0.6838458557484708,1
2.588295102345615,0.2521794059742828,0.04763519378445576,0
-4.521583125522043,0.2464114770013297,0.15952892517392672,0
0.48060388470491716,0.25874779699268613,0.2779840019654326,0
43.34243480100799,0.20892563448992113,0.0022603038388787056,1
41.81723846154375,0.16948022620459938,0.7806389482073414,1
31.1356621460953,0.1964122845672162,0.01884890306076761,1
32.32735159068071,0.12654345728947955,0.6005962206710249,1
51.51795740023445,0.16851059449708705,0.6548815629612044,1
22.822886081769774,0.16917175157018222,0.7882653551477492,1
6.388324478942124,0.28084543472107387,0.2985378447308946,0
43.77656303089991,0.11791665899348087,0.02290964730137443,1
7.737526006650308,0.30380466161656644,0.16181662801308613,0
37.748896258468434,0.1926234321716475,0.7165197012555498,1
3.1929622938868696,0.28422658740733614,0.28789056614491637,0
12.866799016249303,0.2901545153038508,0.19737323569182905,0
52.236024868471745,0.10561152442307296,0.599712939131761,1
-3.258001738029084,0.35739128012962956,0.32140778706394474,0
3.9551597352152346,0.3131657779887395,0.4430092337290333,0
38.99129012389037,0.21362850814642848,0.021071699152595963,1
1.2166972466134591,0.2784581882923454,0.11956214050278878,0
3.6288331194934615,0.25744626849714447,0.25655964451308483,0
46.70374950173574,0.24067038492577114,0.021495979575187882,1
-2.9578569441791496,0.27972643010067394,0.23534427050236897,0
7.749672025087699,0.30892261504865076,0.20411185816824792,0
1.6880133103760109,0.2732056332429542,0.18053658144989068,0
44.84189824106581,0.09724461622597752,0.0,1
11.353464289021979,0.28185039549543917,0.3478855105934902,0
29.03681569858426,0.19069904300988705,0.01576240317977297,1
6.2304259624881455,0.2728320370249092,0.194258254525634,0
-0.17342443693390552,0.2616268787607869,0.23052928164999856,0
-0.3722295788308355,0.3374209406160036,0.29825499448658743,0
21.147647981204187,0.12836130582058056,0.6850635180386119,1
37.23699403692856,0.17515451843118734,0.032880757248523775,1
37.10344134720709,0.12099918336731576,0.01563844558492515,1
20.603629659616303,0.2296334999141442,0.6518674063482535,1
14.976808893461657,0.1205053841122196,0.007372302243014359,1
5.677828200902995,0.2592128440661228,0.29836122610842936,0
50.64209518321711,0.13736183724519072,0.7660589433171759,1
29.197262193841556,0.11961768273132636,0.023754558576272528,1
6.3577754749707935,0.26705139061845856,0.22892414271342007,0
41.18353185949361,0.16201029219731114,0.020313958655327764,1
23.383450897877054,0.21754261653495027,0.7827811073574124,1
-5.623210459189345,0.2966869002820198,0.37303455347300424,0
48.246528119795094,0.11187403804267008,0.5757052469513335,1
1.900989255029816,0.23485838877906995,0.15374393156886845,0
54.541622657267865,0.15136566899257192,0.8624932545303241,1
-0.16563486436898547,0.3193092623835883,0.24751528537032785,0
40.33728569397914,0.15227819405709492,0.9535873535181792,1
35.955174348512436,0.14659382874160234,0.5769737269515655,1
5.403903627773109,0.2362734550160521,0.22184629457467928,0
30.22784367662475,0.18138031487809156,0.6179121644622683,1
30.532171364744926,0.0,0.022483251425158824,1
-2.3937431083173855,0.29526175069689803,0.1833555154399393,0
-2.7245954340447476,0.21481991361957894,0.2899891298992297,0
14.72980354439286,0.04503218677904871,0.008698212705153167,1
61.55037247276691,0.10988599864302281,0.7361917665338519,1
30.083760888446033,0.16978994243548734,0.6783426511575895,1
23.14551990919101,0.1759951069764376,0.02957932055215684,1
4.348029600528301,0.260621074626264,0.19917100889394965,0
7.206366445330578,0.3127393036178281,0.27781411868306694,0
48.27080509228771,0.11962638561898463,0.007577534664507706,1
1.0822929479098744,0.2389059106126277,0.31325004793302147,0
-8.81520077681367,0.3214027406244236,0.26241525470871835,0
-3.4986275399629267,0.2737293022814193,0.28857991621445256,0
39.33700780727723,0.16215617292564466,0.6946822754652731,1
-2.853731468747381,0.2598813937277007,0.20894429083892832,0
3.0796780347213186,0.23962060959259757,0.23924025724786138,0
16.18568689561453,0.1919674557115801,0.8286406211995817,1
21.831580172347202,0.08777287499576385,0.01290568842671524,1
-8.137712189415813,0.3365375891780383,0.2836075592361473,0
1.7057598740832174,0.27812220616301436,0.26214063937989923,0
1.5390088444602958,0.29539317394528253,0.4063325947000229,0
1.6615700598979584,0.26069445308859573,0.3314129173474802,0
0.9322715738471382,0.2633923527487602,0.1736848464482684,0
35.6271018859698,0.2147492792408478,0.6448779970217497,1
18.89446701817862,0.11772139639823025,0.03322744466885136,1
28.648014650619547,0.16592605023994372,0.8473726230852368,1
-7.1237409310672835,0.34426811075835595,0.14529436807047102,0
23.295607672661,0.09084719076328054,0.8309594435971885,1
-5.981033120403354,0.22780858663665704,0.2417422597654003,0
-3.1134975991029696,0.21541328221142556,0.3637895889358806,0
-4.233968590342025,0.2965015629707366,0.21566044637610704,0
5.245046129184447,0.2946756139044299,0.33727843401487734,0
19.82601911654041,0.1653672808353985,0.01775146944205148,1
22.746050509276394,0.16689787641160592,0.7429779638482383,1
-0.09508103951344415,0.26270468797819846,0.346955518830912,0
7.755759877612615,0.2817103937469126,0.2941181020191619,0
44.263041858040104,0.07284408860285649,0.010817878334902085,1
-2.7759976334659915,0.24311351216642751,0.3195323673997517,0
-4.419287181005665,0.2794108660321996,0.2840709764954429,0
5.718770216034645,0.2556924268895686,0.3906896387356107,0
35.49590758724742,0.14445937198604564,0.9215907631132695,1
36.17204452098002,0.10980257926362594,0.012657666780289623,1
35.721031935381966,0.12701176920847618,0.7537696573123923,1
3.5877112789798105,0.26250767684293186,0.23605165936777314,0
-7.076853710252071,0.3099403032957896,0.28011276208780134,0
36.792361787254265,0.1851720066569447,0.02972056965739722,1
5.897200603606435,0.26904035346063676,0.24332496241677112,0
30.806728073396528,0.19913415713849705,0.016266315749969156,1
11.573292833367542,0.24437204742911464,0.2213327878383022,0
35.874489176186174,0.10186744940405117,0.021983935171774868,1
34.422937912030726,0.20384240723288402,0.8016644445935968,1
40.57243836255889,0.2877608871859951,0.009700277252230643,1
-2.355191528091614,0.30848662406323973,0.07773256641030045,0
40.39062465542041,0.13700999296162436,0.012282591854032177,1
2.9532741534615465,0.26578481958787253,0.21919825506297091,0
28.76724353808648,0.04818897485720316,0.020844667863899474,1
5.838910308299036,0.2536605223973032,0.3996772140297426,0
0.13045525105416894,0.3148563490782457,0.2946511611614805,0
52.41201725757603,0.24725975371384665,0.02644595432415177,1
5.031464046072203,0.2449024949286914,0.15034260988428924,0
-6.799280704899596,0.23287371543794505,0.21670444760917967,0
58.6705061214777,0.19198319322155943,0.7798797780321762,1
1.5077367116680622,0.29094883007398675,0.2089429146822732,0
-1.408923044302537,0.28056548868834547,0.22067943837055584,0
19.0066712302442,0.21149951842193415,0.8220996952905636,1
6.278780627867604,0.23256427893903603,0.3232312220448129,0
20.817510494950387,0.15221793987578033,0.6521411610011345,1
41.678637494405095,0.08165708183595867,0.01908924139646973,1
0.5866369165439099,0.25304596054626893,0.4987934844804289,0
26.517289184151814,0.07498890692765318,0.014764240115934172,1
5.597874557172884,0.2668762509902977,0.3054334898425289,0
40.01846907065566,0.19729348218420728,0.002980977699816645,1
56.816743070693896,0.15565702285265112,0.7635859424081657,1
0.09209189594775849,0.30382794038865485,0.25305903959680226,0
2.4050461586835663,0.2672092721138337,0.28658243236921926,0
43.526589227573425,0.09399762887650638,0.7635563416414709,1
58.29460923756499,0.17467801021671459,0.7054349696970005,1
0.4588038826775115,0.32502279371902937,0.23884429794552003,0
37.62240850893135,0.21626380452185187,0.018614877553927753,1
-0.06748612368966957,0.2919766936781584,0.28810862154849753,0
25.25117181275096,0.13483249662614327,0.7636597395588752,1
23.212471588943846,0.00804606702572864,0.017426999993822107,1
8.72093954025736,0.1051833670703969,0.017262707478332393,1
7.37678108474776,0.22594058687259944,0.2993604759661358,0
-4.103411591758553,0.23063803759129328,0.34121192308170134,0
5.269010260174515,0.29629894087109165,0.1465381633703069,0
25.59495774650686,0.1597421170135069,0.023981472651225372,1
26.491748508434114,0.12016854706941348,0.019587073129927173,1
38.733319893718345,0.10302683790070086,0.7473739206730148,1
2.6945502184232932,0.3401827866447737,0.31505641493983816,0
57.773204200951724,0.16781263943530417,0.8185857818608419,1
39.35738753293428,0.13821443775716657,0.019399624583114356,1
35.59169997824267,0.14383279679769448,0.012885378059162952,1
3.2718282817702886,0.2712456619325337,0.30212175930716045,0
-1.3470341722227883,0.3058142046507924,0.24811582793006096,0
32.438518647794744,0.10212155224923938,0.7651403047951733,1
-2.4268177391455175,0.2549395884022073,0.41797774313332126,0
43.05837406074864,0.2048273559115127,0.004899587880147478,1
18.959294733488832,0.09217920916280715,0.010342173671360408,1
-8.462323148574097,0.2945419845188343,0.2737260436112609,0
49.286583132123155,0.1588094911251346,0.027708022199879712,1
23.744893081563212,0.08171912979049253,0.010912303291920267,1
4.877725635611796,0.26888157003741686,0.2654871929094036,0
4.064310594194801,0.2880217694221571,0.30203600740289116,0
17.769085713577674,0.11958246176603311,0.7950495723778035,1
7.82321827907003,0.24151023327434293,0.26578525659244767,0
5.79297789503702,0.23831282599709214,0.28985773987974284,0
24.0047107932353,0.04891006800190262,0.010212591636902343,1
17.246669322323314,0.041421429761977616,0.013870167287293105,1
33.825017042685154,0.12192211268346873,0.027466113646021573,1
32.85088057980612,0.2220972502900945,0.7074244395348409,1
-2.3882872338255834,0.1923594854951618,0.2134158675930568,0
3.4097648564748195,0.24804659010773886,0.317115240037569,0
-3.5992210419735433,0.3065097981246002,0.3396824533859577,0
33.72395596962422,0.1555899579101694,0.7215163062257799,1
28.660435440044253,0.09068317864450727,0.6846537104275193,1
3.4302572999921965,0.24690374902834952,0.24502471864005512,0
-2.0764395695040063,0.31445912048286145,0.2811327356534343,0
0.43523534119085666,0.2333025430402075,0.29926169198169134,0
33.950776054673824,0.20313286453937632,0.01742379514489006,1
28.398616604761532,0.16002298157068645,0.8744565160355255,1
0.8885050046662691,0.237810476089845,0.3199613659306018,0
34.28701782473007,0.21463726447591036,0.6665815151267376,1
44.3123349661217,0.10168768401233728,0.7891127876932726,1
62.840488664207115,0.13317237050609132,0.022008450931157095,1
3.5417822364967666,0.29403079515296304,0.23163610757117223,0
-3.0085330611469847,0.2722787038772997,0.3145698077309848,0
44.11654754581002,0.22102521436355316,0.04587908973530685,1
43.81565054551196,0.13451751430059694,0.6501693224708945,1
34.53176576746947,0.1504278040412175,0.6452842431309735,1
-2.2309171660738984,0.2794387373066231,0.32290901777397774,0
32.769850973687035,0.21555837489013122,0.8005735432472799,1
-2.8838566528416636,0.27751957942471905,0.23996365919976798,0
28.62254538368942,0.2196590628967453,0.016540806709528292,1
47.89181615258674,0.08854082010997918,0.6501559147123281,1
23.073647901981758,0.1878244177158049,0.7238241709778905,1
37.32862332327049,0.12077723540747808,0.852305655525224,1
-7.392609951837137,0.27482118100177544,0.18420640540942396,0
64.8222790001467,0.11019315984067522,0.8695531388086709,1
-1.2269405800143525,0.2978426302499586,0.2312784112714415,0
3.0518513271673244,0.2573276452152147,0.27001601650013557,0
1.0419140397377624,0.3040122857568305,0.37131152442028587,0
-2.059384830612337,0.2910209652044854,0.2927703268897948,0
31.848085756205986,0.17236969685344877,0.7376863564647732,1
-6.223273516557085,0.32874035375408683,0.07355471543207447,0
49.33715434252325,0.14916948288370455,0.7894579985484219,1
0.9241806184743695,0.3085862364160882,0.1893374344889928,0
-8.516912196775774,0.29472924854914756,0.2150588610209426,0
3.1639093305314243,0.2495253454306481,0.24575034775859636,0
50.35422403712191,0.16741708696230634,0.8112332214002512,1
0.24042473330690997,0.3262973058481657,0.29854804745725366,0
1.2248328555436139,0.2931081450923905,0.28936150783942394,0
29.50581936581013,0.11045591041527172,0.7002327476570961,1
0.0629620039089743,0.25200196122780416,0.11341136339256426,0
3.5700024704604596,0.3082231356396465,0.372674696103706,0
32.66877041625777,0.1378650626087359,0.03162259597505667,1
26.692996048809242,0.12326216645778383,0.8947796418457866,1
47.767291850730274,0.09336075243661272,0.7529190503935568,1
-4.144975054610363,0.2599572863907086,0.33415580941783346,0
23.68930393049748,0.1313365877029343,0.024990958161377495,1
-5.020703833760339,0.30859409901739737,0.3750311014806558,0
7.207843103289502,0.26628711230241187,0.22532137692353443,0
25.112774156336002,0.13920197398248838,0.856014381867127,1
1.554537827990023,0.24489660921821924,0.33479491072372974,0
45.65004760896871,0.22672410508972574,0.7731607474168092,1
49.649855585756576,0.09065033058471275,0.7661299542662695,1
-7.9195141174286166,0.25681366996529176,0.2934783502936074,0
4.135916245180119,0.2715797476939968,0.41716309773558186,0
-8.032231601287862,0.3318089155370022,0.4094012282534495,0
58.898639626456806,0.09707796831791736,0.7636746647399231,1
35.40832893286679,0.1533919256958469,0.5753533274420967,1
-7.009255313961404,0.24570985261808553,0.2289687336633386,0
1.88650246522426,0.258159911763126,0.21064780419950357,0
35.09456221633674,0.14249415243730967,0.012648831992754118,1
32.821962054371994,0.1357452871478993,0.021247520996639346,1
41.07158664147038,0.1647639970310434,0.008210765087016746,1
50.96689884846848,0.16797378987735628,0.014296859322135338,1
-7.111268547988371,0.30797772495619274,0.31876703095838416,0
-4.486271857429157,0.3165628555509195,0.24427205985135467,0
-0.35082855729323503,0.28957523531257545,0.21351033380206494,0
0.86590462925591,0.23221018799404994,0.26517649340883165,0
0.36658983594201944,0.29270797196780385,0.3253048464613987,0
-11.509605823677925,0.2617065128704186,0.4391097995695489,0
9.408852486141965,0.1678486379633463,0.022935375299686405,1
-4.091103416167362,0.2778850366582273,0.28662182929215085,0
43.55254434633598,0.20486500937718544,0.739302853014152,1
8.162056519658176,0.27666321815953904,0.10771299327947866,0
22.0714870761829,0.12011661583725713,0.02803154742614022,1
36.913550081649554,0.11460445296629623,0.022891836731187255,1
5.01766448946012,0.3148248036213556,0.23925766702509565,0
33.08765321424912,0.15170040481140734,0.8618632334154211,1
62.64366502525747,0.17728933567661778,0.016699098082985628,1
49.33510664616477,0.1609651168600218,0.5999523450836999,1
-0.6395879574038327,0.30167144073483315,0.20153113433928854,0
36.241257551697274,0.07513711774106777,0.028193732681394065,1
47.11366146315162,0.19135577142828838,0.9068182429527326,1
36.74625437321889,0.08215322151502123,0.016948111545192483,1
55.34867453373038,0.2094298411543504,0.031218615047942523,1
-1.7964604539352977,0.2927218313339227,0.3610670222566758,0
-1.2448207423953674,0.26905141811371347,0.23164874047455777,0
34.22373673960979,0.19113913904170013,0.9997415126419854,1
30.036612012444287,0.22483552037229906,0.014734683129039569,1
5.746366631428379,0.2726181253561016,0.2702532190430385,0
3.756935616858945,0.3356227769900257,0.18188748525917492,0
51.15470907443298,0.03847659904377704,0.758298741881251,1
-5.627445236491883,0.277664884089616,0.24947829478164335,0
52.96918019815551,0.15840076702662642,0.8792060334326522,1
22.489067663953087,0.06546641861967739,0.6197155236475255,1
36.92587548768176,0.16230418076582043,0.01364590119771263,1
2.520232577589222,0.3580504934254119,0.19273920087113985,0
0.9792262754884078,0.27329602052884444,0.3484699610523788,0
-3.2591805390107957,0.26601890494395275,0.21661065491159326,0
7.2005860772473635,0.2826874204376575,0.22929164797041346,0
16.262081330697686,0.11104536303116497,0.7155936043295773,1
18.823434656717993,0.18507473909623573,0.8452478156952805,1
-0.2976267803090004,0.28228016174237236,0.2823435803969358,0
0.23699335658207007,0.23215890798199618,0.2263928068609675,0
-0.20078975322171705,0.2741527515894196,0.10435173595611863,0
-3.962603692163503,0.2686261677703754,0.25847155624921875,0
5.327401875326756,0.25038461418546454,0.09578619365235119,0
-5.405316637999487,0.30613891892371736,0.2468554169897895,0
10.303739624409936,0.296148882371489,0.3337854165297159,0
38.719987797986654,0.13878405145609476,0.5825530539546755,1
54.72053786965441,0.19040180947010357,0.01822404005241261,1
-2.0061023594291814,0.2752441128091909,0.37269821679331994,0
30.06288071460797,0.05740786342126706,0.00698412017196669,1
35.149991862887006,0.057905111352107116,0.94422455947563,1
4.151679082721228,0.25517229338053843,0.18599691484818828,0
1.2801486715693784,0.2483895274256094,0.22318897750628386,0
34.86689595261677,0.1834420065273109,0.7639497796147459,1
4.362286641400724,0.2682505429773463,0.21268036966174417,0
7.690182832329846,0.2943112248166937,0.34889045774449745,0
36.51413484394361,0.13075285557949592,0.007831032896598328,1
3.873170267146684,0.27832692767026884,0.26591585174371957,0
-1.9254114020815827,0.2918741060031223,0.180629582743128,0
0.2910435922299995,0.2867174240219399,0.19868104727645522,0
37.172752913252985,0.045484855057342156,0.6855659732978016,1
9.244780474726726,0.29738899519640727,0.17737950558824636,0
0.3790227909686317,0.2735967138720938,0.12857010026553525,0
23.243345303398318,0.18401101802383454,0.7331740865512458,1
1.6683105264347422,0.3071180452325859,0.2546418187846716,0
25.366106672589893,0.1909962626317617,0.7121420256786846,1
18.337489354025468,0.17535101360676783,0.74745058714148,1
30.66244679967217,0.12953457629521392,0.6685243997176452,1
31.602333239074795,0.11113142575770467,0.03599470940113789,1
40.83243547301164,0.014780418419861227,0.020460792216331514,1
34.971153908973754,0.12022325324080703,0.6754057873524398,1
-4.824617302900522,0.3416862138982097,0.2957645953371315,0
33.64246336981112,0.12311771211100916,0.6896161702506813,1
39.0562817732205,0.1395765894729796,0.6285193864111357,1
0.35783118609696235,0.24783582964043183,0.34899505077473114,0
32.125976935739004,0.20300448699543328,0.7986309993350221,1
41.07489187167111,0.21892348137307524,0.6908721990630294,1
14.225584358660896,0.20351825801149648,0.011949048189694913,1
-5.791823445962711,0.2953925626029188,0.1731962963776429,0
-0.5726992262630894,0.3160124172383328,0.26658138635191553,0
24.47871462545786,0.2028907090410398,0.6864458901184444,1
8.14307772785646,0.2725392662144936,0.23948219234626658,0
1.0704687206510197,0.2619589706814636,0.4119447698629482,0
45.66844546735871,0.18479319195468927,0.7311797561227179,1
12.228759898084132,0.27458560259228126,0.2979035511649528,0
28.576199449188092,0.12706806819494576,0.7676150451887692,1
1.1780727905428297,0.23154604552283475,0.367134179100195,0
7.516991508835753,0.30175287360543995,0.24018328531234207,0
41.26700763221334,0.16133421242472987,0.027707502096187876,1
-6.402146762481415,0.30017721103608197,0.2615910266477513,0
49.240815442127975,0.14541469879274369,0.8581514086299741,1
6.535713771412141,0.32127120439934864,0.25407101614848143,0
9.455190867022255,0.13379659123955148,0.6703935862279365,1
3.2384426905034625,0.28178891109760523,0.1866064063200031,0
44.08994179204983,0.192238718789085,0.8696910948761353,1
46.95341857893355,0.12389342149900037,0.032525407310292305,1
11.261297007502277,0.10563352705721143,0.009439692000333325,1
-2.8186227640198744,0.28511248667126465,0.19717430884212422,0
28.364949951592376,0.1898350963535371,0.004006052378056888,1
43.14736385314679,0.16083415594821432,0.7134759022510153,1
1.0173181793361155,0.26801091443156194,0.18866747297733216,0
-6.2389159098242475,0.23758856509285062,0.345400600998238,0
4.361603183603391,0.2599278178402025,0.22121850833687315,0
-6.397884833678508,0.2749353483042997,0.2870630824094485,0
18.234581778644106,0.15993400047737033,0.6828487793019454,1
-0.2777384944830939,0.3020463335814946,0.12147383194090565,0
-7.1793107558971965,0.2982741436272153,0.2110217148709158,0
-1.1173139266292542,0.2503111559028899,0.07305104709363945,0
-2.820393153683642,0.2829394946041269,0.21860231151513015,0
-6.001482035278881,0.2605216736480198,0.3793770059974899,0
9.405785347202949,0.2949009766970957,0.21355683791809035,0
3.3483627441501924,0.26045929318624517,0.2710789772264848,0
-1.3493746764668564,0.298574627830156,0.20146397641877628,0
4.448153978117185,0.25842540042272744,0.27949865178540156,0
45.57689034708285,0.08207129923712628,0.7241824861968565,1
35.87836389202033,0.18463845159244302,0.025496831862902598,1
-3.2328644212126334,0.23744902801200907,0.21902954801683883,0
3.6083603202161747,0.2921119027100983,0.30433142203505564,0
-3.742432682782768,0.3078352038424371,0.27171962486605183,0
0.051165305097935244,0.270507746509156,0.25273219339904196,0
34.02945802561446,0.21419084299267807,0.6639270836604662,1
40.770897112986745,0.09746883390860993,0.8004581814477391,1
0.1533842800272165,0.21338257555939869,0.9605297429458312,1
-6.304419771675226,0.28992640696643374,0.23979607036979728,0
6.388384109492545,0.34495007034703257,0.1765997743188589,0
28.23263014330108,0.12978190036549886,0.811279074158329,1
39.3399327349642,0.18659777512549228,0.030404308926448388,1
5.51650941008261,0.2772840015308752,0.08199787938787008,0
-1.0884060161361018,0.2792491912376457,0.22434658995542467,0
-2.7946092363579416,0.20409137431761012,0.24070167655024335,0
-2.9969632272201108,0.26536265775562895,0.17342792680839655,0
35.61993172221296,0.12146797848999435,0.7533719054901054,1
6.8431577876617435,0.22100930231871999,0.2911403804814268,0
26.127543110491565,0.11959969285313381,0.014707989901884872,1
-0.33039899323658284,0.2896950314255435,0.29444101170737985,0
-4.879366264886664,0.2603777295061773,0.21273555447054698,0
-3.515882125629437,0.25470260214051427,0.3156275210089965,0
35.942924356629796,0.16135172394324443,0.7470783594146014,1
0.6014781585594943,0.27031960483473594,0.31491172435932735,0
43.31426906981374,0.15279319699222485,0.6868562972516816,1
2.965506289841919,0.28379138738639237,0.27670879732548276,0
30.553006851190606,0.08174891022866823,0.7246048293602765,1
1.8557293668565442,0.3029824083515407,0.33171066363435187,0
-5.106164085653566,0.2876121898448372,0.20168154992246165,0
36.668724783841014,0.1792649718258169,0.7160240992352476,1
47.983817710999304,0.17446272675381638,0.014898391863497827,1
25.729175014925108,0.07999646384084953,0.027289411945704504,1
3.762354946072417,0.16429016433973664,0.006080416190482687,1
-5.354462490305561,0.30754949818006944,0.23556866545900737,0
39.54983742471349,0.17936312067320884,0.8190073676336612,1
27.72195934141112,0.15064143217718426,0.7302379532204034,1
-4.447572148127616,0.302767857693603,0.3289867613271282,0
-2.946823784721059,0.2798178726538032,0.2568254514052019,0
10.377003993227191,0.25758364962556535,0.2568549729122687,0
48.06523585060006,0.09214416906433645,0.021141014922265198,1
46.400189944035745,0.08299639644380324,0.02062331349619123,1
41.60957086728396,0.18133068186315351,0.030921067839824262,1
-2.6549847750090882,0.2928158308561506,0.20687018374808172,0
5.815818760774798,0.24723061705982266,0.19594335366707105,0
34.57009305552244,0.13844652612711597,0.6505644934369127,1
35.707810659075164,0.10953095894586229,0.9584712921231017,1
37.016717671601846,0.17073864453943954,0.027556658387443145,1
2.4899914562272474,0.3313512544042703,0.20613701628075193,0
39.06424781506028,0.15177830370164966,0.7837955554145025,1
-8.550841963283126,0.2722135996724825,0.20954026365904507,0
-8.512918021189202,0.2709046065149718,0.17961485171983566,0
-1.2375931777575238,0.27888889608854767,0.23068020433033767,0
0.4966615271461294,0.24927439527012388,0.2316160295539845,0
4.875598667088756,0.2844600237160634,0.3212306530815829,0
2.462256320040744,0.24916974577222128,0.16221579778937248,0
38.57790159188631,0.16053342326015554,0.017224863811397664,1
31.537415649491543,0.1730135812491152,0.6396815618766907,1
15.661191690766065,0.2207093644165545,0.6454470514325947,1
-2.8114376462048636,0.28593732350387946,0.23449390889817573,0
8.773970909921823,0.33699645804685646,0.25191224346279645,0
1.843366544364506,0.3009086321353221,0.24635902037590063,0
22.404134013080707,0.03897894955324369,0.7199019687606778,1
38.8494287111922,0.19044596346963596,0.7369074194873874,1
6.392259313036494,0.29108926576594285,0.27636069884584075,0
-1.104847997666113,0.2976573521326183,0.3209832669813394,0
52.36766839270168,0.1557912293613473,0.006641375958313866,1
-5.714851489153116,0.32092421289921536,0.28902978278968594,0
25.72808665675011,0.17470319594877598,0.6021453063001201,1
24.718734874078486,0.16031808856627253,0.03233724278336193,1
34.549152260246224,0.1501143968071752,0.7941746736377557,1
26.260733571120642,0.11117504297534998,0.6606253980916286,1
-2.855894948913984,0.2751079910816871,0.2767341133795918,0
1.7379085268083552,0.3042417339484344,0.3573180732424705,0
29.029149939377515,0.1012596712038579,0.8452461970536169,1
26.158758368628536,0.10882325146870751,0.00032674935774005485,1
38.23153703096881,0.1408073053420395,0.021341664159958435,1
-5.040431554587021,0.295478176531123,0.30209089934589256,0
-1.505518477946444,0.2788447459149788,0.26218838976269776,0
-4.907543255239755,0.31639293099937554,0.16302032489097582,0
47.50069596870622,0.17977454488196287,0.7181153644505269,1
-2.103226613826795,0.19311233865418936,0.17783587565139916,0
10.690305522663477,0.2177786467855174,0.6750828273396758,1
55.43807131901645,0.17589973881957258,0.031839874431968895,1
47.43305181255507,0.17939279440688674,0.009307455062449203,1
0.8728890641591948,0.24839753310479035,0.30107135404867064,0
31.590138824854435,0.008124677930131038,0.7445221639661175,1
-0.9516933904180409,0.3162509869177943,0.22761918652033325,0
51.35075423254942,0.0901016785391369,0.554266141086601,1
-2.654343864601603,0.328467484706447,0.0803439877891947,0
2.466589504404446,0.2758765445611693,0.26560199872225015,0
1.119420121395657,0.31445337127590267,0.3664657857717413,0
19.482301474896225,0.1352878747181771,0.02217802339748726,1
39.6597440650814,0.17716954139359048,0.7327370865709165,1
-4.473036511097519,0.3068511494222835,0.2060367780323572,0
37.04556525195885,0.1389243368523938,0.7607207962040133,1
-0.17913019554975765,0.2823046567318077,0.257092607276915,0
45.51746774603522,0.19865507805075358,0.022232809132553707,1
24.524466914555596,0.1238134348614289,0.7323887566040137,1
51.79513574174952,0.17365191410801076,0.4968230683749187,1
35.22582859688718,0.07242438754705352,0.024755884359285826,1
-4.7777022030021286,0.268815005437247,0.3875502324965837,0
37.703169406970595,0.09053837674614354,0.6885461216308905,1
-2.9619696211943456,0.3008916234237015,0.485927554024698,0
19.94092798397249,0.13263488555210784,0.6663908329780374,1
25.52793793136391,0.10869440041427289,0.019080432173957343,1
25.704620359777017,0.26960548176369964,0.8828056888986967,1
46.7337865962344,0.12694151339826903,0.6303442071383314,1
38.83429604939546,0.15954582620718552,0.024283420506607253,1
59.63566429401995,0.16443640015049182,0.8941942401952601,1
5.493884259935951,0.3045329889760086,0.39361690847298575,0
0.9826058485073507,0.2956336728513802,0.20768178335487877,0
3.1142496617374937,0.2572961473429162,0.35723688414322785,0
45.96525945662703,0.18406811632876527,0.013163657177136124,1
29.82649316509881,0.13853088340722663,0.006194012941003488,1
-1.01096326216947,0.29424094698639863,0.32101243406990687,0
0.32140009547731385,0.28131434415937334,0.363568240361091,0
42.096190901100805,0.197440654823581,0.5979713207759391,1
1.0550873360130921,0.3132124200786092,0.1845257067246399,0
6.316347590366744,0.11359140495150921,0.00602194521575703,1
47.32383515983679,0.15989583336710378,0.0,1
28.393376819498148,0.13471946929230982,0.02687932972051428,1
2.6097078280844883,0.32783515189674917,0.2417396191880762,0
12.919067065930967,0.14603057877971484,0.013076492257662059,1
33.88466952063694,0.1402150734426549,0.9266511800327634,1
-7.615934523918874,0.2524184622524073,0.2701792317141342,0
3.251005889793305,0.28807380823735323,0.3012383836160659,0
7.752502464070385,0.24568821378038017,0.40233092716584057,0
-11.055676545039425,0.27893075553107555,0.16104263793806692,0
-2.1627909390981044,0.2559046314795897,0.25027004052777285,0
37.27375785465297,0.09102701677461097,0.02415826629455343,1
21.16001116153106,0.16537017848598443,0.7821291470757388,1
54.08698487141421,0.07089116183269363,0.03768169293059784,1
40.470850342048436,0.17399135176834163,0.825341946350243,1
36.69179239534472,0.1775942985911077,0.5828830227505934,1
-0.7589254751779162,0.22491383880690113,0.31267124074260766,0
44.38556001837751,0.09539292032856334,0.004177768332535223,1
37.452668379235725,0.17243178822572636,0.7447494931461348,1
-2.221466300380557,0.28062381123026225,0.3460063165141489,0
-7.24006950208122,0.26604068629659844,0.17886073374173403,0
57.76746433727734,0.24246810706931904,0.6501787741488595,1
39.44073338322747,0.0889839655028012,0.025402879440356955,1
23.982476199001102,0.19594574273291646,0.014998021829040045,1
42.32259403507067,0.1602379441200892,0.028280588148933094,1
29.985085450809315,0.07145592714370438,0.023675104105406027,1
1.1106688581685638,0.2880137995303445,0.24355202005625912,0
0.9554953400995168,0.27678093567987316,0.12862610426626567,0
33.99538448180945,0.16256583241190511,0.9090403568573638,1
23.572203431134437,0.15552676587369701,0.6981930980524943,1
8.85400317817755,0.27472342562702995,0.2863792729712908,0
7.480221557445915,0.2724293949362114,0.3519900033022978,0
11.29414674539435,0.1442598875620468,0.01696373927101999,1
46.50062983810451,0.18959296551940338,0.007834191958642904,1
40.11012390355795,0.2127701804729948,0.7952067838259671,1
33.87636573512995,0.15113154263384346,0.915330963717853,1
-4.306421006641318,0.28553653909591115,0.36549056027750515,0
37.35357750828689,0.14900631823158442,0.01796538858919695,1
-3.0010843857939733,0.29179953518183116,0.15809647718730752,0
48.090340047244375,0.041089434013428475,0.002531043086544451,1
1.6135928016904475,0.23563265293677618,0.1079011813681344,0
21.058593873051635,0.20730150720710325,0.007257678809232049,1
-10.125712933288035,0.33033102442229323,0.25114184542691476,0
-0.7783861769603974,0.27388978749469106,0.09960604918887639,0
54.84340722190742,0.1481834695978829,0.770507533923463,1
24.722021151089614,0.18297256205568058,0.023416602319526265,1
2.575238431530239,0.23792184184600923,0.22495535755814766,0
25.205393065496423,0.11568604321224576,0.019537387827336574,1
37.79344091528196,0.0964904218552834,0.01794715980503749,1
1.6563171570178197,0.296308004637833,0.271004906320154,0
7.647751597303069,0.25460930035027385,0.28705478362140674,0
57.68528822186939,0.09850940757290774,0.9222155097808195,1
32.655315785875715,0.14292371233165257,0.025061576554607123,1
30.406193724644375,0.2160207004891917,0.67329325445997,1
2.008558610494707,0.25080793177355337,0.339015069999194,0
-2.435626918823481,0.26640315852018176,0.18396715760168358,0
13.978054318979371,0.1896909233571908,0.02608735589124417,1
27.65399699414215,0.14313445171055603,0.009263113410822475,1
27.40693964137953,0.17126606541650552,0.6560032170849933,1
15.120521507866714,0.24283237182809775,0.6095183056072493,1
30.569513594630646,0.20638901253169492,0.025042878533842725,1
33.32723359204119,0.16538383267005569,0.02739675468117834,1
50.11079887744159,0.14959433991941248,0.49464504039441015,1
5.714114072575103,0.28603297140144907,0.045013307296375156,0
12.705182583220553,0.14712411234972683,0.012410293010966555,1
44.01319345408772,0.17833858630920899,0.726355116326414,1
-3.3131187947292333,0.2732054770345051,0.27939853323794434,0
-4.53781831020799,0.22400390148780824,0.22960353651570417,0
1.7855628575587321,0.26952226887044717,0.2980965399143292,0
1.3951076288516961,0.26371978600797935,0.3978887066637129,0
29.586093699092014,0.12411537135653926,0.8677184963184339,1
-4.19860921090388,0.3003377761401781,0.17289928590315112,0
35.4132921404701,0.19010642293090596,0.01815854184316798,1
50.304688855988175,0.07781978689151174,0.4600486120131518,1
-4.042468014465938,0.29145806356694665,0.20595705204067333,0
33.19708413442089,0.20529165331473564,0.7967950422131852,1
3.1417275463213996,0.29799786189988614,0.3179281688594515,0
7.896064077536957,0.306855796600832,0.25009643802897796,0
-3.628719065767328,0.28715106948204355,0.22627140327441614,0
65.13867861901308,0.10169216383147914,0.8102580267978341,1
-0.4764776619347605,0.22596826797541786,0.3048406191032163,0
-3.6546501997095953,0.30338981596808023,0.20323058154742404,0
4.775711602506191,0.3310664483390572,0.18345422334156442,0
-0.039863206583086876,0.2634442556232266,0.24889298031246102,0
31.373832956208542,0.09027385301169824,0.022787998123854607,1
2.941586032422881,0.29523973980737633,0.22987688911644033,0
-0.22793008177748902,0.3137815075231651,0.2350483073470412,0
10.014815561732147,0.23178989030679076,0.9189188933651679,1
39.80577663807595,0.11637572019968319,0.018584703626621527,1
26.508489262135686,0.1694187864615084,0.02008783654898148,1
3.0300497567281983,0.27276227036144374,0.3336070779267803,0
40.96248308609117,0.16053004196488208,0.8587710426157866,1
52.431400945834156,0.07773973677938871,0.023831681897589004,1
16.48638181748425,0.20480349537386994,0.008661696431936459,1
32.2702848805591,0.21550959540404485,0.7346094773025312,1
34.41164790994356,0.13905668741321872,0.04394361900582451,1
4.613046977363776,0.1923441051942457,0.030371588986582432,1
39.89663416204107,0.13756920731166614,0.7702280407621219,1
3.958313469814679,0.27567737332835157,0.21903202380204792,0
-10.337210500199383,0.28543064676111124,0.1466189843915505,0
3.109049811085982,0.2577258824290586,0.2107077002286316,0
49.62764947752396,0.15399007420293664,0.7758769805243921,1
22.398311124774253,0.030402189784348797,0.6989010829804273,1
38.20182075554482,0.0042872005091529304,0.013802278717461224,1
7.267670385786584,0.2770498111961575,0.26477924631165795,0
16.4124736993583,0.21101414482088587,0.014882364420576966,1
-7.783145867619519,0.2922945597078554,0.26994468765133833,0
4.577010588510371,0.3109085036209553,0.20934878418821512,0
24.31618582376154,0.1737682805346005,0.02256170605694278,1
40.13823497372692,0.08326946965448837,0.7684309064078103,1
-5.17621161209687,0.29143475154648335,0.26915236004283016,0
49.18269311551954,0.19617543080236843,0.0,1
5.154997612479755,0.2634908453846374,0.1423303261221428,0
27.47223864858437,0.08237456552796389,0.6900178606082938,1
-7.5157147655905305,0.29357115388749205,0.19783288891255515,0
8.761352217118114,0.3256394815576736,0.12481577829103559,0
-9.33632596295874,0.28929462130681083,0.19819665554918725,0
12.31621056242643,0.29487045663917816,0.16982500353748217,0
-4.834880715646065,0.26119848326230105,0.3085993682223842,0
44.352188046863986,0.16382907527955243,0.016647559181319733,1
2.862913906780793,0.2576529206558065,0.2375792760940201,0
1.3834539966500952,0.25738106233399977,0.18318856786959817,0
-6.676721793550506,0.2775068328211392,0.19801878185213864,0
-4.280419129544336,0.28258431649139126,0.2449180340307716,0
19.409403638650108,0.18277019149251184,0.8538606069208816,1
-4.540120377606056,0.2703895807541704,0.3008334424167381,0
4.857854754771777,0.25482370997982984,0.246521844014891,0
49.7600068726298,0.20125545762908867,0.824698084010471,1
-9.760438997612509,0.2400630113932667,0.2869648714601517,0
20.325259765333232,0.1892001389655374,0.8723948753146005,1
5.292122434247939,0.27336239129242684,0.33994826878964024,0
28.596796322729997,0.14652338568788653,0.799288397185187,1
48.462294274765654,0.15772468327976255,0.0291041849968557,1
5.457534259612309,0.2964020070460414,0.3000504746916801,0
9.261390922544688,0.22994247778367233,0.1721163040236425,0
-6.401521993354472,0.2892415161851231,0.3297256408463558,0
-6.740927110528565,0.3021643144266251,0.16528739303547196,0
-5.008100049474578,0.2905434462262475,0.17384652319822116,0
-1.5763462232017278,0.2711515096512392,0.21239662817923988,0
0.9827738825578731,0.30690517947596596,0.22430057871056708,0
5.790554367500339,0.2518199381854374,0.16266392990885487,0
1.4488742844820643,0.27935898116954694,0.168888323816597,0
31.389683034310085,0.2279394592248447,0.023344385148485216,1
-2.6136151025951975,0.2905189029782068,0.2809446816551362,0
25.215492460206544,0.12168027043926383,0.7144025915614167,1
56.955442420593045,0.1468438493444376,0.027436517755401735,1
1.2184360574595616,0.2800913806046025,0.28367783555115117,0
5.470957592354742,0.30558321025366664,0.21164056260806052,0
-6.602283065421382,0.2367984735221712,0.1837202380175803,0
34.996235928658706,0.12677094609421907,0.0030772916835667143,1
2.5967325712058615,0.27954070452481017,0.16765027934543428,0
-2.591351091368237,0.34230243950682526,0.06630552374902095,0
1.718091447842307,0.32429621049177687,0.22376842267896657,0
-2.6525057380526373,0.24412350813894448,0.30466631942488553,0
-3.571757090131839,0.310294512680279,0.2006910873568418,0
3.1620386952776043,0.26132051914796645,0.23585806695073744,0
46.25498645012786,0.1460884670470741,0.015111138809563088,1
37.22210644195897,0.16218286118513572,0.7335758014967968,1
37.34578077863949,0.10603586087940059,0.672654415596657,1
37.66747826961025,0.1007230199639535,0.5955566151751756,1
42.15729365098103,0.07275313266616205,0.7436426460813879,1
4.630887737658207,0.30335083228499915,0.29564903977756246,0
37.709138277341054,0.10027857391001038,0.8364824438491012,1
13.600845832948094,0.24689232048352688,0.25054398756479984,0
30.964943135827138,0.29073272222362767,0.020339027236823376,1
11.372922291007002,0.16474857278544108,0.7892913510548216,1
-1.2061802892816493,0.2268090259537936,0.3464795613237453,0
34.35314181193113,0.09362519505234805,0.009461645046356545,1
45.73576625088647,0.1447090621251151,0.7393805909960247,1
1.2986125086074094,0.2653345173464118,0.41452348518636334,0
-7.240421707486621,0.20338236595294137,0.21169300351932765,0
35.93771675563577,0.07836643551301735,0.7454745698035663,1
26.220419133097664,0.13406258423769335,0.8333603204837349,1
18.539915633234408,0.11309714581693041,0.021616985267047528,1
39.170739365642625,0.0995775633726325,0.012338791693893292,1
27.630529219900204,0.16115765273738483,0.6063746135071882,1
-4.610826620888127,0.3212462925744456,0.2995769156772909,0
35.36037774996898,0.07440582902183931,0.8126538363336943,1
4.328775970850607,0.24955729807921403,0.1248606710631159,0
18.610110135014732,0.06694582922164136,0.7602917390523237,1
35.22081956940126,0.1648622136690062,0.011493867470480522,1
19.58498881160037,0.1757031276212388,0.7513043374376952,1
4.127081744940149,0.32170622647051944,0.2684056607353122,0
0.37047390209887593,0.28847739851464904,0.22043784569333133,0
40.15208987362081,0.18354556241384376,0.7269413601476387,1
21.894036407382924,0.23497179915043548,0.019787552207237578,1
2.7354869058501885,0.31257686697494735,0.292760451878444,0
-5.916292563328875,0.28922220093427303,0.295168474071488,0
-2.8683100344011816,0.319513452020196,0.15595243155001187,0
0.12255087129471348,0.2748116182022973,0.2375281457650666,0
-10.19062267588927,0.2820097215167462,0.17033476841678166,0
3.802073280721487,0.2922115686137361,0.26598483469749706,0
-4.285787782081413,0.321760068590338,0.22140436617516582,0
13.473290025585317,0.16383003827555903,0.8260506119584142,1
2.3573417856799788,0.23685166065047902,0.3131245349900415,0
0.4114199463771209,0.2736660928351692,0.2815037838573001,0
62.379822038466116,0.21420478969740586,0.8172389337611382,1
-6.257697120952221,0.2528280309741215,0.2873336785572865,0
34.07334745732345,0.09569727089409567,0.009214872586354029,1
27.628122270844468,0.1096811535440975,0.030338810549242087,1
0.66484837073438,0.24781770922780583,0.23442421631066546,0
54.58228278906931,0.14275477104592843,0.5928847648882117,1
4.497999377166254,0.3075722944896331,0.2834718576710947,0
-3.3819615102963487,0.27407984739078023,0.27820039746855035,0
0.17631775985864306,0.24327105291131906,0.30941459346877775,0
37.599499704855425,0.10129390768918158,0.6006490221746856,1
17.398577712611875,0.1495355719216092,0.8216589339759652,1
0.9167100286917587,0.3111971406218823,0.14391618511343693,0
0.14159188065229655,0.312280214157958,0.22122962620380301,0
54.79377073188705,0.21755364462065696,0.014860993733511569,1
2.020254284072692,0.2488028221862341,0.3814138362604771,0
-4.952681625653442,0.28907906395717103,0.1555349747752924,0
35.3414909741979,0.14755174845707747,0.7116125258669217,1
4.9216119923829185,0.2790031002806662,0.4275024186758507,0
-5.012646823189044,0.20226873123565273,0.27090004249870847,0
23.17035429598608,0.20730137875067076,0.8079346759756776,1
-2.6226013313988683,0.2528889441780962,0.2236441770922327,0
7.234889421768664,0.3283666188476628,0.3891081081482665,0
21.565446459401976,0.138434952853515,0.6400955248445127,1
19.263657453273602,0.3324873022956082,0.24994331243386833,0
40.95439024835979,0.1205333884286319,0.7265075728479026,1
1.137299673020647,0.2710730948992003,0.2631808672989213,0
39.26802738275875,0.07639814634866042,0.8197586970339199,1
56.556329875123566,0.13413247538787326,0.020502276991656805,1
37.54512023689011,0.052531412233878826,0.021553249991994015,1
19.759266935455614,0.11253211552886111,0.8358139070934016,1
41.26571055120723,0.12453933187004326,0.0041757202597636,1
34.092012748090035,0.12336372508915482,0.019420922501230915,1
13.482722569585079,0.13761237908801452,0.6229048278907717,1
-0.48356555935196194,0.2763885650813921,0.37258941797424927,0
32.112017905637444,0.16321341358228184,0.005930565994868306,1
5.333373447945769,0.26690842328420294,0.311456577330539,0
3.1646590887775554,0.28780965516313667,0.26552861047626863,0
-2.3170884640623113,0.3195218219690298,0.12139521085048206,0
45.466364000875735,0.140456389022341,0.02239627518238998,1
51.61438457112688,0.10778379814084642,0.014087152111981055,1
7.93008408072676,0.30124326030065773,0.3455287522437898,0
-0.9343582208067952,0.2655081684494968,0.24065872673638028,0
32.0878246782556,0.1595948867936518,0.7797462053117817,1
-2.4650046732941657,0.35478998552298374,0.3283086440625436,0
-4.746994444159715,0.29533607798574946,0.2440841947513286,0
-4.948024101292904,0.2665803431302375,0.36226959761001526,0
-0.49587931889691456,0.26970423173507774,0.2347597515201751,0
-7.57872057498616,0.3043242481947935,0.28871013209504315,0
-2.517378270580996,0.28986287230910446,0.30745485805663475,0
25.970777151763578,0.17457528236233918,0.5346269426208539,1
10.461936378427302,0.2945950493147861,0.383959394667803,0
13.184249295354142,0.09506897874110938,0.03807608507769263,1
1.912048730920253,0.28278534703423347,0.1565776358985652,0
3.5450187879425616,0.29935646757850176,0.1654753885791798,0
30.537705412656013,0.14620642746574883,0.615182295457251,1
-1.9385077996799203,0.2301252403589298,0.2253753223088893,0
-5.132576497055301,0.30243730768352606,0.3096004250301825,0
-1.5477321965699513,0.3381678699717486,0.3645093425464947,0
3.794846102466336,0.31743226218021203,0.2712702583721639,0
33.19615447673753,0.16395419291725924,0.03399486426972343,1
35.55203296703929,0.13566028821308654,0.026596499980823706,1
-5.956517486013243,0.30945296460974786,0.3525315036003015,0
20.574205687086934,0.19809935945359206,0.7546006386736341,1
-1.1048208691483197,0.2607555521433115,0.1595837020260861,0
3.374097460833018,0.22354452863507085,0.1286685960463367,0
-5.060521876300839,0.2699567400368038,0.38599658996611047,0
2.5045859381219038,0.32540349229726395,0.25687144050346644,0
40.33037992748806,0.15512423210791038,0.8845147620452415,1
37.14171996662468,0.0956936850409295,0.653329810929734,1
-4.893818578911537,0.341724864091351,0.26690269538235784,0
1.9265868986441839,0.293214242138812,0.19704142577627126,0
20.933194958760318,0.10107502270666967,0.022138087939410633,1
10.051022693831747,0.2676755713613625,0.34831844019912495,0
3.558074390444448,0.31984582425547176,0.3155022115003889,0
1.4806013853228803,0.2823590557094827,0.303638449379297,0
12.106309305471308,0.10682531975175329,0.8723855918542593,1
18.530413425390787,0.16897026988025549,0.030901834710204468,1
9.328872555723782,0.2593554896446683,0.21998428957408503,0
0.3375924070505448,0.29523507268868876,0.14388222973511336,0
20.392607693354247,0.0802275747622464,0.014929913407299442,1
1.5562507727176804,0.29258597331721087,0.3662608530656828,0
33.18440935720973,0.26718270264063126,0.6934607029714599,1
-13.254849041965059,0.30521860079513663,0.2941839950143619,0
37.49363008823976,0.05252191411228163,0.7309553814070783,1
36.893137271525234,0.21800579500901565,0.021675701058009905,1
48.647774508376756,0.11037382764423936,0.02889153824787806,1
-4.699398931636776,0.29759092056265285,0.23124737597469425,0
1.2721042165060656,0.2551935893788042,0.2811691341896723,0
-1.3232841661897803,0.2503422667854725,0.41188849753837115,0
-4.492073356741789,0.29379916428817354,0.10230497102095248,0
-7.392931228899208,0.25796225269605855,0.27245091235921093,0
9.732236697916106,0.187828233745657,0.018166992904738027,1
28.70519583479539,0.22034673729458754,0.698133328037879,1
32.45999621682588,0.15928442902093695,1.0,1
25.267989636453862,0.18186623415115363,0.005957604337384113,1
48.84680881106897,0.18917948323993033,1.0,1
-2.586442250501861,0.2760622909872309,0.2276893284679395,0
26.958617594549203,0.1468675888939089,0.6815508269387203,1
-0.018012695452842016,0.30859375136128264,0.1176090051017363,0
41.03341312274233,0.04682984237602726,0.7968978078148468,1
-3.564228913385822,0.3189098363968333,0.28705650336792987,0
-8.037416172806138,0.2754983323890242,0.2638673331496327,0
25.45331518470941,0.1291284809005284,0.04918173555060092,1
48.21587549282915,0.12585862045965407,0.7501109944687293,1
-3.0639434524219302,0.3191302072863446,0.2826885846161414,0
8.776704212216021,0.3121752201192941,0.34356719939422187,0
4.115852919809573,0.25134632261951945,0.26525084730120196,0
43.184833880751576,0.14423878837239013,0.020978271747079228,1
0.14878069747871617,0.2806393494601583,0.27408858713533935,0
33.813857585128325,0.16742975599304902,0.6831856951672233,1
0.6461059098761375,0.37579322703534584,0.3034672390974465,0
1.7850774298252368,0.282454880756427,0.1835644474754748,0
-3.500604074695866,0.2871774059233345,0.24486494583132018,0
37.777351070306864,0.0939378129952804,0.045393816227828614,1
55.02883430991598,0.09862982242369944,0.7272280385164247,1
-2.648801018835194,0.2722287356253789,0.21374012727815891,0
0.8568414059498525,0.26623347211393183,0.21725740495095167,0
15.796746745955481,0.1471302317462982,0.8944412195055087,1
44.13015985173773,0.206118710935158,0.9211028809190788,1
0.34281487403013666,0.2926576226270586,0.25156933261551917,0
24.675379870645976,0.1484398255530458,0.8193923233191258,1
36.31290166199564,0.12612946469035996,0.5195788064056033,1
24.633404472922805,0.21173759570223977,0.8271401794903767,1
30.61392875617681,0.2090783858209573,0.014612391626539043,1
23.42353489099142,0.11730508058372117,0.01725197695247312,1
32.80219434736046,0.041516129113714884,0.7149221794398446,1
4.816880646221609,0.3106771129602892,0.3764432549254699,0
0.8543271906397093,0.25193683893866214,0.4070069752424636,0
-1.0406112517863766,0.29165735813592897,0.3891119731038063,0
45.80478306074076,0.10715740674361002,0.02698919685080789,1
49.87500807729874,0.12701716138635014,0.005889431689339182,1
51.72145433029318,0.06557474059657499,0.9400268424310965,1
32.80917230744551,0.15643087252024832,0.7679622272631923,1
14.751867834671476,0.10876938747826194,0.7029796661214689,1
-0.37216714550023144,0.2671209332644822,0.24505886401118968,0
-1.0699442211275447,0.27375649428182386,0.2372763831679959,0
-3.59222110626218,0.2389936390475374,0.3054783129531195,0
30.05335105970636,0.23740685345604176,0.6144029655140036,1
8.382186561376413,0.24237131730492253,0.13411268682931646,0
0.9330456157817906,0.26137457205246656,0.30349238438063253,0
-2.2615315962453835,0.3137233815995804,0.35109653421237347,0
24.860702736878043,0.15789871561257257,0.5919396059190831,1
29.54542737507867,0.15537221871704462,0.8363528242521521,1
42.249450675062214,0.159812047033336,0.026544310271056214,1
23.21235703547222,0.20639544966267848,0.026590543439134195,1
54.30537026881248,0.20831852728346262,0.01875714222837564,1
-3.9162664616811855,0.31568411466773927,0.2581485036209589,0
-2.7682465267359104,0.3186925826224824,0.2899748088242347,0
-3.8367378144402475,0.27372028968544404,0.36587993839143407,0
22.683569508009295,0.24741713223949063,0.6776035269532212,1
-3.3858085575605585,0.32472178410549857,0.22143766393547124,0
38.75821368637976,0.1542084115092848,0.7179614940563206,1
38.864987729203825,0.0865000701303062,0.8868079350488601,1
30.484391300900047,0.08334358226110966,0.020795735349421657,1
1.3352513293462942,0.2154455379601209,0.2885653381868309,0
39.667744752226206,0.23148210655563994,0.022016529051292547,1
18.974221170801307,0.17962836369236654,0.6272320035543942,1
18.25052957369018,0.19353733222942016,0.0019295860506818375,1
28.03222036935259,0.16634277003052186,0.0,1
28.704051115198364,0.018759147181294376,0.027451508642848173,1
-1.5388911747650027,0.3319754499845528,0.20717319303870213,0
37.06705263693245,0.14283705423179036,0.7223328228280854,1
43.875837820696056,0.09522403055772187,0.7743134655138489,1
3.1205990852607757,0.2437091577147668,0.3056430206052622,0
26.20212563468004,0.25981115710763997,0.7355121438052113,1
1.6208317624422106,0.26171463393522154,0.20533585968431756,0
33.17942679707325,0.12585450802697412,0.6907759155187185,1
40.498017377464386,0.17957210758759273,0.030469117944881396,1
10.778145627336345,0.09769394574687477,0.8727034597048873,1
9.483964913269737,0.29691727360157083,0.1493937712868307,0
1.2098113578301706,0.342257826178758,0.18846861201701615,0
46.523657555377646,0.12757285817360695,0.5291719223771748,1
-4.079051424827192,0.2884357427190813,0.24392391810859818,0
3.4810318240670917,0.3576869092605584,0.3221821739029318,0
31.005675147409868,0.1639633919108263,0.0046846468475635695,1
-4.634652357890415,0.2967498073756517,0.28493908413868074,0
28.689443889257554,0.12371845330073077,0.8341780774784012,1
21.661037005837386,0.17052750426638083,0.7146314240432994,1
-1.9666940616368034,0.26998541530731973,0.2160610933281565,0
-1.7134379704017437,0.2682472555286854,0.2708353810666845,0
2.219097140731142,0.2588496443272478,0.04166289146982926,0
0.8322610410652799,0.28479569175992203,0.26734204510101034,0
1.6722839499351259,0.3138011541048275,0.1790655262173234,0
22.80945407612026,0.1869590247350784,0.030821123129931405,1
4.067586086848348,0.29792200209549574,0.15087143394768793,0
5.846477952228364,0.2767117058822251,0.26723172043650306,0
39.557211632490755,0.11206173710323124,0.018097591555867844,1
-3.0199259335791027,0.31680799671652926,0.417075421829594,0
-0.6507152718384229,0.27439086091043663,0.16198766136226442,0
32.624747252183816,0.0806065724772099,0.7934941038367899,1
41.16337357077315,0.07020530157129432,0.012241251768335163,1
28.98317423737236,0.16534905363431188,0.6578548976571079,1
1.9722607118914843,0.32478065706878567,0.2762256938274468,0
-6.154321582169776,0.30103518226932696,0.1325979787398048,0
44.518108258624125,0.16454736821697427,0.8123087347889095,1
-8.3076003113448,0.22694681903311448,0.17588950960147692,0
-2.3596593289471675,0.27444137023366877,0.19805015693428593,0
3.716320470113575,0.29846102452039164,0.3685330721970079,0
4.16961077274452,0.2707237276885041,0.1884003147042034,0
62.694995007393324,0.20921283225980863,0.8862132403685079,1
16.432352132739613,0.11850577238180947,0.018301476423222694,1
2.572194170293745,0.2724750095063486,0.15813893689979053,0
-6.07094306393866,0.2207360030093839,0.303499332447401,0
35.21135902320389,0.16247740947990386,0.5064687668217112,1
3.148144209618061,0.28965093418588045,0.12975357585921454,0
24.144627500074808,0.1879757443743054,0.708948151727027,1
45.96168478420888,0.2020030909951288,0.7720583537737361,1
0.5546129485493304,0.293089710090221,0.2647079635802956,0
26.31211601908869,0.1565345012232191,0.0015342695219558288,1
-0.18817351212424188,0.26394015442138236,0.27941194343931375,0
29.346504178185455,0.1816663413035619,0.7008043095130517,1
-6.2286938935599405,0.28959345802427616,0.14094607963257516,0
1.9203272446965363,0.2998864380600224,0.38996671233643365,0
-1.0955026440443212,0.23930254586129787,0.24598363063666043,0
-7.627625854623695,0.29131301181706565,0.2568167559707121,0
3.2042143063350492,0.2535437604631685,0.15065915396147006,0
2.8148461834528544,0.27989876627767146,0.20102106123938,0
9.38397906279033,0.2514001417522387,0.23523797138753202,0
73.91711563513678,0.26941859964352194,0.6181031501697489,1
26.664795570042266,0.058182010811480125,0.779845181398144,1
38.796299858433734,0.18654794881881082,0.01799360701174568,1
1.4458432195390905,0.31797123522594106,0.20289065386090432,0
7.615149282040127,0.2605918966688328,0.22536307762887678,0
31.038558872402596,0.12711833753311924,0.8522841471550764,1
51.44643372796056,0.14972198531759648,0.028438395096417372,1
3.7875385502365253,0.2918401458946895,0.25303502683580814,0
2.975785127184568,0.29589078263070195,0.31231492028096913,0
-1.1706847847459028,0.2918045615626525,0.2670634965898351,0
3.4313009518725677,0.299013306427963,0.30953535771999496,0
14.80809567052777,0.19972236877544536,0.8091136117923933,1
-1.0152269302149635,0.289053756994584,0.20481807966632462,0
-3.576518546299841,0.3089163735038473,0.1006768038911507,0
0.9843061793456176,0.31141294907836464,0.10847392760887054,0
2.649020889576414,0.32983777643643614,0.23263863596605036,0
2.524936394902286,0.2625495725815407,0.40811524676123884,0
6.0325448325417845,0.2968275834382372,0.22700419844797157,0
52.93925872943883,0.21359462109693284,0.00801048602006124,1
30.347601003097267,0.17403722898839918,0.024877748210843383,1
36.67864679406953,0.1573467649193344,0.8172293408040402,1
-5.613610107811493,0.2635382527677712,0.36815475408946197,0
19.48849583417285,0.13245752849617626,0.6687454229878015,1
25.092155806374294,0.18117035691399577,0.021007910726448063,1
50.48773353107057,0.22263777725630915,0.027310006267854816,1
-2.7342947062019607,0.27645794419026765,0.17839441261787162,0
49.201924002679135,0.1371829660813754,0.9398734981355239,1
6.527394035771645,0.28031057859530145,0.30327394016435694,0
5.79664901682124,0.2657528903013243,0.2304735621060639,0
35.614374822573026,0.17064994560688987,0.6117982431307563,1
3.2268797479257376,0.24865572417936901,0.12751139979554219,0
5.187699721289497,0.20911202693374487,0.31787447057642276,0
44.22607611162677,0.1654523721516327,0.02102858577932334,1
9.410122482375169,0.30757686803725615,0.25670613023434885,0
23.651047271638625,0.07285983908785501,0.014001779766801507,1
37.690596851489516,0.1649823843918674,0.03071080500402805,1
-5.38872388964653,0.2755899399511454,0.2019661147409036,0
25.930501998099643,0.055499491440852845,0.6933294891944947,1
16.451242559711204,0.09231538593300707,0.6746137886309038,1
39.99735245721743,0.20029622558982083,0.014428694274277688,1
-0.3600506079016692,0.24115955572837286,0.05489462733788567,0
-2.7219136226259133,0.33182629510302136,0.00843902753433397,0
1.2994139712421173,0.27480784527148394,0.2321438196292156,0
-4.302066826419762,0.29540800319709154,0.3280653375475767,0
-2.1986552913708746,0.28440379035956653,0.1991553726876477,0
30.058119572436112,0.19250396662087765,0.5376052417299335,1
-2.5087852179226826,0.2929012494157321,0.1523430059268673,0
30.679528774916207,0.2240980384218268,0.02307832372513885,1
21.631442598056083,0.23081500213609582,0.5757228026118959,1
24.28654981409739,0.13686266261567478,0.009680337161528205,1
33.51525264470197,0.10627821758300408,0.019802056554792922,1
25.016540990066588,0.09115189436150159,0.01898005283364068,1
40.187155407609865,0.0740544587454966,0.009741318940305237,1
-0.543800742284288,0.28358741105242463,0.1282112651025687,0
36.33647122208063,0.04900363339219317,0.8475713377669251,1
26.258460539835887,0.06576662113868065,0.0243600577522258,1
37.285086679100694,0.11094218109344428,0.020062731561844183,1
5.140071759044126,0.19311117559434884,0.7958994001674291,1
22.690967796316674,0.18517139583936543,0.020618833528871353,1
33.01242307618841,0.18579363723454795,0.7957324281086765,1
45.29617034362575,0.0905518290232519,0.7587016480392387,1
0.5321511384594841,0.27931395813103355,0.14062897548318035,0
3.4507199585555623,0.31589714504993477,0.1996589285045769,0
-1.4950367523293393,0.26715654517102266,0.3463107549735053,0
1.8784900917283598,0.2836009398015479,0.349115708235155,0
41.88493305205296,0.20867211383162224,0.7795232575040603,1
-9.024410503322596,0.3126624585911256,0.288615030976737,0
23.358508875444276,0.05443415541687478,0.020160252822951606,1
4.656400595580993,0.2598512989618585,0.18445937122228018,0
-6.449804498705269,0.3418757475772944,0.16739808771779682,0
3.736468025616309,0.27475120729913777,0.21928229824381187,0
-1.8180610610692793,0.3012835545141712,0.2026115235478357,0
7.9659331331969865,0.3361989332865264,0.2827810236767598,0
3.837173645764544,0.2990551540504591,0.18463290951454475,0
-2.311376443525214,0.23458856822161522,0.1696756322526392,0
49.36696308374273,0.16966535250026618,0.013433106543725868,1
-4.127485983962558,0.2615979200937718,0.2900532577104968,0
5.285611131094578,0.23270823529047255,0.2492559743089099,0
44.879358988132466,0.16921010360029481,0.018751131146499327,1
9.430929506052651,0.2983832171518771,0.1779503412281705,0
-1.0672357585592362,0.27325703794321954,0.21863898880646962,0
32.01765658310661,0.13471904444658436,0.00801607875047955,1
-3.30893232384194,0.2970694923755583,0.21743709496585756,0
3.25695625652899,0.30684773130833326,0.21383277337335357,0
40.658508565018465,0.1891314913158259,0.01673326752490956,1
40.68166278842274,0.19456518434348777,0.0010723782240994817,1
-6.383742879101549,0.300140202293514,0.17586413529221515,0
26.651661473635233,0.20107576963909318,0.803089431421595,1
58.04441002573113,0.14970226453936353,0.04381713531732546,1
45.46778456034141,0.06843324447914632,0.011871764096634351,1
2.8529933429657968,0.25121682289829567,0.22491762510620816,0
0.22785919951906886,0.2773515385494624,0.09239169458305314,0
-1.2287153204297203,0.24812819415559365,0.16282935701260892,0
34.267952337735395,0.16328084965862666,0.7402474616254376,1
-6.055080998812282,0.27557192241103995,0.17650507908111246,0
49.76266610780945,0.1397186073178376,0.8144123767850109,1
6.778189294024754,0.25602423980049244,0.15482666727277108,0
45.01701591589858,0.1299102486529183,0.694045371471053,1
26.203604053712127,0.127702814306942,0.7390976580036536,1
48.20985678107126,0.08463151088845179,0.03191085854773477,1
-2.3958711892264497,0.30315096131945035,0.31807183697343777,0
49.07308214320934,0.13541206838707315,0.8297850701382139,1
-3.510265469386762,0.3018288863091094,0.29977657152347215,0
-1.2748860871042762,0.2500209330311527,0.3178539370133335,0
0.56758672625624,0.28400622714346846,0.11193546169675227,0
20.486276774974336,0.07347692951283115,0.7515682236471625,1
-4.136154717761615,0.2855007975933747,0.2826922249184537,0
35.8721662919521,0.11323994826183766,0.01590198756206467,1
30.008396864631695,0.11440133863705386,0.8126434672453944,1
12.276500699554472,0.254014754553565,0.18301900551602399,0
5.08075015603907,0.20371665023851218,0.6762620096502041,1
-9.593856076495207,0.27427952797709965,0.2064708798308646,0
-0.5782414119412026,0.31236042500293887,0.2080729281652326,0
10.952278129049892,0.2456096382094394,0.2937695292140168,0
-6.888346839785456,0.2814658021097712,0.1734850898545593,0
-3.3846100015297935,0.2948209055884822,0.19735068087397947,0
-3.984476277352384,0.29406322768225074,0.28463678602885567,0
1.8081801252381706,0.2659689639606433,0.36381985088799523,0
26.423831876114818,0.1759435590220061,0.011984724098954585,1
52.598490311343234,0.14713046484992284,0.012287997004507095,1
2.4123620762159264,0.23288498189130472,0.3598278779741224,0
-1.610307581028378,0.24317176554589026,0.373921612119615,0
-4.08467835493618,0.2711355904591252,0.27298631235224075,0
-0.1977757692832752,0.27042838193000146,0.29585022505929603,0
-5.311518568630524,0.32841133807175943,0.3038288988773456,0
-1.0983594391875597,0.2695404359677642,0.25004223670852777,0
41.63778987655051,0.13894787682314746,0.7234762459529798,1
38.97021565538693,0.09799031400920509,0.027290636450023643,1
-5.6485342732880905,0.33316754790009234,0.14931960714597323,0
33.29424155671345,0.10719150796691249,0.01602676747448638,1
-0.23855678070989927,0.3058718041714828,0.27309789302600185,0
2.0639046346824914,0.3531925721901782,0.1687924646537705,0
8.827271201405484,0.28701357735372246,0.23487036873783732,0
1.8329912304842413,0.2641414995475073,0.2735379303210795,0
40.21724077468269,0.1411041062097801,0.040826603221097976,1
-2.7611152214048578,0.28866080887839574,0.3443780166688568,0
20.86350959148343,0.12309761207549307,0.7358242445972462,1
1.3052763608994467,0.2200539794640368,0.16425142135678755,0
36.040372392972756,0.04570510611333313,0.01452094695793065,1
4.913454919727569,0.24796591235262425,0.2773870267591697,0
36.777073037579314,0.20177217082084725,0.028422973270139026,1
-1.7135725826338475,0.3426512411434218,0.18042695349802446,0
7.51178526048014,0.2749863485864077,0.2680246337632753,0
-13.098725520448722,0.3098880045834142,0.20058784836525198,0
30.051034181402237,0.13000608806658143,0.710601331875688,1
19.634533147970398,0.0718482846714373,0.6598624320102825,1
-2.2321680727526414,0.27495568544245635,0.25784540316311555,0
19.210210202869916,0.17962651536588806,0.914354150912053,1
47.353489779180286,0.1826153075805115,0.011307130130113563,1
18.525686582227234,0.12731818062041586,0.015761099576776474,1
12.800422691343973,0.28226300916704783,0.321628434461008,0
0.1344291949726539,0.29295767634021824,0.4429341340462737,0
4.752119190930252,0.28096012447197305,0.32121587288998293,0
3.169595111590056,0.32917350416332203,0.30846112952532195,0
38.875694043412025,0.18452363430607566,0.8771065326007034,1
-7.150706889803163,0.2528827707560563,0.27557214607351815,0
45.72437227266933,0.11419782818620798,0.015597407956135996,1
-5.84339018809766,0.27827143608899246,0.17045205003131902,0
25.641764645340334,0.13274176472751018,0.021234798091645943,1
-1.8572043299789573,0.25232769446504494,0.20689265150458094,0
2.0249085548047776,0.2333231306138912,0.32373200895395676,0
33.46814382178172,0.20748360094393736,0.6005243853550356,1
10.219003444924153,0.11713137230026377,0.01942958833147058,1
-1.960540765660788,0.3019792023164674,0.3331289429936215,0
-5.2885546447794995,0.29941587819108223,0.29043761273333013,0
47.28236773022414,0.2081419288767493,0.026963228620803234,1
42.08506473501756,0.23326759588117654,0.04935657902327778,1
-2.5693345866834676,0.3171484921430091,0.18729874675308827,0
0.5711382433101982,0.2899594099170705,0.30004064134648284,0
44.72958374710052,0.12902826236707246,0.7665403660299704,1
40.092727254332154,0.1672026960781733,0.7625901388394959,1
2.4835707650561636,0.3219806630975801,0.19598573800204946,0
22.711656909363445,0.18230030935572758,0.8351124098380238,1
45.26666790824854,0.11105814785897826,0.7718963915855975,1
40.40724095435046,0.1399823711102918,0.021494560896633097,1
24.837788406495626,0.24344089202719266,0.7348032617683962,1
7.389470223707581,0.27035094846347857,0.13449161470931664,0
27.467193126985933,0.22545655067022752,0.6802281096101755,1
-5.552879227329144,0.31651475562476494,0.2779720037839755,0
57.266039777531155,0.23318664160717367,0.03098983357441965,1
48.90888877947077,0.1850350306060292,0.8228518643514536,1
3.538759677277377,0.28130807339117364,0.23353124552957277,0
41.45155883539856,0.11301144180135163,0.01814075519051229,1
24.659563156924904,0.25465989661049726,0.01989132862965028,1
60.49725683620354,0.16047350418238862,0.0231149085879779,1
23.905230627462803,0.19405733604066844,0.02036782833174235,1
-2.2503273573962184,0.3098814305741745,0.38387616722388296,0
47.8372574598062,0.125576195994482,0.8892455941483067,1
21.159793872848486,0.10076726075763687,0.7710496298921503,1
43.47294696578158,0.19705909332099847,0.0,1
-0.8064285583300457,0.3132454845021255,0.15484704857061377,0
3.5547998410174584,0.28849863614638427,0.31054309439895855,0
47.7364515784776,0.07010639327525811,0.5752778333034745,1
7.897860728653562,0.24728802767671465,0.34975133724277757,0
-5.531674870030141,0.3144629710111631,0.2812371879943112,0
-3.1869356365325885,0.24419089504730562,0.1616109765549984,0
35.9258779546126,0.06635530493442128,0.02556022096842291,1
-8.06357935594826,0.292413972923545,0.23550206614255176,0
3.90911435888655,0.28046737142744405,0.36918907508816656,0
11.586777631536503,0.20697777680127347,0.6118408281536419,1
4.796354130426034,0.2315931580636978,0.2901426188934036,0
27.711746801453465,0.21848505538270924,0.02518101702029976,1
33.81086839710477,0.16906548061323923,0.8203142542220004,1
20.885919961342633,0.15422525728464312,0.7286124832445361,1
41.137994904342335,0.19283512401212777,0.014822425527777803,1
26.370686582609768,0.19687387462534625,0.7593158337699742,1
32.41198834942841,0.14339317055492262,0.014964303810922824,1
2.712800217929823,0.263942943653183,0.32500561101012465,0
-5.296067609444758,0.28063814730208186,0.19475671581469925,0
-10.40964703941861,0.27602098760852284,0.2218868611429014,0
-2.4211703643312568,0.24371076943926387,0.27909055060999743,0
-2.4471972125911106,0.24296953384360237,0.20145078577142597,0
-2.8845182783120156,0.25739746388961454,0.3328199467779002,0
3.227420905705377,0.24418224980802836,0.2139989713603349,0
5.975233144624212,0.3422224800924992,0.25734019875586983,0
24.95695155444464,0.17889892618197786,0.7547825319784683,1
22.149770975786733,0.1194571180097467,0.7568371565967659,1
9.823625664581947,0.2758463204804868,0.256076421433287,0
42.757874452709245,0.19647049923954077,0.026095260452086013,1
34.73265224979544,0.18609517427190705,0.01082023895389264,1
33.840515959821325,0.19931882529529685,0.03674859672914065,1
2.8488364011610185,0.31168170427198155,0.3408496117746355,0
9.547083202350652,0.263464428510144,0.3274547728426289,0
5.071850325090653,0.33131840117745776,0.3183180781241779,0
17.802178225703454,0.1739680476714711,0.713899077674743,1
3.2927213633641523,0.24727100709354408,0.2927853869076728,0
-4.89186388807516,0.2695204961164541,0.3848011422966808,0
-2.884459347615744,0.19383213360155055,0.2543947288799879,0
40.10533837021007,0.09548957966002851,0.02188475761018103,1
-6.255567881926516,0.2596676508842545,0.1450224645254875,0
34.11232563686746,0.16621701050074342,0.6717401402581411,1
31.642275891475926,0.03141703195705537,0.8398669160339174,1
40.64053024841843,0.018463493158546816,0.5595325306534537,1
27.10101905199382,0.07918864721036771,0.509633139889947,1
7.255718038975209,0.23884296571205935,0.262801458068223,0
7.519964942913441,0.2648567523631535,0.15139813481851927,0
20.91344042709233,0.20721465342799694,0.7525385277972272,1
-1.4432931946006895,0.2917541201620764,0.26147107738738007,0
9.004702164554079,0.2754618014903947,0.20437189068690556,0
3.0529287264191156,0.3028016789106881,0.16663644702055175,0
2.3629874120652152,0.2315106817469024,0.20752232817504285,0
40.362470009632375,0.19783515931928292,0.7395032292436376,1
0.6405220745539464,0.2978067016684259,0.09701960196641785,0
28.01861559929535,0.20900640868707637,0.020789640456680844,1
53.36234238636022,0.17103498155092395,0.7859738975126789,1
54.54999637881134,0.2537532519674271,0.04275825427647638,1
31.07579218868275,0.1697710492694019,0.037311696317673,1
23.120506489375835,0.1387171809643874,0.02973622249427847,1
42.66392202371723,0.16047671151313972,0.016310605609685377,1
47.6884196645387,0.1763448961832897,0.015332411880485595,1
17.310414415494733,0.15489066465466536,0.016175476023307097,1
47.089327678342386,0.22175436996111178,0.01960105616248288,1
9.233536628680168,0.2884048347645882,0.21002158590786954,0
-9.937844573004464,0.3055066522634048,0.21398485881188709,0
19.19441696064098,0.12579130243756315,0.7261766324944382,1
5.159222697343174,0.27194408056282504,0.39660456347833617,0
53.04103794114799,0.16016179772930156,0.023817341689625092,1
-10.366951162040747,0.26899526764555937,0.2965621253667782,0
57.29242812245279,0.19726057673057415,0.6493072639054855,1
-1.546061879256073,0.31518187057778096,0.31995113445701817,0
2.367962153175908,0.29360602904541944,0.29734513069931023,0
45.16124930259792,0.18094431490115767,0.016155431210229085,1
-10.994029783100409,0.27682154937087594,0.32642404465902025,0
42.237136219386,0.09814669632150018,0.6507421993271177,1
-1.8141928021982954,0.26049992257529625,0.137584812255714,0
43.82746396694896,0.15227457381653758,0.012331359619954477,1
-3.253212845609136,0.27489446132425216,0.16318795787537616,0
13.747177362942907,0.033984220088478824,0.739641314659422,1
-7.037318871882777,0.3080295973371782,0.18097793887655034,0
1.7087798788857973,0.319052238681964,0.2315679428635386,0
12.563099603654953,0.11606784693529482,0.8207032359610785,1
6.910794955187636,0.27734911122384,0.29066149117396717,0
-2.1009340854792877,0.27704235603147215,0.32611594216464695,0
25.40071391957679,0.12152751127539448,0.8667509822986446,1
-1.2451801977818917,0.2994484130153158,0.3077250004100915,0
33.903205309890616,0.1661592741229103,0.02013450364619293,1
25.34040222976927,0.15499434772046064,0.032543383607573396,1
50.976068743860836,0.1007732974759016,0.8859189494164025,1
-1.3444434527741524,0.2858315290473201,0.29086336708220756,0
-0.38550854707052057,0.28312603311855633,0.2244121981396125,0
24.240293272217503,0.16217651020931723,0.014604087792628685,1
-6.640930244492153,0.28673355455679916,0.24795405502464044,0
1.9956805717603538,0.30542265031451266,0.13805550601584468,0
0.4853877467402019,0.27785196221757813,0.2761395811681856,0
49.9940588084739,0.15015738634531633,0.9598221474546748,1
26.876058338497625,0.11868423619084964,0.022186593067572976,1
8.972789317588939,0.32187051432369873,0.1772253266414533,0
30.90910547184704,0.15237467341258215,0.024316316296375973,1
45.195343862194555,0.1817983875355869,0.014940338010121446,1
40.03531966428942,0.16107792368121054,0.9171347575437476,1
15.424690214468654,0.13914344625268987,0.04185094895036112,1
31.07964544176363,0.1645781838340986,0.04324673305852818,1
48.40200530635945,0.1474238535737677,0.03623884992811152,1
-6.913998654821682,0.2977758084760355,0.27720410356551123,0
2.0646572713781226,0.26835469544376317,0.25056505269025414,0
45.71544644130523,0.12916873471922688,0.014614263267033759,1
-3.0031934495940247,0.29840553918191254,0.2667727532219701,0
28.70662236484818,0.12591170144532624,0.028168370114309813,1
30.147230921792463,0.19713942570700377,0.040682260415058236,1
30.201211254426354,0.1420847260995168,0.016528135048877377,1
-5.350423831630763,0.268911689918691,0.15818468881474662,0
-3.7686808217874477,0.30560246676340924,0.28730866995570675,0
40.231704674000554,0.1437412785808418,0.6231863195024687,1
12.402197503296994,0.07171759841972017,0.017286850219317026,1
47.697419901045805,0.09541874139204486,0.9123256690528054,1
39.74983737315108,0.12438128796616531,0.01588975063496827,1
1.2469184185537763,0.2991415330432227,0.19152349794276213,0
7.3997206944501315,0.3567459785700476,0.1948217780748661,0
7.218823020366298,0.2603870098405354,0.3716804981727504,0
42.00253163614265,0.12050526217685545,0.017450530295964106,1
40.44210455065361,0.09244231317235653,0.025016850451687882,1
-4.249221847323959,0.26898916482750035,0.23376154900834745,0
-4.616166230554521,0.19890303121002292,0.3904380558652392,0
-0.12062543555001638,0.3195279260682388,0.3212198000669207,0
10.719720446626628,0.2558897629609081,0.1531062456575375,0
2.0412637785723593,0.27941741182336804,0.2950304688139484,0
58.08134953789944,0.15962984593656526,0.6577587015156047,1
32.16836015346834,0.16931913269240303,0.02423889482443986,1
20.15088034132913,0.17632683418361536,0.01813321037686555,1
32.37616067077957,0.16936857403164948,0.018658197893230755,1
13.687858951419173,0.1049704823731969,0.01571345473083467,1
44.16835737887431,0.11335155504381204,0.01870965884870216,1
2.200072250266662,0.35933030041051106,0.32008374340238355,0
40.414703831822095,0.09369730195444746,0.016212401633969066,1
38.859118536070866,0.1183559862557604,0.037041020780591176,1
1.28775195361382,0.2612869311791259,0.22371052194008123,0
45.553004493648835,0.05894569653527517,0.026137708557899087,1
-9.353959605129278,0.23312362429340375,0.3186760893325332,0
36.89664187904158,0.1376808298742726,0.022730107174943857,1
22.973395772879304,0.14123107720506545,0.02034029586346681,1
4.1024109059868215,0.296388527440111,0.26130057120699707,0
-3.4595403494062222,0.27912211558945066,0.010709122327942135,0
40.10587919888276,0.1447828603506554,0.005295104487687495,1
40.13980030850285,0.13754640776734794,0.5833236593210802,1
20.258674024810848,0.2101225623991536,0.8184163208608954,1
33.661894074284675,0.10608683735882667,0.6492088304571794,1
3.409457448131557,0.2792078272912322,0.030199612581981224,0
21.283768255115255,0.17401302507029623,0.7520417167212918,1
-3.115702632123822,0.2606131807046859,0.20613849640599383,0
5.145778186628219,0.3039982570582615,0.4089648889359553,0
0.751508807309388,0.285714990393372,0.3208185186391193,0
-2.651288091862204,0.29696528936894634,0.3045641652570096,0
-1.2628407569658016,0.28508082472108237,0.30441728843603594,0
4.109512521876119,0.26518730250516065,0.22471417151783601,0
9.962268099546984,0.10294886496668104,0.7389994501298949,1
-6.522347502524266,0.2919906385525793,0.20976201835589256,0
-2.345878260523524,0.28554040917594725,0.13402838242411758,0
0.06500945938953509,0.22921129557413847,0.12138711783055531,0
27.961624765232774,0.06920566062947635,0.009636907526262298,1
33.53531441454467,0.19789198155541338,0.626745968877972,1
41.83712428638376,0.20359649326058987,0.5414207561094996,1
60.98067281367923,0.157856395949547,0.7052038661550025,1
-2.550081994273736,0.24970807885870192,0.07024885328123158,0
-0.9282948833190856,0.19454372138109777,0.23901025692804828,0
55.116716326498434,0.09724553159116524,0.03607578306399511,1
-6.896596140072636,0.2707589714744278,0.0830378385118345,0
15.828809964854816,0.15006628443672035,0.011535656985410215,1
16.60759328132083,0.1159309882465213,0.029256722095027218,1
0.34901042495009427,0.285761473494701,0.303305000072737,0
1.044317975023777,0.2432270301099298,0.28139327737430136,0
37.298928754329076,0.08130825875506699,0.8023960512076734,1
-0.16376635107999193,0.2163443530297422,0.29777825746027076,0
41.84608650025419,0.19847845128764532,0.008784698525749726,1
43.34482969460358,0.053162364874876744,0.6925917422912731,1
-12.119396633144783,0.30842579386368574,0.18229472180274114,0
50.74380486288736,0.13504091137862825,0.02599577541245356,1
8.327372222312883,0.3085092277592073,0.37433283365718195,0
4.281993971617362,0.2399792351524539,0.2869738132865554,0
0.9704499644915379,0.2658372826690862,0.35366974254904116,0
-0.5351517997727891,0.302600248633136,0.20359574069039657,0
-3.8890834379543766,0.2703303859236598,0.09298994466619367,0
-2.8781891311888694,0.3291989358811418,0.30036236673774486,0
11.377949438743356,0.182616516908834,0.7976651040800558,1
59.59774514943111,0.23175331972637597,0.006589352866984313,1
-2.6987984015468074,0.29101861940204027,0.1906012613969293,0
-7.670570853678111,0.29367663316244824,0.1601964155004469,0
33.44579303763871,0.1433915322177814,0.9173441885622985,1
7.266922385588504,0.2932582194870823,0.3863284413004393,0
40.49366731910942,0.008383703750792946,0.686141417485497,1
0.5469739730244647,0.2889625872509706,0.19126609609772033,0
-0.9618048239056126,0.28451256715430734,0.30926594763361004,0
0.5783731714642933,0.28805776836589775,0.27724713731203976,0
18.01679369690975,0.12408736805693987,0.7156794073156962,1
-7.1538755105902405,0.314013102906012,0.27160458867131376,0
2.0671745161185044,0.26551769433453903,0.20005236882294208,0
46.39513485637386,0.21755570449933576,0.0014698151710243136,1
2.5663371655667806,0.2741095045274507,0.3661974027576596,0
-3.1886999212565796,0.30908371601580215,0.20136997914593457,0
8.398173927751227,0.10510849667871851,0.021070574529922968,1
41.57983553065399,0.1312183167117232,0.8070421173360796,1
5.268208983039198,0.2250810130943063,0.23793298307466437,0
-4.3780912669237875,0.3107218757743439,0.3132297516841369,0
49.04238451035924,0.12007812097094765,0.01762316683039016,1
40.70201295794458,0.20181514460362399,0.017951233361352827,1
-2.328648767851284,0.285927988140772,0.18898201771470285,0
-8.56567264545439,0.23958621131410912,0.17625121494997495,0
10.665166873281333,0.2564203161847615,0.212847659015249,0
56.0591968597669,0.1594664153646187,0.010712079185475412,1
43.547865914961946,0.16317754059773923,0.6966909597984167,1
23.058218217759446,0.2302169554154298,0.7739857745849297,1
-1.8048308290953996,0.29760081404425826,0.16866534971388022,0
50.03411161312981,0.1382041735343938,0.5730949696260601,1
49.30279201296287,0.09927601366462929,0.008208917856371517,1
2.2213165574301996,0.2722328507888777,0.29899750352108817,0
-2.7773855958012734,0.33325932677828535,0.3166667129424246,0
3.2827680431691486,0.27025505849474135,0.29461528485801,0
3.2435494379482135,0.2688996691035362,0.5640990165149061,0
38.443470251620504,0.1389231701208131,0.8728030209608135,1
-3.538347328093904,0.2925705702809814,0.21633905650551574,0
-0.7352869075106933,0.26988742086645884,0.2960164012885253,0
32.64463218334476,0.1983913012012602,0.5720601069492779,1
32.52066464364744,0.1155557228712297,0.00874412885968031,1
3.77695612912878,0.2763475747485015,0.2762303619327486,0
43.14717548071134,0.10298005417578233,0.027093525144553172,1
47.4605462122318,0.12104379451821265,0.8055941451645843,1
-3.134835288938837,0.2836961442035346,0.20868562848899427,0
8.875219442685744,0.1569322591855042,0.010048260401007623,1
0.6100490732268072,0.3022638247321568,0.1856547392272006,0
40.29568582039095,0.15821473826852844,0.8686145474042299,1
50.34638975976072,0.10151281401826627,0.6888366263305441,1
36.583135601263486,0.17088403761197002,0.6702886433775019,1
21.518071601124824,0.14263973606572014,0.4760859793862527,1
2.716800961899675,0.2974629311040585,0.48882072020827283,0
0.3376410234396192,0.2792693622321705,0.3588526876670921,0
-0.09256567996194952,0.26361266655242555,0.22045782886030374,0
36.611557966973514,0.10167060545073424,0.662415759350489,1
60.03256459444536,0.17473528268875163,0.00044951229681717165,1
37.144336601725705,0.2235517345408552,0.023418252139549664,1
-4.111101977832157,0.28481721943149596,0.30590627361620276,0
-10.196160888800502,0.30447211637617894,0.16842685290463075,0
6.834371337222622,0.28044064584187595,0.139516431747698,0
-1.1840930337000444,0.2883698248667141,0.2447093908299342,0
1.095751638319694,0.346939004385779,0.27867628945676964,0
49.99542686356,0.1709852804178633,0.015193520585117587,1
23.319453943675583,0.1361227871842224,0.03784775039185095,1
50.909559770506284,0.07972184730718566,0.015711520743939267,1
19.651631165362563,0.1717251323045653,0.030294405559270408,1
-1.6383107329888411,0.281558376574219,0.15889335057753848,0
47.99229264664488,0.12558630787742275,0.7594621044669359,1
19.76803404143961,0.17860031391502365,0.7168568628718497,1
33.86649542669597,0.14432596770589293,0.7768593581044297,1
17.011808474499183,0.08640404994436385,0.023098947793806345,1
56.13425749840849,0.1401539096001555,0.024506130494313882,1
1.6306651112105899,0.2499900602618328,0.3365413382138263,0
40.850723565040624,0.18989972748061182,0.9040323979819886,1
8.988432634247612,0.2792043622225282,0.27062020321142005,0
1.1612684858050177,0.24030730619777507,0.2684560724574947,0
41.958287423541584,0.15361394826921443,0.8506730071227064,1
32.8226111690298,0.1861413447492756,0.8275115121589086,1
31.1564263455603,0.3056455100521921,0.6892431208220444,1
-8.304804667579955,0.32021351338069437,0.2645141296091177,0
1.6924820374720706,0.2860170759169283,0.27976843780854904,0
-7.042306481817798,0.3132909952586867,0.3318967636885585,0
55.00668933861364,0.18989218899478832,0.025384349572164525,1
22.096251283409146,0.07364160717051761,0.019866953646213648,1
19.905582129093343,0.14211265083842572,0.8191618575121389,1
32.142674764255354,0.19988160384601222,0.02068072269248621,1
-5.407740018071976,0.22717573564057675,0.24636710256542094,0
-2.104922404101315,0.271866291968723,0.3239416111630264,0
9.473270955782056,0.23191798661354704,0.5233947905850717,1
54.86488535705954,0.09800967344865578,0.8743405797187161,1
-2.5802236410868695,0.2781801755855614,0.4654426931184397,0
-1.1947402343320488,0.25849533038191586,0.29391070682538917,0
-2.1344053497371003,0.31089882452743484,0.2749046938754308,0
37.6908169344235,0.16526215632656766,0.012613025016704372,1
24.37701576650933,0.1174670086315808,0.7666655817359844,1
38.75758568015787,0.17921570832176548,1.1110931387501299e-05,1
45.10380434542552,0.14697981354015457,0.7100100009890684,1
2.148091095662929,0.2237448259106277,0.2976023572668452,0
-0.17355884852621656,0.3521024675571483,0.23171200677279852,0
-9.204371156658226,0.27686652344387586,0.28318924002895285,0
41.400310936465395,0.14586424880517534,0.014589931342171007,1
36.68431843817656,0.11509001626944751,0.7858344511076003,1
-6.722252555171385,0.30124643269769674,0.11369027305386248,0
3.759665163433871,0.3115196318802284,0.23471777899198648,0
0.06964645956473102,0.2850538292880885,0.16264528796837496,0
18.118219886029543,0.0923253787007608,0.04022590230569482,1
-8.274283359328848,0.2678905461027401,0.33572345217879085,0
-3.8650489192773323,0.253455918579193,0.3488649296005551,0
-2.2002224334849187,0.257934101722307,0.20966561351938628,0
0.29609217007244126,0.27113795769582916,0.3183620181653293,0
-2.510271121763056,0.23491089014814542,0.36781365406007854,0
11.49449061809625,0.27325432054575766,0.24608822532207156,0
1.4293269536245257,0.31097638613024975,0.1829131361242215,0
-2.3031938547989377,0.2995696863524026,0.2500165651934558,0
56.686359723654625,0.15676691739461454,0.6523599951336203,1
40.08880233822141,0.19776346186036026,0.014258993247164018,1
-10.208674342121453,0.30262873989440725,0.2981694656313987,0
-2.588056495180857,0.26313495920265095,0.17507949001683235,0
4.862772248133648,0.2858382236571173,0.12611053609090025,0
43.65775188508812,0.059806860371881744,0.01791331628779534,1
39.327774697229536,0.10759672009847455,0.013132846569967048,1
-1.1707668736166799,0.30094669940840774,0.09851082664369715,0
57.652251888082276,0.17363151729217027,0.025193587456378883,1
13.563494415743762,0.13482178373670425,0.02857898825291343,1
-5.121938206671449,0.252379792207619,0.1643157056280761,0
45.84821065713577,0.1507074632482879,0.8159531469589139,1
32.56970927522204,0.19343862502953854,0.6858885739775356,1
-0.44560019756394204,0.24109504156132464,0.30517662441961557,0
30.03673359894027,0.15090084360222233,0.0065022693061876895,1
41.6364810302283,0.0496271569627495,0.02023195978557375,1
-4.991770203693955,0.2832567911732957,0.3800767132289651,0
42.0339896047134,0.13671977198569474,0.019779651359957295,1
-0.10450796982074066,0.29609529530711215,0.40965339918271715,0
58.43910965031882,0.25489696695662156,0.02907962313627049,1
36.47693841987417,0.16800820919728834,0.01251903935378353,1
4.067548180003192,0.2967343091905559,0.28981944712731156,0
1.4849233661659302,0.2545911595504502,0.11854489510766664,0
33.672015577312045,0.1242608662542629,0.01725154699330208,1
53.27886346054709,0.057033161416997116,0.013948437643940026,1
4.1470279059174455,0.29399289947300583,0.459663447282398,0
1.620419846973975,0.2612331189547141,0.3160078611734108,0
39.160519731259036,0.19364121755028174,0.891202687854325,1
0.0921696653269658,0.2639210966465786,0.3309170428326685,0
-3.8389878255206424,0.28861372495605475,0.22808055345365566,0
23.4255464610777,0.25210348264639404,0.019908176466148612,1
38.01768330728615,0.13136622080240126,0.027330542814659985,1
30.320915521286658,0.13513119603784468,0.7520106466869099,1
-1.37525848575822,0.31589894459936957,0.33583824382128097,0
-3.405258287374404,0.19178834096007163,0.24450927631316252,0
-5.53262954370835,0.2694050112156794,0.3324464468499246,0
6.189081559867309,0.26029317163085813,0.25554754696290005,0
-0.2511905472456848,0.2741902162216085,0.2937811837902373,0
0.48497982496359093,0.2816994977469132,0.2851600984496181,0
-7.0615185066764585,0.2927249783920575,0.1508593284117222,0
-6.110639044459727,0.24462880626520594,0.2768046423267294,0
-6.104218249855111,0.327219602898701,0.4707728031128862,0
0.14372411467408744,0.31519373912759924,0.20441336574089933,0
10.092943891057601,0.09523647405785976,0.015020381531821581,1
-2.6143001357663413,0.3223279713923881,0.24503967925071746,0
21.714118198370578,0.15744384019588456,0.7880778071365052,1
-0.7118974251064675,0.32504000955866463,0.316378593430334,0
5.3681587492988605,0.2206210056887264,0.19249340899130157,0
-1.9227777211491268,0.2640189748101427,0.3234763555153931,0
-4.291788900906067,0.3283683477396594,0.1595507732049979,0
54.377345488518216,0.18222592458226455,0.026891644570743358,1
33.87935769320062,0.10245446351563839,0.6896141068763045,1
40.247758244467526,0.17855897031096044,1.0,1
-1.672506179204742,0.24328179199713232,0.25834847500185704,0
45.08881378555459,0.16310334045433628,0.6385177812647586,1
50.81962789823203,0.23993625091756557,0.011575673698736738,1
2.798952239655199,0.2824731925880351,0.21102376630440584,0
38.860142496518,0.15008095156784704,0.04042177910534731,1
4.408198784747253,0.3178775231028155,0.09642614750418749,0
1.4653623664934061,0.3292604548040911,0.14918681878619358,0
6.6457626506621565,0.2885666222457297,0.20131282214082397,0
5.9450826555377585,0.3075746252083001,0.26764331416110937,0
40.39368695398768,0.06271462835701738,0.658935491281751,1
-2.5560783821559263,0.3124014419714395,0.18111296718611436,0
3.5649921508619404,0.31563038165384694,0.27529247657462225,0
25.918832275808885,0.23595203064209105,0.02750872779401332,1
-1.7575674202065432,0.2641284196796112,0.2312303544034069,0
42.03085041397579,0.16339218189331667,0.8197974030130097,1
1.5712366629763694,0.26548342497837035,0.08969101084745972,0
-2.8314886480138597,0.2573717244994193,0.33914573557350974,0
31.587384204721886,0.1476314648727782,0.01806294620195038,1
41.64869325339089,0.1681985315426369,0.7866746407892257,1
59.18330132552768,0.1352772121205983,0.04571995317494969,1
1.8860593753226043,0.2714198733435967,0.26717705465364205,0
3.929000793254161,0.25085029796376146,0.2711216065066936,0
27.70128191066289,0.1172156140269278,0.03021622984073039,1
-2.2325747603351056,0.28316126518437884,0.1221500518493002,0
31.788306909214477,0.15021149294970756,0.03684524834603452,1
-1.2358869126029846,0.3156674011442393,0.25576294890269957,0
27.663377031336466,0.08053506348945047,0.01585373099428137,1
35.0861416028953,0.1342351672356938,0.6463856428024803,1
-3.868945995517865,0.2836801094798439,0.20162042683694298,0
3.128336738825031,0.28539682453460435,0.23479687719988043,0
-2.8009052009848485,0.3097612704860957,0.17015514981484697,0
-5.186230771632282,0.34184510729909195,0.22768296557345533,0
46.94697816802436,0.20035786002983347,0.6930851801327466,1
35.47336457888888,0.14806285525052285,0.6935803820139513,1
33.0545122942417,0.23047603328879865,0.8320553502887897,1
29.344835111569765,0.1841611507394404,0.01670510699782014,1
-4.887776223992756,0.29892435053664335,0.07245597018019719,0
37.9145841578033,0.17824211793000613,0.015925398927083983,1
43.312673061402315,0.20269928855914382,0.030268946182579144,1
2.882784815278832,0.27637155554176657,0.23153069009241847,0
2.3691646045589376,0.3475730741603293,0.22458279225950128,0
47.704742358606545,0.18493444067585216,0.7537541841486821,1
12.439879593106836,0.12520609139949254,0.011484600202206811,1
-5.064155601672119,0.2604574598915666,0.22883881269515113,0
54.13330870099036,0.1181206228962018,0.022494176876850416,1
37.42794555707363,0.07312076017754122,0.011477753570026759,1
21.772763114529734,0.1459477017639128,0.9388436939614256,1
2.8853606359027,0.2500484368243513,0.139790599939661,0
33.07567902746204,0.18831214875202548,0.7950962634776477,1
0.9904238038392766,0.2498037230416108,0.2637471471834825,0
23.625287392772165,0.2130759626267758,0.013005854598767125,1
41.62088959893104,0.14559543779854633,0.6898873447331153,1
39.48018271653678,0.12172118160630048,0.7708322508625592,1
28.978589686261614,0.13929661511360691,0.03363228975132251,1
2.238542800086574,0.2866971674238748,0.16149651900706927,0
37.10643475494317,0.21869571926057246,0.0336337651353834,1
-6.189077494134246,0.3087010695038375,0.17150675750882546,0
3.407503486863122,0.25611922429589534,0.1071306806452711,0
24.988123454101014,0.11664054576112472,0.7001366104211548,1
5.444752984836832,0.27610537900799725,0.355704322581841,0
-5.754967887111514,0.28114010434504605,0.39404089452086827,0
47.02189824418325,0.15075914712702165,0.017803305476490398,1
-6.900507291074457,0.3282203672805998,0.3160837737153205,0
31.640080377506244,0.1307163684511076,0.8628239783268837,1
45.33963349397533,0.1572918235107692,0.01788615770182031,1
3.397988744673379,0.34631569004774054,0.3306010951869538,0
-9.798350619398878,0.23606875359370544,0.2092829099434001,0
-7.033305484241112,0.31003138277701425,0.23364230232111027,0
10.400704657070264,0.1292449855518315,0.004874710347011244,1
62.25739694507355,0.20400280295696552,0.6100921571815524,1
-2.8790912032234,0.2933380800466042,0.23325489443365108,0
49.61833654105107,0.19756531221497417,0.8815508290940104,1
12.324208494846161,0.2059622458782048,0.02399317601719131,1
-1.874104037747986,0.28603478967618523,0.12715423014343152,0
18.539082448837934,0.14291757069949365,0.0037299507913325126,1
-6.47539386031808,0.24797401257237184,0.28183416399574474,0
38.372111003381676,0.17048180593419968,0.030287689914234805,1
26.176358471816574,0.16622293021762585,0.007243173400042684,1
50.94368993897877,0.11750865572512817,0.6457728411952752,1
33.2356949188298,0.1804452678127316,0.008002747349097864,1
59.81487605796262,0.18819301758167112,0.9553818690086596,1
39.369683552655935,0.2577464338691571,0.6250179660410636,1
39.06263451543097,0.12882007091359113,0.5874455966437939,1
34.46128363852956,0.10771634477529435,0.02110886382828418,1
4.691419029879988,0.33703572057259024,0.26470676130580034,0
35.00819382748979,0.21558467246363305,0.024174650898212954,1
-4.873408351136607,0.20501782855379286,0.16108336344503743,0
1.7136267318885205,0.21592977358063914,0.32457532514083076,0
20.63853624288426,0.2674537893350379,0.8018793017451721,1
7.0467372009278995,0.2823055564887631,0.31761263769474574,0
30.277641728363253,0.12117902118325778,0.01072446669188272,1
1.1189397581944924,0.2737233437876642,0.19657763548248913,0
7.887266398817372,0.2950253342483337,0.31063374799388954,0
-3.400123607892454,0.26083114756931497,0.25167091906367695,0
18.317336898158448,0.3038430185090252,0.02137352479407036,1
13.026261459939798,0.14878835830651538,0.5626558696045383,1
-4.154750582055189,0.3243259024316579,0.14420336346051438,0
40.316025565368506,0.13058784732392306,0.7860368715904861,1
42.238970006856725,0.2037671700978449,0.6658178368131847,1
49.750577411564606,0.11502523899161783,0.008918875417411307,1
-4.011386346108095,0.2758123111553448,0.34003478275318155,0
21.30789788296714,0.11193223650955296,0.021493419110598804,1
54.063523136523145,0.18401151042088146,0.8878467355453808,1
-2.2968044977012205,0.2852932466583168,0.1444602244320986,0
42.97643294399732,0.2014706550477663,0.5701785260590893,1
27.76615213059246,0.1655826428002389,0.660648490748072,1
3.0583814442043393,0.2878202129747172,0.22570191769786682,0
1.7322410474848793,0.21539829659188858,0.3829176132582414,0
0.23490296882371028,0.301568599319952,0.22826759117391573,0
27.836308559347113,0.154141628525905,0.8145890420275893,1
2.568929754561044,0.2601129724734716,0.2784490679028528,0
30.283366915263187,0.09678899965913255,0.010064104844059639,1
40.894491984943954,0.19788958072364526,0.5882199386184663,1
43.31429101084924,0.10889619940860362,0.020845184758153272,1
-2.3473719296747606,0.3114865814595801,0.3027396534745924,0
27.99680808384794,0.14604663290677217,0.7079972272705837,1
50.90518530914094,0.12517341322590153,0.009037796751314348,1
38.8094391350021,0.1874950119711855,0.027241365593144974,1
-4.928630231677719,0.28722259538465705,0.24462573679605157,0
5.1623263027557345,0.29122169709542717,0.24903288417231564,0
27.928740178528326,0.19502665386657958,0.7323866496449022,1
-0.8355904015842718,0.27223611811998694,0.08327096484011293,0
36.74076495151258,0.1736703707856233,0.6759509893667841,1
12.634662129368108,0.30894554899292376,0.07094150133400223,0
48.75729044480873,0.15790446126615923,0.03588940328444083,1
36.71658523854743,0.1613747937866027,0.018247054700959872,1
6.727100230774888,0.2599556774338302,0.36283673161628033,0
1.1602496867881815,0.23545306094650292,0.33777221694029563,0
24.004148971118962,0.18331348360217614,0.0131395024296482,1
-16.206336700345364,0.2961626797733911,0.3488625753457723,0
40.058553002438735,0.11603846734035224,0.7331615077527147,1
24.151180523167994,0.14463676170945292,0.005025533313942514,1
19.540308590437547,0.13297006465450692,0.8470316201788282,1
1.2524642517293834,0.2502582295163108,0.2359316476454343,0
-7.57595531099276,0.2759794849998125,0.18712111738920142,0
-1.6789234964506412,0.2807265837001828,0.3947445079786488,0
72.82468081414501,0.1643387056191293,0.8510274586836015,1
12.874476998231051,0.10738066169629482,0.020412874555874393,1
0.4329489373644996,0.27699537770560145,0.12312133502096333,0
33.96716368650928,0.0,0.024795075480016086,1
7.827620146171702,0.3130287890499572,0.3762494446049748,0
8.435708175362823,0.2342303105628972,0.25203107364339283,0
40.0422985147399,0.05429699647062662,0.7380380375631229,1
42.29895430021962,0.14196844402372527,0.03673363946152524,1
-6.18475355439041,0.24711174739314398,0.12192768172187875,0
33.315499293135964,0.17886817625533308,0.013589187334616446,1
20.847570540408594,0.08547192890268905,0.7420091547337451,1
0.02621849859091583,0.31557112463988995,0.20626559323301877,0
-0.4107558919628441,0.26213016117869525,0.174086678334013,0
37.9160566646528,0.1716108345379627,0.029639069340758627,1
-0.7218020596197138,0.31419635683387137,0.29426009759878274,0
52.41113057935054,0.09539393998257163,0.017781117287077312,1
1.0698995536711098,0.25448438637372106,0.15098700621381617,0
33.3560541266905,0.12196195465100698,0.7304214729031419,1
2.366188122867724,0.25052537819385073,0.13608342780398838,0
26.453913629887477,0.14525878843595638,0.7866814043285442,1
38.405012283938014,0.08132985555151255,0.020910936062559133,1
-8.893601244521394,0.2896923781934809,0.32176529575097057,0
0.923169292661521,0.2837672936041463,0.26951625583268,0
-6.758423028081668,0.30033625958592725,0.37584157801718854,0
60.150122021709905,0.187122945679631,0.025364138998913432,1
2.127287808924824,0.2386114550563321,0.35178828000854145,0
0.7686255297276395,0.29657469863251446,0.25153182219326015,0
43.930228523780414,0.19188821107732945,0.017794617708434626,1
5.22080438534536,0.2622260722254132,0.28661492688428414,0
-1.9265679843087997,0.270726506073925,0.2870073034283161,0
4.248010485105125,0.3051547232335493,0.1853387422687259,0
37.19001236719056,0.14929505170466642,0.020781177352360163,1
-7.9721382939718355,0.24859267051954184,0.19226099573301975,0
7.013971554680496,0.29916190666087555,0.24845916962124842,0
44.96230174235132,0.007268666854780434,0.013483248778435843,1
5.415256215876385,0.2836689250909685,0.30758063537185454,0
36.88032473895829,0.192155266616162,0.0227242139665361,1
1.171073662682601,0.29084510575618305,0.22601294429800955,0
-2.3747265558047808,0.2810225040477768,0.17809727613414975,0
38.51258578570224,0.1750071516556942,0.5706078886808037,1
29.621304604398205,0.12965573777478126,0.8665916520255222,1
33.43927647735656,0.09911178454615234,0.005170155680175821,1
51.226432146405735,0.12579407527075911,0.9731498911027748,1
38.620400106820824,0.19968911072652196,0.0,1
30.502135320538326,0.11265383574649161,0.03478071898356444,1
26.263074825736147,0.13583909805273836,0.6034326142657905,1
38.03082615195948,0.16751851081931693,0.03351015752487001,1
-3.79566330776849,0.30226286116027923,0.25262375963292694,0
38.32830154357611,0.11672888509352697,0.7693379451924159,1
7.102521239949274,0.3100174695412894,0.34743673218444465,0
30.24524386277888,0.09600787761092565,0.00765488001577604,1
0.40937069693161277,0.34435447383320167,0.23023794394032027,0
8.345107626446964,0.3223666166624629,0.2325563283686101,0
-0.6913215058559232,0.3077390104873831,0.23843850634275857,0
0.3011510497051322,0.30610203192066265,0.2532735340316577,0
4.620135096034505,0.29541723548976745,0.29976559922448387,0
33.89786282798054,0.16056982837353295,0.02427814395152903,1
1.760276982571484,0.3178576450214198,0.3121925882211609,0
44.39448481938287,0.06916433125259927,0.04277086498053305,1
30.93053264875953,0.17616115928685167,0.00812234760082473,1
41.43549091420628,0.12629109124480176,0.005038411868353503,1
26.900791774513372,0.11658274025765991,0.027833587105240313,1
59.56234634863469,0.19380845835956165,0.7558370290817895,1
20.13136756968029,0.106076309932897,0.02894910556026825,1
5.146296121579047,0.12848453400226786,0.01932128618300518,1
42.85970701066028,0.22136526821446081,0.017396909587285625,1
-0.16347374047046556,0.31520421572455976,0.36051632629523894,0
41.03293768988978,0.12561473135256276,0.024002358555267753,1
46.41859724688852,0.14720397757388934,0.748210502299165,1
33.10215386753216,0.14810534591415844,0.7269338333360292,1
24.427179960064493,0.10819689239499874,0.03704592093297377,1
32.41268505718373,0.08247220178285083,0.029760407193559466,1
27.388569827727164,0.12303474927683647,0.6643651481718796,1
31.218959225670698,0.140090216181014,0.6903105215268028,1
52.86935729993947,0.10178999642883775,0.668259186558566,1
-2.7171238556688246,0.26176534038716703,0.17413215966206394,0
30.229306814099342,0.1546489623264705,0.5595055545989361,1
26.45335083621139,0.2212247910623474,0.02732829081821745,1
25.883562590236554,0.15096906188490125,0.7497213889333099,1
47.78206358857264,0.10035669994572272,0.6260437713919761,1
-1.5513337829672802,0.27084325886936,0.20061974507624614,0
-1.1546726510433898,0.31562158154694253,0.25124946671596826,0
62.26921664536258,0.12234550915429337,0.028761739316930754,1
51.63619276715413,0.20269457761479415,0.02392634115650968,1
8.482281841450192,0.25076412085988076,0.3750730687065687,0
37.55088836758658,0.1166575641524218,0.0036798511497358266,1
9.171397464689836,0.2079690521650261,0.7500755507454595,1
4.203217744943622,0.29967702329589285,0.14053479689337517,0
-0.6289346004982408,0.3184304908520534,0.30583226180312223,0
-0.7900394928949471,0.26069350503047617,0.26578338125049655,0
41.384074385863315,0.11849875102330527,0.023603933950180803,1
40.8971534326424,0.17436526185224974,0.01366768603285023,1
32.330301238660816,0.1770454259280495,0.025050210882737668,1
37.74795670951208,0.17464932292572297,0.0232557781678707,1
61.20916080056547,0.1894959861090426,0.009266719677771046,1
39.41143808251653,0.16169240128947993,0.014874658893534499,1
44.78601226933115,0.10974141241285618,0.7112035031092547,1
20.656474836809064,0.12269791005916393,0.02135924567218348,1
22.384281060327865,0.12245090982308751,0.6875489544911423,1
38.74853852559886,0.1264342139424441,0.7540924748728923,1
27.874263103175537,0.1702106432638666,0.027157342411708404,1
30.963356655066367,0.12493829461048936,0.9172265904097527,1
28.326575038870633,0.13040616173065667,0.030484826510505925,1
34.57990867992517,0.2194512181481381,0.8033207317899312,1
33.20071137105069,0.12190789503241505,0.02319965191145163,1
5.265764266664518,0.2574409200478355,0.18212570926473484,0
-1.363617848738351,0.2928492129162295,0.18721904734978373,0
19.554037176989,0.10075034370914923,0.031933110059271255,1
31.276307535381157,0.11731604296812904,0.7671469317590391,1
-2.4380311203624676,0.3074075387869975,0.039140180878649775,0
-5.645258856086145,0.27927413180827254,0.22583636004081087,0
3.854325969434834,0.31494218063371515,0.3297487018772646,0
12.562203925614032,0.1615921046067424,0.02351165467627084,1
24.460123073843132,0.1645448528795003,0.00024036700108380328,1
15.343651310767799,0.15131023763870177,0.01982993925516169,1
31.030529308069312,0.1207546173291115,0.8138677139880302,1
-3.8162957827125843,0.26883379671786845,0.32374412015818016,0
30.251831458924833,0.1381494014993686,0.015536794847656554,1
4.178460560325709,0.2791745528484809,0.1932336116200662,0
16.579517029611683,0.03065350649021635,0.7272893992219074,1
49.30048996528478,0.19307182628164024,0.5876617470058756,1
-3.057589014959741,0.28568744849796235,0.2809058654249248,0
40.92385817171781,0.27745048543588613,0.753437530902646,1
40.59854373740152,0.06094207927671832,0.015465858916161462,1
-3.781753726421517,0.2867405417725566,0.2060354291273136,0
59.50491248172493,0.21404697883333637,0.6519937698159386,1
-7.317574740660593,0.27757850259674255,0.2439388570771632,0
49.40314099686595,0.25849682940402713,0.6694200345115795,1
-1.6301176608392056,0.3065213618908315,0.27043070045394535,0
42.98500188430135,0.14700869282350482,0.024308624190150376,1
-3.124092888478394,0.28210156489339544,0.2534811734914773,0
8.97938836547761,0.22754404080285462,0.3045087608354358,0
39.03373955631474,0.17108900371254354,0.0020435682736998496,1
47.15164891572886,0.15406392110280992,0.7898048216509262,1
22.872821360853038,0.14830373870360455,0.02925975100714617,1
2.5363701555364893,0.28019266809432813,0.07955468161542395,0
27.34060728165807,0.24102719539709078,0.8356737421470458,1
23.447209216584653,0.14888498581409734,0.6282596206503048,1
2.575176336043299,0.25894024936579735,0.3687292822828772,0
-6.601166035103211,0.3404016174257987,0.13027765959279367,0
-5.405282702041312,0.2863958988471307,0.24748486637001788,0
-0.8847361374702469,0.24682885994542195,0.1990153802376964,0
6.769361870827066,0.25085157884468046,0.16968341023348013,0
-0.1749424524848085,0.3451282815249344,0.24731099482370295,0
26.48253209319758,0.15378474700025466,0.8603217572053659,1
69.42083666800121,0.19460337998658603,0.035737342165551064,1
28.882319681709408,0.22992690560481704,0.8137605812231209,1
38.08638764427113,0.14426795822468036,0.7906622034222675,1
-1.297956756818024,0.27761075826262854,0.18218928571047321,0
41.990855825705665,0.0890357766738903,0.012209805784800144,1
1.3998431315991013,0.30649329331441477,0.23388067728419856,0
25.24382753287844,0.18359723039072487,0.01654853118861973,1
3.2136137993377196,0.27835317998151143,0.1840388670777861,0
31.430213589513798,0.12017942960155599,0.5276425832062803,1
-0.9199166817633957,0.312579463485251,0.2502956537478278,0
2.44687280613959,0.28973077845164813,0.30854965634306364,0
0.0255672832123045,0.30748983024107446,0.12569929871871485,0
-2.172481137161578,0.2259058097123217,0.24236286023287415,0
38.94928134452155,0.13718595878742137,0.011823176033948663,1
47.085600037677914,0.21456369195079394,0.020810825429008237,1
-5.338102146912972,0.23734567999774472,0.14603350104579219,0
-6.992837869095706,0.2554540334973308,0.22349532934533417,0
55.430175897555266,0.1147635782194558,0.7282841192863143,1
28.3334386461576,0.22310979693588184,0.01340960725111355,1
-0.328751305364939,0.33875042362661784,0.32883597484921745,0
3.10336048775339,0.25922737060378437,0.28835532144688514,0
1.7889368017414164,0.2837567350794373,0.39434784878293944,0
-4.597121171169017,0.27267530094128056,0.2216767431247181,0
26.48670797086944,0.1590625581301025,0.875761905635936,1
3.6923328999770524,0.3305178307437361,0.19442294951287534,0
1.0141328226731634,0.18480839985796443,0.008782488971441123,1
-3.651833158585683,0.263275246449765,0.1952296139391997,0
14.02836188206086,0.1032201850618787,0.01727589983396313,1
33.027977529375306,0.17430923957809694,0.015875209881120633,1
10.949014666088361,0.2618315338078941,0.2169227871101379,0
1.4049593386751635,0.24689900181478383,0.20219918442466867,0
5.896485920319132,0.32585405279237595,0.2812556736742515,0
46.19753686809283,0.15631570997416,0.7507362681423567,1
2.4595958575325287,0.25966853890743685,0.1756391311846072,0
2.3948991287319603,0.29309679412473005,0.246574129495074,0
23.412022357721504,0.17482000588669705,0.028378305352294807,1
29.490916277372097,0.13656771233451287,0.028272361076574232,1
34.32093813320125,0.1929792436171778,0.711345838410224,1
58.22184848072275,0.23386885439027447,1.0,1
-0.27147433258906106,0.3095718998703959,0.13755463846570865,0
0.11614136814030296,0.1543055434129489,0.035983218076410334,1
37.13300127521637,0.1516203506670068,0.02733547813505866,1
-8.347026405606858,0.3166310108657606,0.264016913512681,0
34.915460174233345,0.11564929501502512,0.7598933787028884,1
4.06262911197099,0.26912677175790606,0.27122898795197026,0
49.851845090143975,0.12657519433198422,0.012864153300928244,1
-8.624589162565163,0.3320789140949575,0.3163579873545399,0
46.74106534433642,0.16391743173223347,0.8010124361250075,1
16.826356289830798,0.10041516682798447,0.01849385985370067,1
0.38684153823809153,0.2630725720402784,0.21055017420801825,0
-4.041491426775758,0.33478029140640814,0.2708224405266309,0
-0.36414456328436384,0.2732610055000893,0.2286678136612468,0
-0.4802994986232494,0.23194102564308497,0.1994737816667735,0
-3.864126072687859,0.259795281272684,0.21506242111675236,0
1.0384384358155558,0.28345078237442256,0.2054061557513343,0
44.30186592841739,0.13184416694222167,0.6267568760836,1
-0.08211448036376037,0.22949685423337152,0.27337541826610984,0
-1.606929208264967,0.27092590940535616,0.2539818949744768,0
25.615958089867558,0.18227938560870965,0.025343648986363834,1
-0.2847281186053373,0.26693540888290473,0.2598838156764466,0
52.14629249376281,0.10658695192008337,0.008719374451923062,1
-3.464547976303271,0.27703331040426576,0.2918011284212606,0
41.992850998086375,0.0,0.0,1
16.76784709427789,0.125958310524401,0.8890972358001401,1
51.265313613265945,0.14493596406492334,0.030841982440435428,1
27.968867920186938,0.20519667733509536,0.0363673996183064,1
28.817379274301086,0.07026220209183334,0.5747622904859003,1
-3.964364161311721,0.2271771172253255,0.3689796924268742,0
10.066258161725639,0.18557052897327475,0.6954813755273678,1
-7.427801865184859,0.2532642332375414,0.31513214096946135,0
8.646466146800643,0.11141140213035623,0.011813949733399214,1
0.6537028864304567,0.31708279525631317,0.24347818615186834,0
-1.4055014644297745,0.31210450714949284,0.256198441481509,0
2.803922631841172,0.26711783376624243,0.23472769666181612,0
3.9354230187122603,0.34872827717772226,0.2697203822745604,0
22.205180817209296,0.19158083930902017,0.6021222876153715,1
-3.8915236270115634,0.3351455103038537,0.21117553317057053,0
-2.9968751147688644,0.2960995825758186,0.26414566977115184,0
-3.521718452713796,0.29904164405685313,0.4109816356560612,0
49.16769094942573,0.10206107719066125,0.010950521670619337,1
44.93875628221547,0.17654878309820451,0.7543040870850387,1
31.092667374217953,0.0867996916026318,0.018308773143571835,1
30.06208226525384,0.23281041260286478,0.7918759960127496,1
-2.040376865107757,0.2715601732864536,0.21735193286718235,0
25.01526434180172,0.025096949125353017,0.8680989905305672,1
29.44206365497521,0.07881586815580384,0.015581510727591761,1
30.337750697803887,0.13408812361286898,0.02014508999262654,1
30.16308813121963,0.14694621643238118,0.025535695310677932,1
47.01958190250272,0.14950775956748086,0.01979439442649493,1
19.47790849755085,0.2096556472925514,0.01294226516904635,1
26.244770362311087,0.14686802113363825,0.6520074425217756,1
-4.689125199575614,0.2812177507361165,0.2877925022304302,0
4.112724560515945,0.26550440613101883,0.3348167925999104,0
-7.851123599452282,0.24039932466337885,0.22720996053042633,0
0.24260813972413497,0.28265220658875545,0.1419140507033583,0
19.938375536319263,0.1251213750845393,0.6842865037721942,1
48.84308411980311,0.08027524655703691,0.7531491562261996,1
30.23365620624815,0.22643739252704542,0.6871856260830822,1
16.076042213708035,0.1757441798038186,0.4993428429463283,1
4.843224952664446,0.2788833329047048,0.2740379487688663,0
18.73462996265253,0.20977403254127394,0.7529430591677552,1
0.7335684321666142,0.32795941511514154,0.3879757319808887,0
6.006069610819724,0.30210531691277304,0.17837229421095807,0
36.572782234590186,0.16116354179601303,0.7016382860444563,1
-3.6356858791243427,0.26164692727284145,0.22950561980036957,0
-0.573682207334495,0.27389258919692916,0.29675303843779877,0
-9.56640122328899,0.25932436545731297,0.17480775191129083,0
0.10501920816379524,0.24064491302949523,0.28372692884915646,0
3.7849430832267594,0.2745131067668548,0.09987578351665007,0
9.380854196079431,0.3268453359018056,0.17606134845853566,0
23.653917440687227,0.1563133868117034,0.004446262661587577,1
4.11030079997245,0.32152818455531557,0.18513139910317294,0
-0.24731854826216468,0.2761438746568321,0.2736499590997676,0
7.32824384460777,0.29568506464106503,0.25479461042130624,0
-13.484433214707858,0.2743856720498636,0.22035935211279767,0
46.74667470268135,0.1842794873149208,0.02456688010730399,1
41.00288563323884,0.18288815880751869,0.7906056122428081,1
22.53747414987233,0.19950831194796445,0.014105476000612816,1
13.019813033527686,0.14734465991515447,0.9491370418416905,1
-4.593259732420991,0.28699648393790506,0.17604272094963566,0
30.463905211781395,0.05022341097741306,0.029562950020913463,1
47.8205520043282,0.11932061973186027,0.466696970985726,1
39.55567578063159,0.1801895260138947,0.03515444808352248,1
4.355623517158461,0.20727279219181177,0.17596602991523302,0
24.988618279584504,0.21265664123841216,0.8548864141875362,1
-1.2016269907906743,0.2660614810810482,0.2875414071846821,0
2.2837660957689194,0.3741324560097999,0.23107557702248432,0
-7.574236123429323,0.250949666354091,0.29708426158165757,0
35.41656498503074,0.11304856709883834,0.027946003829452115,1
-9.447703654727654,0.26834444640733346,0.25846030330171843,0
-0.9245106822149451,0.28538745345818795,0.35631466556283276,0
30.719922389841546,0.09029052994538553,0.6266898694985145,1
38.69135201827035,0.1435670276823972,0.024158368362860606,1
1.352284128899194,0.24574932657599488,0.28854928493747933,0
11.395163556954166,0.2339337336686283,0.6444360510201403,1
8.224838567506419,0.2564530506075328,0.2743054876483901,0
35.85504499893071,0.14058693324568466,0.020827729037854258,1
-4.1617778655211435,0.3217739590019299,0.19256648874019186,0
-3.7769146617666127,0.2950328250981954,0.15791887331043944,0
10.610780985063165,0.22018793072285636,0.13390594479587528,0
-1.1288815024326784,0.2627889998818427,0.2721901550366554,0
33.21236828279244,0.17516260323747523,0.875228366195664,1
-5.989389462944242,0.30019544053809877,0.28776018167354195,0
25.637610450590447,0.12606207142391557,0.8652648103261692,1
0.9952984778673502,0.34957988619945085,0.30434986263652025,0
5.586479157940639,0.32123314279512455,0.38978905583324464,0
56.38158690525272,0.17791682116058527,0.668910606379975,1
0.7519689323810381,0.2889787774121948,0.18932037322399445,0
-1.5458606173431968,0.23247592170983533,0.10790029332268383,0
19.68434700153997,0.13637276393190953,0.036187876396608684,1
40.70516819031948,0.10435945403517434,0.007264144514034008,1
-2.534715876855649,0.31571938824359025,0.20791721258659357,0
9.062242789984644,0.29654456128121404,0.23428267332575223,0
54.07806773816821,0.18773666490339044,0.020156977959577584,1
24.793576655035473,0.1832684467516415,0.011483378256656067,1
-7.753317155330663,0.2896407164635082,0.2850780591047782,0
38.177303731735755,0.10249682512669363,0.017430548748782186,1
-3.9914862226922687,0.27355236909133795,0.28667093628411877,0
30.703647443036164,0.1603801675700313,0.7339580618024653,1
41.067070902030494,0.10496643087437599,0.0,1
1.6437555482984223,0.2871636747707954,0.23817757449460228,0
30.664273256392512,0.10774230207869205,0.019857296470506117,1
-0.06123386423457312,0.32592252497031093,0.22648264418686542,0
37.216525697373,0.22266377380212724,0.024535855235092184,1
3.070833500217126,0.33009713513054223,0.18893711166571348,0
-4.546937273973695,0.31561090916681145,0.3127683430318419,0
33.51520783880292,0.049133060093879424,0.7125465849249749,1
43.57531748763942,0.19662174354773335,0.8353201545051554,1
27.535582333347424,0.1459541331168656,0.01398055558064823,1
50.35357917989301,0.09840223789527824,0.006692948686690739,1
33.92919014934261,0.13784694005595666,0.008095922643255099,1
20.515740225713415,0.21033040774319575,0.7218874515111914,1
1.0146151042564986,0.2759707377558836,0.20750285643139213,0
20.940147832189258,0.18310259173792365,0.8833885745500573,1
12.087726949912486,0.10596229551986348,0.02019458255518883,1
