gaze_score,face_score,voice_score,micro_var,jitter,shimmer,spectral_centroid,anomaly_duration,object_flag,final_integrity_score,label
8.3510043800359,55.36158168668878,61.262855093889925,0.23322093216763073,7.587635381629452,5.22384287509838,1791.4115194929964,0.5552111206851418,0,24.678796469393053,1
83.40061470036572,96.07324128242118,71.60853146559359,0.1,2.8106877858167527,5.0728277997826865,1481.6284685039357,0.4030769837224188,0,57.76404819506347,0
22.73576215048007,55.034863967882025,98.60257961164946,0.16600809711052977,1.9697701275010386,13.60904937865751,4007.0488249478417,10.0,0,15.799789556243429,1
85.46436548156149,93.58173540648222,97.00695001026119,0.10889933042426637,1.921518338932635,1.905684862619471,1686.5725149649268,0.2906733246272512,0,85.04749683231351,0
64.69283723753016,37.24272101092342,34.9956175333974,0.08478901299758478,0.9521367780341112,10.539779868780117,1699.8888630080348,5.057365916430332,0,57.656844234257896,1
37.70352482685338,20.535680380745656,43.785078172271994,0.1801652686303481,5.302432442675094,3.2142149534276037,3810.6249465091373,1.1358825002616855,1,13.770540541527447,1
87.43800713771199,98.68629059951478,68.32619004969479,0.6341989784111247,1.6684806714381135,0.0,1176.9634639606816,0.34276406578536484,0,58.31722778382015,0
43.67670480177753,48.12432499007998,67.0491956763223,0.10822103480964701,1.098199066421238,11.401658738730495,2047.557790078061,0.018120737940768614,0,21.95203079075044,1
98.56240028570824,81.04264084299085,81.00689610866101,0.5632326925124914,0.6142745465580386,4.297753607835382,1108.5646440045382,0.4653970614118224,0,86.80857844162021,0
13.497939037664889,36.135168989186205,52.534790024883065,0.13694424750770884,7.701987811455032,10.711952117530382,2446.4328877478033,10.0,0,9.288688125777792,1
76.60782476777362,89.79556743206844,82.2853495174641,0.25809311318943373,2.787024684587499,6.332741091338504,1788.3987811622542,0.18964554811635456,0,76.45193924947198,0
40.67822117472762,36.755807351923984,27.396363583402024,0.08502000952454551,1.9894416476771188,8.571310504433177,1796.786984839639,0.008264359489089799,0,20.67610972773347,1
71.960803835417,50.56250970613599,100.0,0.15730440759109537,5.314197301287661,12.573146687528101,555.1030688226977,6.070951564801332,1,44.85046892412713,1
86.81866255058495,93.43053200264458,100.0,1.606832467643761,0.6263030397211462,1.8075593502628697,1947.5578391722677,0.01186928255131191,0,74.13462999701635,0
100.0,100.0,100.0,0.43699225889007126,1.285083397352206,3.8160864347914685,999.5203453465289,0.497172865264127,0,94.5711853650854,0
89.6210347426327,91.13373530911923,74.97009845337777,0.16142855828953256,1.7548168038390997,1.3178705733968625,2455.1870822098927,0.4927987241399275,0,59.009867512268436,0
86.86766764477078,97.80158103825944,90.89586321900137,0.552631977577511,2.093967130874096,3.6791612360493047,1225.730032963948,0.594244893005998,0,83.6614766525358,0
85.99651365087641,89.48689322725606,96.58457578529493,1.3946012527945164,1.430051736978255,6.1253145815750525,1819.1402805528555,0.11779335003390012,0,73.51548221285688,0
45.0873013143682,8.30836834522845,51.892476528037534,0.008342652743856807,5.459286111135594,16.404878322910836,4039.9524105496453,1.8337061120226659,0,57.14998480236312,1
4.885043988716671,54.08619366543693,80.12325735169708,0.10209506930822282,3.9563389170237038,8.01582023932043,2049.5470401639186,0.2119313120873887,0,19.954223564770636,1
70.92488305282178,100.0,75.8973437910855,0.27097717833508667,2.174484265858592,6.1803669420408935,1432.679830731343,0.6892320277518184,0,78.46845411662842,0
0.0,86.10858529949863,81.88476386041035,0.05656120161776632,4.940984802761857,14.684104045555394,2001.4557477535488,1.0975055728166394,1,59.65837173354966,1
45.764232109845146,92.96099039006785,69.59278549559875,0.027940904594645228,8.270095341238918,20.368394286471634,3112.514485186156,0.41835037186468443,0,20.52989781875985,1
33.11461858470199,73.7324124593829,58.0682226926371,0.040713578322646576,7.252476376872767,10.480368133837692,3967.54506651207,3.5071769873355234,0,30.755313967689066,1
31.906193377308906,37.7298383375895,68.79200580639923,0.06768683625594961,3.5254766472160783,14.404947152606693,3395.129817365739,3.62473581629301,0,3.554484405508429,1
82.65412866624852,92.77190780718394,97.81467589630034,0.23824469651369423,1.3703008196161133,7.219041331551946,1166.3260605069504,0.16711029120832344,0,91.35765231653033,0
37.0676399242419,13.966456357115758,54.89643537639614,0.019904014650208423,2.5073194127582523,12.870053983755142,2555.582492976863,2.9562398718591916,1,18.316118122524344,1
84.10264305712774,94.44483572802758,100.0,0.974314046792972,1.3112667765503008,6.781944716002801,1394.1816405181112,0.15253230365757714,0,84.87172391165171,0
87.71578837195374,88.71893763546687,83.0440261342788,0.27884203958921566,1.667576066918218,7.800536848621929,1384.8375692528318,0.4373327057152732,0,64.60061775673732,0
82.08306250206724,81.81765947841275,82.10036577241543,0.8261876831831261,1.401016842980131,2.2511287033201635,1570.4601807550769,1.0618927943157226,0,84.42711469006125,0
85.55724912288694,90.54284408421923,82.68347174645821,0.5658970922056745,1.7096534472693805,3.2350952046614196,986.2451855709944,0.7455128755415215,0,76.79110300473252,0
100.0,94.97257511884841,91.88868433865873,0.10528356423145457,0.6631031319499966,6.045682943101529,1558.9192001556337,0.23913899735869956,0,100.0,0
88.26927373764163,92.34846345733304,84.40388022391855,0.35842027956804334,1.7459228557757507,3.907477565467315,1859.3438273387942,0.45726310267167647,0,94.29514247321075,0
92.46253566027221,80.98586024872156,74.43916793151571,0.5231244208494754,1.341443458896224,5.047921024153469,1068.1868591335844,0.7446674944021463,0,86.10635575098247,0
63.67267217635756,29.51646018163566,46.8565276704345,0.1038272464487674,4.358507257042308,13.834401815510523,3471.9072241464273,5.715397750137849,1,45.49729983450258,1
84.37320902726829,92.47066410079171,77.00569701422509,0.20723168614733037,2.662620380834036,4.359828739092833,1197.6197173232317,0.20622218774700368,0,71.81057109327608,0
61.022041260481856,56.03522790925118,25.470161514262553,0.02792656071934272,5.8815135088775286,11.411313408606254,1542.9280806318304,4.02310385029851,0,41.726436192433724,1
14.472927552202076,77.56730115185945,55.41752168168876,0.2777201431786442,1.8930877326734694,6.10088583504642,3366.7137148666816,1.7983486723075184,0,57.106278029865756,1
45.73614938449808,43.30253164603753,100.0,0.02914708448938797,6.225252754674225,9.206104967147414,1918.4884934362303,10.0,1,10.725756020534995,1
69.80630034045987,99.82135193978634,72.97127866704257,0.8529205127799828,0.20729057007162172,3.659228469223608,2380.8055698638464,0.8315061495128695,0,100.0,0
90.8685709380027,100.0,88.26959071374456,0.4625759462519728,2.307577430876775,5.654230857131536,2003.047622543744,1.5830860031947966,0,80.04590175107859,0
51.21827545231393,17.282896725271524,22.250312206705807,0.09317201273552267,0.5481291640838446,10.682414176149829,2515.40744722497,0.28453562686360395,1,42.76429983182146,1
94.17861947054776,96.6682316928714,100.0,0.4061801483558453,0.9488915659396754,4.766336379517801,1826.9224814953304,0.2925179142000405,0,62.965461428632565,0
87.48220586300336,95.54484485810515,80.49187255004546,0.1,1.6082706783138327,3.8642572366010364,2009.7713706750326,0.19980364238353923,0,100.0,0
40.08255374142871,33.23642096458292,34.217802612952745,0.2627915014107129,4.594152086931545,16.651610290176556,3360.7472981606393,1.8817007219262405,0,26.166197911430388,1
80.54497478599228,91.34923737573382,87.37114659307036,0.20144684534963284,2.653556004641512,6.077212138417633,1009.5282568749267,0.9810411479797093,0,58.231605516482624,0
76.36009230320184,97.64244166856409,100.0,0.7650120705942749,0.2782657147282819,3.6617546287143674,1771.4912277117676,0.19496894233014847,0,63.86159256913611,0
96.08703580582907,89.88438183297377,92.59586781689114,0.22095485961504993,2.3846664530357704,6.690295240904829,1141.0987975354972,0.251667769130535,0,51.99949119794087,0
88.61395605508415,89.62463536896652,99.58476981509405,0.1,0.9208077346059127,4.261380048928765,1379.6078750427112,1.3148549853399183,0,95.10956536209893,0
58.88428966027983,17.18778274159219,66.28368869661581,0.003685570143374001,3.3583220822994173,12.998369904297533,3454.084963981853,0.7154510419373245,0,24.51543103790825,1
31.258849670526757,24.40850634673214,69.3596587783469,0.01151947022919578,4.368072097294603,9.521600079585241,3226.0894488374147,2.4484968230942177,0,51.744189734573624,1
78.46670767426288,83.84021415153087,72.03623649113212,0.11252792555119295,2.2653625491085267,8.788723801164902,1527.7348646861392,0.20248833849421644,0,97.19730738099557,0
55.49548224563456,32.76808442119031,54.44228652718922,0.08782871918278065,7.326564265588417,11.165974276184999,500.0,10.0,0,46.52385500656844,1
94.54001763493203,84.25274187544642,98.58799674788091,0.5129195595190131,0.8092051160280528,3.1524806359545936,1054.367456706765,0.13848827619786191,0,63.97218868876342,0
100.0,91.14354475810966,100.0,0.3062710385307899,2.5180561303428557,2.5096644593652995,1950.9400357421941,0.44966272420203984,0,65.07715471298688,0
0.0,22.850920731457343,74.6498203175783,0.2777276280281809,8.365325829296228,15.283868557251983,3450.449501000848,1.3991188675758466,0,24.233010849780463,1
75.08846607350341,80.37360267137423,92.34820359105494,0.06762729589387688,3.0058793452734758,10.238697261295238,2836.7782260251734,1.3401446435863629,0,51.49768075457568,1
40.47320238425004,63.49877251887757,34.819608062889,0.08721236519812348,5.603583861305745,11.575471969550735,2088.584822743487,3.442604186502697,0,2.8873319387442464,1
78.12699263458597,38.0118751342054,69.24690939948806,0.11634871895551441,5.086048970030253,6.920307650689812,1342.0831263528476,1.567448833588433,1,1.9929099169094133,1
100.0,94.63433199680871,71.76795656987758,0.2390010289540501,1.6948241633490757,4.65115563357414,1603.0403429592518,0.11390056128824419,0,75.91359648603692,0
76.0818488287195,36.65388390462703,55.708006591944105,0.05991432818096059,4.366793114193852,20.448357309011634,2538.934434530202,0.101736820968666,0,12.998060748443878,1
94.35678393147461,97.98648718518368,89.1441303932957,0.1,2.1800634659340425,4.587075059937281,1160.1116314089215,0.09000252631400008,0,86.84533959699044,0
19.366558553062248,31.577466194205027,54.11481402386623,0.026726639387500847,4.063750932407619,12.16471806779574,1892.2785913332978,0.2491821751272756,0,81.36204520927603,1
35.63243947820496,20.659240186330063,90.59747343117128,0.16660935070405383,4.636709722187533,15.791283105649867,2527.8035826334785,3.1117640248874374,0,38.34086208338288,1
23.693000949978114,43.63480034965291,31.178473985342496,0.03805838274654497,9.172528201616164,4.431660297660298,2031.6439832640253,3.52789787200517,1,42.913950132160096,1
12.91948733055229,46.400000557458476,53.18805701014912,0.04829484132779984,7.970433168294234,14.204506416347826,3673.0494423342875,4.455259517784714,0,5.4027018898237245,1
93.77362290575671,94.12942629691966,89.12046849131981,0.20035517767770356,2.1261038610532146,1.3943104729505094,1828.826431213011,1.3963948027781177,0,84.9655835422582,0
67.25736741414256,33.07472058024141,12.245622465205143,0.014047630240445533,3.2960575099000513,14.241123574715814,2269.9326819263224,0.7353436072559839,1,29.743018676792545,1
84.73486124550783,91.73946298543778,86.04648512713247,1.9164854800767621,1.8037117187087723,5.207581040555788,1936.7221356298583,0.27129489484861735,0,98.13515298351496,0
62.81667096353287,65.24344308341763,33.46779744035248,0.004685718996853049,8.071261957622063,8.400568113458927,3721.8465793556784,0.23309936520669045,1,24.10753221323405,1
10.552707700255217,35.137556939331944,57.61285090189553,0.006954859357605189,5.751493763439317,11.794420291229905,3079.2600405954436,7.2130868395192,1,45.21464132271787,1
79.74244978319238,85.15428061597329,87.41617178115459,0.5003748524175631,1.3714951043796044,1.4528289028068015,1552.9988573982582,0.026846175581758294,0,91.69742961132575,0
56.4295186050912,9.223309370125527,39.70987134488538,0.19155334484940229,5.9944359609063875,13.00172113200418,2716.737074165953,2.8607835838292344,0,21.48563995168936,1
0.0,42.04247464739165,54.511740263322444,0.012447705874384755,0.674641978970941,13.397171089416831,4305.401977735013,8.561727704053327,1,37.37188846113749,1
100.0,100.0,82.58008628608452,0.5682608340109486,1.0218658533961142,3.6047590644080687,1429.0032464902868,1.046154461589125,0,77.34247827327857,0
74.93982618500299,90.51579531848097,87.93284777405144,0.5691443173395632,2.7470313475975154,3.9202112324965763,1692.234703371085,0.20715462469581591,0,78.3222934387053,0
51.371892366864266,48.035230100779515,44.81026638350761,0.0006509222880540837,4.929366280810209,9.35404845887392,3313.7393713361253,2.565798759602969,1,11.362120512560217,1
89.59180079228436,83.98274875527534,72.44660002900126,0.6533901436091264,1.3227707219330094,0.08532282173202033,1962.4026677804509,0.15353731451138605,0,62.73160013739284,0
85.97676098548831,86.45374199046792,74.6017067206161,0.1,1.9212293469378456,4.274704958814072,1436.5849230334172,0.05710228517156314,0,70.15854145991538,0
58.93254241654485,48.83758547183605,73.97119414596992,0.07878773525999505,4.57833056269084,11.86937638503876,2531.4473589947725,2.2822084990966047,1,53.73628633845333,1
78.54880245394875,92.77203105384572,99.1145848268991,0.10031132271889609,1.9730793934067203,5.89762619294324,1292.7723922099772,0.4259561421227039,0,90.98226839082103,0
89.71415556386404,87.99962788320838,85.233704497837,0.6371690202989126,2.793040034177533,0.5141049390266694,2219.392034855247,0.1030920745321564,0,63.39900518405823,0
28.770656102015966,64.87827964784421,66.30685944121447,0.2402831706007973,3.96913027063723,15.209331111537864,3220.6329392226417,0.22905050011440573,1,62.097858630436775,1
71.03056815664372,23.805626346522523,74.7668079672682,0.1270425334329615,7.233958855280257,8.784701407029019,2750.590599200569,0.0591674892288071,0,18.08132719794063,1
13.433698667415443,23.546339217639712,65.9960721618207,0.06586983045680239,4.5852864626119905,15.938279383828794,2659.98575989095,2.6219841281590766,0,32.40327348301193,1
47.10809009525493,46.25910139370519,65.5340063576677,0.08296945006970581,9.109619637277298,12.858131675545664,1376.5468666430645,1.8225594452280376,0,44.569994635917794,1
22.415324732251612,38.3443152070722,67.83803423136838,0.09468712860451874,7.630096119048403,7.223365375634733,897.6412689078459,4.2761130141431725,1,5.534396542126161,1
100.0,82.9000625775832,71.93673040332101,0.1,1.7327176460720046,6.184213567964852,1529.3346979112546,0.12593179788296116,0,87.07086894147486,0
91.62130674521046,88.78024130895565,79.86922417197214,0.6873375971781753,2.343188616946301,4.57836734623745,1301.0582514343628,0.7501715628100968,0,69.69901406648972,0
24.174018100755205,74.76417068606973,53.031177843883995,0.14085361610633693,2.3634474159401164,8.633970164353876,2253.3946961972906,0.7287501234355813,0,61.11291123680094,1
75.44348200174757,67.19755207230996,74.68190732807285,0.05783769734639478,4.814801209463214,7.132857435674329,2552.7448868631204,0.8447445247260479,0,20.36733469625517,1
37.468382670019224,62.23029561660753,72.98319004573595,0.030099222598837974,7.833668164277606,4.420662529671156,2257.391377866635,0.5351611645960095,0,36.933814057736384,1
90.70890510693167,80.04909411686972,72.99510719236339,0.5972814287665406,2.8147025246436272,5.616072378804143,1687.1801688527407,0.42607096943131884,0,73.45605451729956,0
88.07299520876609,87.67780364649079,100.0,0.1,1.320544823297516,8.649346611705635,1366.7849523784953,0.08967396962391008,1,92.46816654799633,0
27.65954770556716,96.75346732053264,4.474941978093911,0.004431310210866247,6.339736075809644,14.658209657576728,3239.18614329612,1.0328694085890602,0,45.7473084986965,1
45.424599812890825,40.42262697100516,58.179347979857134,0.04823048278102614,4.872500156641644,15.784974686461256,2613.502434102796,0.7142635129292348,1,9.02392891896277,1
96.26565029547757,92.60637053265734,100.0,0.8152428480167739,1.9001144264911072,3.879924916622871,1711.135739966235,1.43158690171042,0,100.0,0
22.042554207069575,2.7574129094613653,77.69630962274675,0.018951614482240416,6.952995405545779,8.616147869482994,3473.2225860396297,4.071771545292211,0,25.426072379841088,1
40.119542928375424,82.89554600040557,50.47981387281934,0.27558719935800696,6.392379431652492,9.011112671118061,3400.5439456987697,2.2283217130139383,0,21.90031022782562,1
1.6257227530773966,60.146256667322476,65.43617586027,0.07231455086997818,4.020111958052074,9.838857888417268,2412.2761207060325,3.914269853159242,0,54.50214286577618,1
91.0789650971654,83.69772998473408,85.89323265400941,0.28569693369842636,1.9618908200853293,3.3135881463139247,1400.2521499310076,0.07869472362826342,1,88.01520820180677,0
78.18015752002202,95.66643077760851,85.45349236118618,0.19312639084102637,1.733250941345578,2.631016538774406,1503.5153770528286,0.6766290967157413,0,82.35718675553802,0
67.41260513576886,87.78549360088863,83.99107322824071,0.40648887250415977,1.1145872231252199,2.9859826814598884,1021.3337630862417,0.11230541807133519,0,80.98606490070931,0
50.47115412413627,46.37415771178943,57.37569713180183,0.20869409959843135,3.9506624388692715,18.596765293337846,500.0,5.364923305300355,1,50.8592321089095,1
93.52433334796224,100.0,96.23582148348041,0.17085060709710603,1.29215988738599,3.119481591227199,897.3863879238404,0.21557350220310886,0,83.16814098836684,0
96.88393273448084,83.55303946803049,85.7520517791235,0.1430362101447174,2.8322815340988248,5.433178679519304,1414.0180647684194,0.08736067951166357,0,90.10209194237346,0
77.09525544554688,90.90616328430211,96.45407847789667,0.457345662107091,1.932726814848792,3.5894319610074974,1324.90507103827,0.02162835954902101,0,76.9609134062289,0
97.66911149186623,100.0,98.6426486811676,1.1032438677425305,2.2459478967637336,5.6561176297866185,1543.8286320311433,0.6452573341041038,0,97.15042295308743,0
84.44415329089544,77.49447353042675,74.3477719549022,0.51335913830304,2.2542308113120604,4.62298171759558,926.4776704286343,0.594523145827995,0,100.0,0
60.283554998727105,85.18230351710575,100.0,0.8041776604383907,2.103786638454247,4.512341211388556,1322.694614072839,0.16004400647300043,0,74.50487484293363,0
79.37533224105732,100.0,79.04105984151714,0.7094922978741559,2.0243230638801895,5.550230243178172,2060.8037303676488,0.17407242060498948,0,88.60650664852851,0
8.769120679259977,33.47897008118548,40.94594145163182,0.04731988552845963,5.111260247531577,19.551435951834556,1880.2527538689242,3.073001159749576,1,44.78479550824712,1
22.751542181982636,37.450200995469885,40.24445084235913,0.15105211294257762,4.6727326582850175,14.205023689338839,1587.5372084091564,0.1397830545638317,0,41.57533702882116,1
30.988576386884628,62.756305560125455,46.755043573854,0.03802856518822953,6.473674248210358,10.94873270681176,1645.5622893070076,5.134376111977855,0,49.708865724083175,1
92.00309879408991,100.0,95.47253468680323,0.16929207902268364,1.4540874375987658,4.937956156296935,1172.8432631445978,0.3983036573673652,0,54.42821141314828,0
63.76104275690193,100.0,92.12545457859862,0.1,0.2657574254056802,4.619789558761269,1146.4004573014238,0.043813761909413614,0,80.78686080334165,0
40.37701572801984,30.655485527733553,85.18757987379801,0.17208085496713757,5.154748565521667,3.9391123782704938,1327.1694388409023,3.54934589153871,0,20.88029669002179,1
78.4737602069761,91.5578895577502,100.0,0.8787477040994844,2.0350721044369746,5.033288891871934,1421.8109425656105,0.02244879718554651,0,84.63570252536053,0
93.5765962320202,94.3317018256383,96.20283187840573,0.1468375518333385,1.995109038418523,2.851798649432803,1306.296659227668,0.5072900683197585,0,100.0,0
38.82901431914705,69.46935769944454,18.722400338331543,0.053648133351967824,3.937881659242648,10.327004338880675,2940.848099372746,5.622545890652819,0,17.437273638291863,1
43.05032419470643,47.963600305553015,54.8416464883686,0.3,2.3357484694467052,10.149421032474807,3143.8299548219193,3.0636499116153377,0,51.43077634616421,1
40.843376564146524,50.33551213471161,49.20328733435525,0.051696720744785485,4.75899788355335,15.065823839398835,2669.9040688187915,1.5519578202687452,0,38.92544676881727,1
42.84912036941041,32.893945487118906,87.44791264151905,0.005489627410382955,5.798009518487705,17.113940829806687,2950.723488358442,8.935308998260348,1,38.84737854075022,1
100.0,100.0,72.92191726864893,0.1,2.4275048346404176,6.053789236515829,1867.9486063817722,0.249572689585719,0,47.65331934492451,0
100.0,91.0922826486619,80.19971278711722,0.10329069449920912,1.0926293099206923,3.107358969531311,1377.822119023327,0.18233660773651775,0,77.4275659941764,0
48.13797412639295,20.850645357988473,45.01858385135095,0.041361496955872934,5.564001085109021,13.437943759095432,1877.0083877046777,3.03539438610465,1,33.553419973953865,1
83.8767195030917,85.35581240156222,98.42987277267127,0.5223937935496715,1.6676273842102354,3.066482376097119,2555.15270090408,0.35997147684490405,0,100.0,0
90.83928185325964,83.52317184062683,81.68502572179095,0.39291348216237887,2.158226224667202,1.3620630033949785,1874.4224671744064,0.3169062713525666,0,64.98485683275779,0
28.226618922324846,43.284459401548396,37.01695782979566,0.22146831438913692,5.825282722885932,15.13353889661696,2786.9931104866423,2.178970365001764,0,65.88666973942469,1
87.24092481810416,89.78156368392054,81.57038244337242,0.18910869440627925,2.2921329911674313,2.261426026022712,1789.836711489249,0.09038363796516247,0,89.28624754082016,0
58.79285290970471,25.49029371291313,24.89175432052599,0.09860370708297132,3.990569076329697,8.934080908365724,3125.972817499739,4.0001599061362,0,37.64618041377069,1
34.34251029695132,23.418532836718047,72.82564626082372,0.19006067874225277,6.887403268799682,7.052186966228619,2073.8391299560176,5.462185219569296,0,44.62990641134249,1
90.17659020469124,82.58117492647541,57.64527906766836,0.1,1.9006652728033693,6.631016581880208,2116.1764959106695,0.03928058696491731,1,98.30825905896849,0
75.95683374895592,81.0430605336879,74.42933877608901,0.1,2.4023271946028557,3.558923541686925,1288.4212949101204,0.2569097758271561,0,86.50343690287819,0
85.96120776940984,84.3327458647163,92.19760029481489,0.6957115942969321,1.0091299157097644,2.8936455093054607,1413.685149468712,0.6038919141700845,0,78.66195053462498,0
44.982210135978825,33.202067238375236,36.27970822441057,0.19767031095477738,5.21015194241659,14.829948828821447,2873.16477837553,9.42755307336601,0,51.989125102086625,1
16.10182554629866,44.33344490690001,73.74845982362096,0.008769055638436786,7.116272225134844,8.640810370605196,2218.25564150433,0.5936845147419288,1,0.0,1
7.160334264058479,73.14760441819296,22.39992055408405,0.0740695957500754,2.4624979847974333,14.92887229236398,2692.8631811246505,4.522749312587683,0,27.22509412656997,1
38.51347424983559,49.173299965955806,93.9573739193112,0.06048394265347204,3.238787080436701,15.985850461651934,2055.679680446129,6.159425125027562,1,52.39524116352584,1
20.889241054430784,39.824602704830724,42.70583468359493,0.11728186152329073,6.124184524165235,13.496866939209914,3596.7702081034345,2.7377409678929725,1,38.89677637971194,1
5.21431471119564,0.0,18.598837666339165,0.15703095494109953,5.530576689567616,3.1668879204796294,3135.940814139156,3.625648401190438,1,62.363780474971556,1
97.77664895788425,90.22544925895302,95.28067670963419,1.105387428405059,2.4878015312358364,3.7697806121535216,1528.8612947287045,0.04606094902154022,0,87.95553783498198,0
21.57970308675093,59.678707901522664,82.06342521707275,0.08869571771201767,5.294021667225727,17.13495773480563,3379.53248143435,2.1289572364524565,0,51.28679629135747,1
100.0,96.34790976441771,74.77249420196291,0.8846939419221181,1.3011073169866583,3.647775132080275,1602.9013684446008,0.21422203880486973,0,99.94691547807614,0
17.203104581177165,71.09475064703938,44.942249431181935,0.048050286529086134,9.440643716009763,12.444353405219333,3291.6794636723766,10.0,0,75.48057072758513,1
91.38592458777374,91.12708997528964,93.68358492173745,0.2897803711244036,1.623594932476201,3.6125892403900757,1882.9219290374124,1.1983429077751233,0,100.0,0
100.0,92.70787074769353,80.10598535377436,0.5889098213629114,1.9415087774577233,2.298773494096104,946.663689211356,0.9364349148578787,0,83.2503364624651,0
29.144841624550907,55.657306681085906,72.94346766647449,0.03083016967629214,4.8738048940913075,14.298246870146862,2190.332604420049,8.30115653530635,0,43.24228601461204,1
78.48399652394183,100.0,98.71116805959171,2.229280822509389,0.3610538904928615,2.529766398550824,1659.6912771757309,0.4780675354088564,0,100.0,0
92.91031947043047,98.84420746366388,100.0,0.7646160312407585,1.9687233609317194,4.535687275732666,2168.5390301749903,0.47043030153025395,0,95.72305951512914,0
66.33709414427572,39.25021478462902,53.553346019641474,0.15883014445589022,3.9750132182381956,10.095203358404051,3219.8635969063657,10.0,1,33.47902184605915,1
87.43339449322691,89.58885021129211,68.43432107541832,0.2936584538182011,1.5272064769825175,6.824053757086499,1632.767379083155,0.12495123891905978,0,77.19004535268049,0
92.25766623898693,83.98567159923853,88.98394667696273,0.1,2.177505683107931,4.012546312368837,2034.787629422384,0.2991596435154196,0,50.862534635573454,0
44.40027322493323,100.0,81.73618470310474,0.03770095188914822,4.650577924140051,13.909184035237693,1209.5865491384247,10.0,0,0.0,1
79.0842861116417,89.92704802684638,85.80164057535535,0.4300511457011099,0.674435806324452,3.3081613419056586,1795.2948923264648,1.1199675371264812,0,78.20661865060406,0
100.0,97.71269734630687,81.11677872523718,0.1,0.2107461127177376,6.8283745766621795,1532.7955255298878,0.8150990765036609,0,83.02998516135982,0
88.37602662075201,88.18816886478778,77.58048721748361,0.1245433667705362,3.0586741158318502,0.596195539963329,1442.5361880411529,0.6054939905860646,0,100.0,0
6.207837384023458,70.38310417022535,62.09819719011804,0.06571774551097621,5.513370461782957,12.456930578009425,2758.7618914083123,2.4745096683445755,0,43.83250135628434,1
100.0,90.49343879878377,100.0,0.40807981803195736,1.063166560946623,1.7488257719360618,1424.8562395965123,0.25739217421121646,0,100.0,0
39.90997363588625,55.41799105307207,26.81022621978092,0.04231515959217107,4.924564100468817,15.300897676726503,3247.4192141092376,0.20237284871507916,0,18.933160494190492,1
97.4608519249763,88.08854320664244,79.6387381788451,0.11679609309297986,0.2587902007528565,1.9273815052524594,1220.695260499443,0.15402624824011316,0,77.24689516975302,0
84.65315112613219,85.1005010028765,85.07939224749978,0.1993609110129775,0.790136432915383,2.120064341699867,1646.1576967700562,0.8388105932358557,0,84.29580115933085,0
84.25554084233833,100.0,95.23824917298812,0.15872615752575572,2.0684392818382284,1.7599051550602556,1932.6056345198965,0.4467190779384265,0,91.11979725361871,0
42.215115093276694,32.766773297998206,86.32645525609786,0.20750064966965273,4.97014925511408,9.264559186614253,2306.545669976816,0.9647141682893425,0,21.83773013816611,1
21.531715208802552,38.58252138266218,76.25090987973924,0.10309283517545781,3.86665881407712,7.966074290854735,2457.4130659492544,0.9563001693031894,0,29.171872773022137,1
22.21612932499684,28.389242158161554,66.7132814226281,0.057913521090355795,5.044135401873727,16.1147948635596,1778.0682234046997,7.326683010336341,0,69.93979396350994,1
29.375928091944655,47.08779118422413,46.777762583229766,0.16395330942226854,3.2811236264093777,10.566422067887906,1725.8748573691828,0.6142409631706677,1,37.48875195813887,1
17.736205756663438,73.27218456979594,100.0,0.027118298977430746,7.049547601330022,10.288663137128509,2635.5019759541656,1.9026482487707703,0,55.95403137755219,1
96.35565640180599,84.45675841763274,95.2541839162644,0.10748560735327195,1.788518313148636,2.3038688039389825,1031.88771744129,0.9608085640946626,1,95.72175138903732,0
6.835464633850998,0.0,26.895850380951646,0.08380325029696067,6.1375393906788975,11.366721549618486,3987.042108464412,1.5076383312485224,1,30.337281349098966,1
32.57957937980871,40.20823476239919,82.48659428489132,0.008737152552752933,3.9121798929734846,17.901816524169178,2917.5129873080677,1.2202250584514969,1,25.41081178099083,1
97.71555094994159,86.54703749825562,84.83862140701301,0.31908319232787974,1.8341446017915206,4.498835375370083,1306.8064295708637,0.21643557412379402,0,74.49388030972726,0
18.566383473899553,55.73931602685633,47.38443379113161,0.20507168054831,7.71858284867302,9.331361799734694,1657.9815560020972,0.0754439517695264,0,32.79200191801913,1
60.493062480766824,71.50831398541801,39.82591385318411,0.14211145213463783,4.3618741604306,14.736419963738964,2514.2842411857396,0.19424167318017102,1,33.12095268735431,1
73.75357908162131,94.44984007520527,100.0,0.13311738744306478,1.956943524975367,5.851344419005443,1356.702248836997,0.1901124315715167,0,93.46483657474616,0
14.061564997861872,79.36904500582597,100.0,0.029231832493751317,6.767249097941944,12.688235689465035,2722.019747581036,9.24980644171199,1,34.31656236931345,1
88.80197851005963,77.96223700775198,73.56158973533027,0.5882690535499077,1.022870873624896,3.9944277786661977,1446.7987344279745,0.7010852299249541,0,84.08950271479121,0
58.131633031884796,58.41780738551528,100.0,0.1445759320677916,6.2502210924978945,14.219868659994452,2084.7794248654814,0.28153567319863954,1,0.0,1
84.66873027126204,100.0,87.62729280554917,0.1,1.0475389057008078,4.014725362847134,1845.6993538794545,0.23738215618113556,0,51.11648959500684,0
47.37112713955849,54.09810158983574,98.36906982808942,0.005974742741621591,2.584450355151207,6.466130750176056,2166.212131809348,0.3968526169606826,0,43.804960604207956,1
23.162478673138153,66.9409275481222,57.535574105991444,0.2229577946504131,4.218223465655223,7.459951607255724,1261.3906654153318,3.475246781380684,1,32.02889170198835,1
95.80780725554622,78.33958800428056,83.77694418620189,0.1,1.0324357665196493,3.2509316984994983,1312.0942142651452,0.03675422245951779,0,80.66854416333908,0
34.98783035355421,84.13900926080444,92.03091479058988,0.18069826836807198,4.551518088903627,11.426307134164283,3203.445834167181,0.1666636895469361,1,31.8554656621776,1
57.98974728020737,28.947532756965284,68.8849715162935,0.03077907518395967,6.653892121885599,11.577900244916183,2750.4987337543935,4.898464185610641,0,0.0,1
80.21251378336522,94.06980018583947,78.0033273159909,0.23634476887895328,1.6264713802585475,0.514456052237918,2031.266421582933,0.13056943495023904,0,85.197905274695,0
79.55080913191051,72.6186436318877,93.99836948488445,0.3998449535949602,0.7329772350505802,5.406285084440007,1990.9095288325052,0.927119003064378,0,81.6084393262873,0
54.212264650069706,49.790980318213585,59.329941067718686,0.15261119347966842,7.430131211183277,7.464214656128783,1971.6421055939334,0.1837214135150108,0,31.228162977873666,1
37.403971174921104,71.48535636898633,61.28734174854979,0.04694487298760892,5.203215437380021,12.898397906833038,1817.4255054864961,1.1010780824965751,0,71.77509001824228,1
2.7947376241639965,45.33908960446115,41.565935267165,0.032416698152381115,5.434878161451684,18.472273924664158,2636.8315941097176,2.4065214654074985,1,36.114795466527355,1
47.714530528811,78.05508333233422,100.0,0.04590772837308856,2.984075530172724,6.877551418555567,2515.4071738809002,10.0,1,35.56937880876821,1
93.6960592010566,84.83228656700372,80.37565133409245,2.2784440461143087,1.9119068768610978,2.601170919753425,723.2565362482376,1.3150878527922805,0,100.0,0
99.41273289066116,98.73048096475415,92.17211780246004,0.4509989653028421,2.269589751257473,3.7229755107855507,2556.804764197048,0.2271310288617743,0,74.66097624369544,0
0.0,80.93661479333846,6.8684446853128645,0.10370202455419582,6.199157255627507,9.10961287439409,1820.7812543343716,5.911120575777911,1,37.650161936843624,1
87.16458589581976,79.04157616336738,97.48750718995322,2.4519091152837706,1.4295270047767414,4.796294530245074,1885.5701692222283,0.84941369288903,0,90.8976743350409,0
67.36959844637266,100.0,89.86228820630775,0.1,1.8038141088327169,2.48246948412925,2077.764878022035,0.07764577326180669,0,82.25711748160852,0
78.00274492007415,88.3278139417118,93.78698743216789,0.5389495570383879,2.3602747215655184,2.0684347342720812,1272.1204148297074,0.33459483953468316,0,72.50823210672179,0
34.09911763978152,52.12432406589568,59.51170354578016,0.026746584819567605,5.5134383455914815,13.047428828982902,3933.4258188906874,0.08855715053493517,0,36.10460872962223,1
79.29253706250523,84.63503832738684,81.84164362583925,0.3980437931239487,2.6112194903702095,6.71837898832805,1232.2252345466038,0.488755228980395,0,79.01884649606909,0
91.15935606944264,79.232162558026,86.3860385871792,0.4709426506615993,1.7286426294357864,4.901226098862777,688.9290913316605,0.27994241109349216,0,54.74401148578927,0
52.16540860363744,40.0418246779593,40.7024287547519,0.3,2.3746788784014434,17.12598159701365,2524.226909242371,0.8751969650746754,1,19.636115299890356,1
26.28578335230526,38.50986753106299,23.194059319200917,0.13129015606674985,4.844183907337364,11.195648257598528,2803.29890645539,5.343432422434459,0,37.65856929655002,1
68.72457562116837,100.0,93.0411338854221,0.1,1.172553220723423,2.6866213087451736,1940.5320659558201,1.3488943950214942,0,76.65461478100397,0
88.41151974816644,89.49925497680383,89.82109590698488,1.1729722948735801,3.012352548124626,1.94037630291631,2342.118971783325,2.415155953459328,0,97.44501454557957,0
88.0780176889206,94.10484638540866,100.0,1.1066394298015023,2.026210540920299,3.5457879844381472,1010.7119079752281,0.05960745354498701,0,91.38472543190169,0
88.32314011979592,84.85185415695885,100.0,0.1,0.711568319423256,4.298912179326619,2416.7645067274743,0.3045199497232266,0,67.76135697277171,0
86.86454314769428,85.57129406633604,76.55272696724026,0.4311464212746629,1.2454099778059038,1.530976003155208,1546.6314048049856,0.41684582022138716,0,97.85712477790223,0
46.11484356085785,74.87171734469847,45.198805433322136,0.085653723013906,5.945907129426542,0.0,2411.693455483172,4.315375344327038,0,67.92566767167955,1
39.754634558119726,0.540377085672894,29.917454225612584,0.04952182260264857,4.003616158597122,10.144862514487569,3049.4775816509755,1.4378237625947725,1,0.17016686771808232,1
49.80251328210488,44.35693420969663,13.17289968735649,0.09565654776730513,3.4043557571144403,13.35913208855692,1618.3323481791476,0.7597481512424065,0,33.892129490353284,1
70.75251813786544,100.0,72.29415521057065,0.1,1.8361532343159932,0.1718798588250654,2076.7769607810405,0.43836468658032984,0,79.38623697207396,0
25.86016332349537,19.406378833593273,84.45218421405437,0.04192687762360095,10.471920318766976,15.016343220153994,1753.9524892426355,4.084292063922948,1,24.66539124956292,1
73.0379337591933,76.0822897697752,86.76133896481005,0.2191731722567041,1.8949238781145208,9.098019417435445,1311.9186644858755,0.006071684228425104,0,84.98558499835977,0
78.77300480179406,72.77687525638014,100.0,0.20875769546610864,0.0,6.074317797316486,1141.8288156299834,0.4229779104642703,0,93.53136967382402,0
76.53206281931595,94.40041679219641,82.84906695641605,0.1,1.9049927914447409,6.75693925492301,2161.323854871412,0.43025460561463313,0,77.82699867280859,0
95.49009225836889,93.9134970411813,100.0,0.1,1.5010605509875259,3.2310862420458166,2028.3983158162841,0.7257563811219575,0,100.0,0
40.83465450756618,72.67085365932316,63.271588276672794,0.12718577042877863,5.833318121097188,16.948603901914865,3452.289135801653,2.0858703492669313,1,42.625382939359575,1
78.43605334793205,48.446598338267286,32.10919259103851,0.271648726549128,3.286996085761155,17.55138388138389,2458.013854151429,2.001440969788896,0,10.350912183395483,1
84.80983792097311,85.38791679418624,100.0,0.3885899428401247,1.8050476898118277,6.067762109848417,1493.372636070992,0.0057275135552167,0,68.72981795594944,0
100.0,90.45610499917667,94.61771530287427,0.5844804874504961,1.588428253979152,8.763427063465091,1035.1736718974867,0.2531077413793992,0,87.44951922469843,0
33.05377698596818,52.64425958810308,46.73353344059171,0.14783617136972346,2.885497075959794,8.766944699732301,2487.240218418584,0.8053911044656431,1,17.53894880645545,1
79.44800473306802,80.16360324438067,98.42985510996276,0.6437300876406098,2.0782615159884097,5.111882903291685,2197.8335480301,0.894219706429703,0,75.72815885726908,0
76.16142563798867,89.84289760858655,93.11064647431643,0.3774480907402323,1.69430561052022,5.129684717200245,2136.1614274294557,0.5253354910145949,0,55.71240415226203,0
96.43754043206928,83.51798050388496,100.0,0.1,1.525925610672109,3.392747854203998,579.4113129320053,0.43735688813733664,0,56.824153888903474,0
55.59208722839386,39.71848923791291,87.90862093798799,0.28374587640160615,9.666071124222935,15.29880696314439,3708.229321018516,3.822329847367926,1,7.312437115726196,1
41.14006120010723,48.94170260849468,55.43572382395254,0.258496113962098,6.236578606621416,8.361391896667847,2876.3141936073253,3.2569299712566737,1,26.819643043701205,1
40.04007522403857,59.51300763290757,70.56922813068874,0.042847074237519545,6.087308256561213,10.597306425365614,3177.4829945439205,3.438780395064879,1,34.28722878136662,1
92.17542255795962,85.33538049144849,85.90774890516597,0.18973288306166458,2.17581950062536,4.026900729238586,1487.0892423589528,0.2493950989889356,0,84.01213083347092,0
70.84629257949585,97.98408087887722,92.5169143131702,1.2329093890356795,1.6144390159031619,4.4549917514641075,593.5791623402869,0.09684655704955264,0,86.2564298663487,0
37.47058403682186,37.34776772020279,63.17277160597937,0.04297481224083333,6.803529375880568,13.061028094321609,2556.691997644109,10.0,1,30.173572241242937,1
96.79440120721287,87.07742758950313,86.99874436251567,0.1,0.8229122240904216,3.598721402349136,808.3268441986319,0.3645311746419777,0,68.97993359484711,0
38.64560447075739,61.4909329518704,78.74250960694674,0.18664945802924315,0.0,7.879619694042041,3259.3328561905287,3.259462797985967,1,11.00008839812714,1
100.0,80.4992126477639,83.69991817574534,0.557956304908971,1.1093809260387644,2.531533356057924,1956.027138598064,1.2635761618959942,0,58.67975082022179,0
39.76997851346108,34.43465250101703,21.82806101582443,0.2974756438348369,4.172379762756206,11.614554857647107,4158.078832610015,0.6333530453057886,1,21.689322659826416,1
43.95392532790024,56.06507032637354,57.009058149075756,0.14701615324047615,5.038437704434541,7.795832198853224,2491.1949426972737,3.467193040995875,0,44.26920711332434,1
70.39826135311186,72.36147107762822,100.0,0.3,6.991909856452812,12.071890317473233,2185.724887386234,0.3198333557289229,0,40.72556446163769,1
80.28961694381677,97.59643308353058,62.15988496154507,0.1,2.3562921281839437,4.785268231301936,2247.441287665201,0.28071110979301034,0,73.23171759584186,0
26.907229599181072,36.808655595541566,61.21362762797468,0.15338421769255584,7.5137560633498435,14.378036010525879,2439.051464038465,0.10465997928844019,1,0.0,1
90.9065483069231,86.20928522343267,83.37973825944563,0.23033263889338018,2.0542152254790884,4.359244545263847,1512.1905655682515,0.37691137616225967,0,70.22836175204478,0
43.3702911831411,87.70776871868875,46.50040694121202,0.1839024914244424,8.419416057351036,15.598394951917626,2984.9197598067753,3.2341747865478316,0,21.022676391160125,1
96.67782061659807,82.97613930594751,100.0,0.38947654208016463,2.2529454931359756,1.8923290092713088,1129.64403844354,0.060488278824475716,0,87.14645250075687,0
85.26091050210833,99.29502642086553,94.69767417422207,0.8353007316259138,2.2561692276891865,2.5016565467935163,1684.0169295441865,1.0342857086058441,0,94.91621792311376,0
30.30841940761625,37.42725874904952,62.531062002284756,0.05802095948849374,9.624088112719061,4.796917192309456,2142.618507421737,1.9069761611610967,0,70.26808091837043,1
95.0629280921444,80.6406653143177,73.05139148264338,0.29221576118598264,1.0235720518529126,2.9644851055555606,1293.2612467304687,0.15801553946727787,0,63.22214773682552,0
71.40143859020081,77.432990783452,83.00566714137695,0.8581033733894641,1.3473022243574562,7.422057618381576,1708.2757985690675,0.5028931746233817,0,56.49560943248971,0
25.84646014023134,18.835950846014338,53.0037711628051,0.06385414426332967,8.344083546084642,11.150165099862923,2562.4621711167915,2.0570849203339177,1,53.539992574683374,1
88.01547342333612,92.9196880197298,81.84143720234098,0.21217574292857033,0.7459535953664987,3.2534635081173717,1924.057527468508,0.3513356712521474,0,73.22538366234579,0
82.18215391139492,90.15079698355878,83.60191575558338,0.18702976676938576,0.0,3.347975008366302,2446.1631087999895,0.20905628507723814,0,98.03373505041756,0
29.490353696419554,90.09254638667326,44.66402994058724,0.03424316089848451,3.2596736844401955,20.395364921409758,1850.094916247969,3.0287403252768126,1,30.945599411266603,1
97.55756125573521,77.35047438374293,98.98468330672193,0.20718279596100067,1.2779645949475587,4.818877061284504,1298.2807936749507,0.00045312288138122904,0,64.87350469203281,0
37.47813633042142,84.44935834813535,39.260144203405055,0.023304979643737945,4.552121151373452,9.159899652739595,2368.6289727668045,6.388276042731414,0,0.5790574874067422,1
32.606821950537,0.0,20.48369574724651,0.08893084341397323,3.3227526528009386,13.764959288681085,3457.9385598439258,5.126919190757813,0,31.353705985660135,1
86.17327383308782,82.8122561456717,100.0,0.1,1.6772467788993688,7.408204156118236,1151.522787996948,0.5157836286777442,0,83.02607982194066,0
31.758757959263523,43.940613547372216,0.0,0.0570857172315428,5.2430060196378685,12.634733294474916,3039.3152040959912,2.071041507142456,0,19.89932008179003,1
96.19574911434577,86.50033359741272,96.31502347637934,0.6628173198274331,0.0,2.90418939158613,1887.5079582725411,0.6318676949312758,0,99.07849318135915,0
30.90135051516784,62.70030727636499,76.73931296633553,0.047894933574568276,6.591374040244773,20.399010191983955,2398.1138655031104,3.2885546082275727,0,0.0,1
34.1878753664294,25.258725845890915,65.93765508682591,0.3,5.75645257086302,16.91491222091568,3354.28534183552,0.5903510604984712,1,35.64853208374008,1
85.18418379189552,96.35411743697462,88.45885593952033,0.1,1.973153721401484,0.3859172101363675,707.2142057045147,1.4559684104208164,0,62.5559151972063,0
89.81009231736714,86.58913923035566,93.48736485538289,0.1,1.4078206139582419,0.9369293695127139,1467.0985201314186,0.11118493722132164,1,77.66866351208361,0
39.66570082175744,41.331252724793934,74.23038193072624,0.1282129307560381,6.337928963436365,10.637583689024932,2090.8499769739683,10.0,0,44.525300345131114,1
48.53988194750109,55.87320312720289,47.486600370530795,0.1268966470427633,3.1743910267976103,8.508955716845847,908.7726430629632,0.4289053827344641,0,22.259487802542786,1
85.91760776535503,100.0,86.32664469182801,0.3490067883069041,1.7556197366263644,4.3818330482874215,1237.1460150887767,0.035102014371716055,0,94.82913190248762,0
66.49172715524685,38.256755087760055,39.09357912534909,0.04092537497471543,4.200354632809065,12.78655096700098,3836.0751204664716,6.36235847318265,0,13.2778062734875,1
84.86502775262066,93.19378498084224,93.71629323227462,0.30728263731820926,1.1800807502950903,3.6833890439806725,1513.4876219604214,0.018130865772121654,0,71.75112751303482,0
55.939090688564185,43.50697072308669,39.70767195745505,0.09272543001560792,1.9448381172884819,14.114156807325607,3106.625908894337,2.410132663823954,1,56.54719619724546,1
30.002125283759078,50.23488386439624,76.04080639412688,0.13904347669329062,6.034420432317921,10.427054363348619,3835.3975539012,2.4762950298601045,0,31.952450054576445,1
31.038527397012796,31.113479965177955,34.37598283521898,0.3,4.0453102831123315,13.892181091352004,1786.0280258274738,1.0934193940209136,0,53.87537569598644,1
99.75356216949552,75.58415649935984,95.40407139492036,0.22049136037394088,1.5033838871953213,2.68192145022271,1882.3210980449924,0.5230503040168836,0,76.41090279272223,0
76.7931768164829,76.83681002434487,100.0,0.7741054610960924,0.8325745519723001,6.506265649536487,1510.1541111889087,0.6305043246659897,0,75.32486171352149,0
95.53802052034904,94.3463842322911,72.48072450554604,0.15610650034924264,1.1229890074379842,5.366446029577616,1622.5557928293656,0.3582449514218305,1,76.8593658003213,0
32.9198154455061,33.51689663057081,55.45577492842793,0.031034192136629526,6.729169583503542,14.903284592155188,2655.2168036046396,2.720480320633573,0,44.73789622323929,1
25.307428707998373,58.13712780811544,71.15800407839563,0.009750226661552624,2.832806910654925,14.080705686401085,2393.0592682761508,6.4141546061199595,0,37.78702415797857,1
32.32441254957521,88.85706104027565,0.0,0.08852369197283101,6.445553547865546,18.030830797253458,2036.5557531367654,2.886994025517566,1,20.862931969713127,1
90.38910043684659,100.0,97.75846224097573,0.1,2.2784812488120574,5.199155082490711,1907.5692960359593,1.6319690015943351,0,74.43113943994409,0
53.43872756015234,55.16694071347789,39.712104949041134,0.12270516076899479,3.3938308385618807,12.29851203926739,1707.3113967866282,2.775279354234799,1,38.51084487670296,1
4.500301197118808,63.46257891597609,46.74982828437784,0.042854949143294754,9.786024589533573,12.643901990348622,3645.308789550376,8.283027420369175,0,0.0,1
50.62350672575198,84.61262406627586,38.58224000558833,0.09878530647883638,2.3616098944644013,9.886196008398437,3574.2215715384027,0.27420185830250327,1,45.08514488968303,1
91.54365656354058,87.66550984867564,95.81826389607407,0.5549898272229316,2.3640448473114484,0.21447564481989634,1852.026385182937,0.20378515618268975,0,97.5082659995656,0
82.30593165555442,96.88378790687796,87.71737418950914,0.1,0.0,7.56955007837019,1979.7198291686343,0.7455684660292303,0,87.26887068258912,0
7.783300433978417,74.5934010975891,47.36727116203588,0.07707982940506777,4.937317694660555,8.667966976642239,941.297194614279,1.527445675829916,1,40.344213102901115,1
80.14636452170896,83.31722357392194,100.0,0.2649226550765014,0.0,6.096965302101185,1371.536384517719,0.28904325156278105,0,89.19898316991716,0
59.45423585663862,72.66960666688573,100.0,0.050354794673979714,4.5280398022661075,10.719321967117097,3463.7407486055404,6.376419145906994,0,1.4158381989243152,1
31.87447326589914,67.31939424270594,58.8067343951875,0.10486255396001323,0.91133904759785,8.31312865407234,2114.5085476122217,0.2452940274150266,1,23.618772183068522,1
68.0753537028518,93.8778625383558,91.55890654168914,0.3222641087287356,1.2193204559388204,2.8593718644270676,1696.578204357761,0.30234270817476894,0,54.49059125522933,0
36.27083809121875,89.47362731794938,29.031639145933248,0.18136331123390126,4.25487543885817,10.985438184429992,513.9648112713293,0.47868981611698525,0,50.95703650956601,1
4.528043786636666,43.510081954768246,0.0,0.025111253021691017,5.7048458287686294,13.408154451832482,2111.9119845567507,0.16645134209554607,1,50.705107191430955,1
94.75545127122359,87.03508534331115,90.32307893641054,0.4731572594850991,1.1296483903797934,2.9410660729859837,1102.2579737476506,0.10416353381371854,0,67.23229276328773,0
93.1286211883896,92.13913851257523,95.80540111043368,0.4989881481727823,2.187667897874845,3.965987851032338,1375.843603448974,0.06588850835299705,0,93.07333949432213,0
48.46267384465937,17.32254139002169,88.62792934029471,0.08299397889920018,4.803937857440426,14.285132212657185,3013.6862071988908,1.7272107573483169,0,61.45485663759573,1
100.0,79.73606220649144,90.36778848886715,0.27165966613329323,0.8685291954242604,2.347776016570916,1991.212083843254,0.13541533817751641,0,100.0,0
96.58595579007404,78.88342026589123,93.97866098196143,0.1,1.912235457299574,4.480411687892446,1554.638958235501,0.07579143761687597,0,73.47384137635525,0
33.960904581984444,85.10790704987382,32.954537525364515,0.019555248410373868,3.281845367269487,13.883475437501524,2464.2979015468463,3.8289052924955245,1,37.31241580842867,1
0.0,59.550842642900264,100.0,0.23901334945693586,3.7324227084443993,10.38674093071317,1518.4674589638075,0.22951084543535974,1,69.91807264371239,1
57.168892034457855,92.6340589128271,71.5576724161992,0.10241311667613513,5.272249268151688,17.906974683153162,3018.698222167832,2.975125441829612,1,52.46338584763176,1
44.91531146031021,69.77850010889709,52.482603179570575,0.05615941559410377,3.3975592803742334,14.669421137818713,2256.9092564150956,1.7414057508587963,0,56.06139435189825,1
80.22342553234883,66.62919613204315,82.51238013895852,0.1,0.8788006876055997,2.8857388548555374,1528.9008192951662,0.4449063676941362,0,79.23146246701712,0
91.81952971294965,81.47909069539702,98.06728600563535,0.1,1.4498883381382122,4.80047171105355,1141.85825053632,0.7605375630181049,0,58.35198809321309,0
77.80155791605291,97.06927949989338,100.0,0.41298376851761176,0.36162005979066153,5.239477569405738,1828.2214011551587,0.19689427619228977,0,78.8181739987955,0
24.074719816450703,3.128358612457227,25.81247940298214,0.12542918429615416,4.547649424638478,13.064861040611628,2614.097114135106,1.5265903073873799,0,16.506155389529358,1
0.0,46.82103507812789,53.191313121233215,0.10834579200839137,2.8930619318534463,16.59008246652897,2042.0199809507274,3.431888654151847,1,36.261553508584804,1
91.8605145999844,81.17433307422654,87.25370779600827,0.10532109527205674,1.9466691385693644,5.008575706768545,843.4479537591612,0.12961573760632894,0,90.28429061327725,0
80.84712086099199,99.18909879542971,92.66991034801515,0.4173765997207439,1.6786166687362087,7.177880656888165,1329.2783220258968,1.423582405894265,0,84.44859015041462,0
85.87047068238171,77.547344810722,95.3892537972537,0.407138482603557,1.2025136941770675,3.8482570986299534,1273.317956777979,0.6813855110118571,0,86.87583514935602,0
72.7525024125201,31.929130120543757,87.37871360488357,0.08702374404151467,4.843226600541215,14.735444455727968,1505.9487977602355,2.35939387604297,1,37.793639305704644,1
53.67620852149993,35.80480394539737,54.988032048287366,0.03525078637135579,5.334005843391477,12.648342770587103,2823.5265232571337,0.05764709471200803,1,37.42067757005485,1
86.77701000933254,78.74946029062534,98.49420488959026,0.7613799711270446,2.6616941593460486,4.546236868587289,1587.3555950176697,0.08561871557476011,0,61.18966021357225,0
9.523253497315913,36.26903366718562,37.97727927160763,0.23362935691670952,4.157794455676337,6.318792879717222,3065.5170327348096,0.6325115945145093,1,33.380771505264526,1
28.28442764519156,84.0901823799925,27.098395598202625,0.0009713288307056577,4.732948529095023,19.431400605162658,2173.871537147252,10.0,0,39.13632723582808,1
18.82072214148399,32.338112480855095,73.74245053612172,0.05818720757044881,5.473084387229726,12.068275300798904,3372.7832220955725,2.63310676576117,0,26.774401513389233,1
92.08356447299353,93.74154537412346,85.24541613567584,0.48554590693818245,0.0,1.5703877282227134,1978.8672108991414,1.1081824815985117,0,55.77875206563004,0
78.98293387770603,87.94098770061323,97.68547115964772,0.8675674960755783,1.1818562451083168,5.255212595123663,1000.0718641642544,0.28433658117371324,0,79.02841610303186,0
66.81591484342505,78.82283140512024,57.68812501076997,0.02363075897399626,5.1848422946784725,3.6272879104353635,3233.063162750857,2.083444051843729,1,41.44040959310428,1
28.890010738926943,60.82126006299935,8.025476381154318,0.09026303752245776,6.490373763787655,12.00064202962834,2685.3359512149814,0.5810737724951176,0,35.35283617470039,1
43.13695270279566,57.3604744421012,55.78972515381446,0.002587940269688365,5.836430156532394,9.742788216757496,3113.6401747941677,1.909163223535412,0,31.283887798004432,1
80.5381656678522,89.85032994843282,98.93635266609667,0.1,2.037555686251598,2.03734812696507,1618.8908886340346,0.5302230265612754,0,100.0,0
43.24711938171896,63.0999738896082,87.17368215291049,0.041786383096694975,4.519203048623178,14.221518624599074,2832.249181792267,1.4973835697151436,0,35.16548988684641,1
79.23228669431667,89.3385545132584,86.4945488799652,0.6401859172767059,0.7207025230269053,5.715797650582686,1883.526522587069,0.6619798275894869,0,78.25142980320007,0
41.24124263453477,67.17068738632096,74.79363185021806,0.005302299706399156,8.022566248221484,11.848428672821242,3000.2316100336548,0.42767056559832,0,16.96869009392968,1
15.784408835102195,57.90219555272334,0.0,0.13267225204946853,6.212474386992577,7.8202998615109935,2052.6193616358314,6.121182388838616,1,33.00479449371467,1
40.45035980459186,2.178716166304268,38.5381601184686,0.2060160763134511,6.190646575785328,12.849198470641907,2871.5900844617872,1.5540777415662486,1,38.11503815662561,1
43.518219342028225,53.33748547653429,81.64909299329565,0.07593611029766666,3.317903139203411,14.509312481095238,1811.9980199021586,1.9022623783791677,0,34.88554318190159,1
70.21478009632573,88.61898160047345,78.13096081141359,1.772838368881519,2.328870120837005,5.17571177627547,1058.7262475067625,0.030976622711593814,0,68.50471086102476,0
54.757231648130194,22.121843433412806,62.350409982665774,0.028951576235452782,6.333085063965261,15.419778604224598,2550.414127119383,3.607885652895757,0,46.591624959696084,1
82.5461188399713,94.75803473332229,85.19176169071622,1.8210058226649917,1.4256446347091294,3.608602937706197,1450.7454258590928,0.0676495119516575,0,94.14407929845851,0
91.10370265433465,83.95403872405724,91.00240247502033,0.545060929574356,2.6364034298168506,2.5884530338092695,1537.409398575444,0.5507106855991765,0,82.20615241168962,0
87.08382807947552,96.40327620182146,100.0,0.1,0.6237835849257563,4.058381007871135,1829.6411587422824,0.2918380865817469,0,49.02702083474538,0
80.88123033877532,92.93892405452942,94.41554903346922,0.4912830995511572,2.320087322065419,2.877324007115588,1433.9677739987815,0.6380804214851945,0,100.0,0
36.98028898974515,46.854516211291674,95.87517914328548,0.08362235881962472,8.63815438039161,11.148085373799155,2553.0197898753877,2.057768862542276,1,65.24469821331196,1
72.55345296688583,100.0,61.53320731481117,0.4045392445534944,0.41398596812645194,5.606309485228044,1823.7058792967944,0.05297498839564118,0,52.80059791974262,0
58.94357062923825,77.11193812143219,55.397716459990775,0.3,5.222134946391265,11.200280307526333,1319.0156157524814,0.5386024999552599,0,46.85901618850259,1
86.84836123694873,97.62299637762351,78.90061517334891,2.896211347018033,1.9674513331482477,0.6576604550118699,1352.2724919367245,0.1546054583665794,1,74.13265441620736,0
67.96617560644846,93.927799613106,82.75882915314139,0.5629859393851313,2.9950542724350826,3.1423041487878534,929.5927531518192,0.015485621777822842,0,93.25410178991254,0
91.32781866106285,81.87342544817282,87.36255216378946,1.052004483715477,0.1062226458917798,1.5155069329015411,1396.4244813686437,0.0332404555479807,0,88.0054287200929,0
54.4097691922676,47.93716202721514,48.933338464321935,0.03928746118202196,3.6288908570329896,10.574092125481824,2754.527461927908,4.3214898036279905,0,0.0,1
85.48084946661382,100.0,95.28220711858805,0.8420451143894019,2.3047396094371333,3.479381917457125,1786.5360322161644,0.46437148654725485,0,84.23054315693331,0
87.44966571108722,93.4955053579708,93.90422617591359,1.252947947958093,1.3055510408953068,4.872011550445159,1620.7843600687058,0.16077746190665335,1,86.19721213928933,0
48.98424877343973,66.43302737798848,62.125868552484036,0.05022849897050409,6.549872214216949,11.758877003888074,2030.707411552198,1.3382895451889985,1,70.21256069248984,1
85.12592400781794,82.53385632741443,67.51170450888463,0.1,1.326295140043038,3.9782657259300556,1679.394181678576,1.9018716659041868,0,74.3673652904075,0
92.14000494092092,97.52616950390572,100.0,0.2989718117891115,1.5693581595315174,0.0,638.5077704834155,0.6177563231784837,0,86.17036446727158,0
38.511481698516434,69.44337618119637,69.79502977862539,0.0070986987984513646,2.8366978074718783,18.744027799081778,660.5138430103509,10.0,0,26.885269967354965,1
31.42638224784033,20.86396184447358,26.096815821224197,0.028210280724157783,2.9253476033973147,12.824541518490415,1492.5635584959696,3.1660813796332636,1,22.607524906214202,1
20.960854034097565,55.657605193628356,23.719302115558108,0.05822635539739088,7.31750966901974,8.266115366299834,3190.7312572492883,0.9514511860983107,0,31.812828504870716,1
76.71004989077927,84.6552763708556,100.0,0.39719719786681285,2.4116444288203756,4.1690369516306545,1605.7019054429354,0.25020599192145876,0,63.18298980863117,0
19.976655607522424,98.72407778619048,39.68622744114845,0.3,3.97240049458393,12.058623639480507,3525.0157163210743,2.805111772173378,0,12.402238241944978,1
74.95859233247933,97.62509307130595,100.0,0.1,1.1370908899266539,3.3592298811264114,548.6273360506686,0.6652267652550582,1,66.49759658189505,0
99.41568620657901,86.34322994730982,84.29820653853017,0.21778401088064514,0.5770461749281132,3.4901060591928212,956.7300314089628,0.03957571318928897,0,81.90237027702443,0
27.570759578246292,91.63130584861739,56.93409325710242,0.10064344819172272,4.3637147346771465,11.830205883952976,2176.577404630337,1.5887852085063636,1,29.589265256774667,1
88.10907565598005,80.63909579152512,100.0,0.6226353829263092,2.2130429494958044,2.6152984515324116,1517.5315197841712,0.7029884567861351,0,83.10709155167852,0
57.658527746020695,48.253703295408926,84.21806985578091,0.17538467293235177,0.0,8.268206119307917,3726.898276586339,0.3300162819373655,0,20.3523450880984,1
26.131411635299287,12.236348740762592,46.71901727804013,0.03945599643398792,8.599476583454196,7.71698249464599,2304.4801315699915,1.1089627758053915,0,36.395614044304374,1
69.16097176514276,83.81697865741113,94.52175254404112,0.1,0.5535550522124888,5.2528693449078885,2354.2346920309465,0.11493819849985103,0,96.6636671710165,0
93.27183249036024,87.7545993850658,100.0,0.39910782807304046,2.1150717407751176,4.6180948860653075,949.7956441725029,0.920548721320163,0,90.6439921907535,0
68.93553679742428,100.0,100.0,0.40188982631469217,1.3942907288787623,6.581516848244856,1355.0609769815592,0.38829612647451806,0,80.66828248356727,0
32.69623342447042,51.092759924799594,98.2325216511189,0.27654881282823346,5.077831656034661,4.482132144215335,2643.6186412299694,3.0139545863056347,0,29.4773582703767,1
0.0,58.131291896358604,53.17943918524145,0.021531916963045,6.812686470794304,12.07681368386219,646.844114458008,8.891795506829627,1,20.637246824745404,1
70.98148937207719,80.85596069815614,84.84531004950078,0.1,1.6748272339287567,6.650552180874075,1465.3195455407165,0.09532132714020808,0,88.90309148439786,0
88.77300493044852,84.17597647016693,82.09717062992554,0.3654885868187863,0.35386296820827773,0.9749420694022488,931.1081401975172,0.6674525161483273,0,100.0,0
6.612312884079188,0.0,55.01348406572197,0.035114331537666556,6.760972920448262,8.160109923423835,3130.7991578808155,2.847204550927768,1,5.3417391764417355,1
14.273416063236741,59.86893472769983,62.83104234234041,0.05252710766096339,0.8036250734575967,14.41609938779821,2565.6239435104926,3.601469276729106,0,44.83559779201382,1
37.97095807185278,88.91040088929417,53.24883890680088,0.02789808832053589,5.1018273910709455,17.284844504310307,500.0,0.7532247240477294,0,21.814019262990993,1
23.778217380380056,36.95583356752321,48.67282897464723,0.2716088015728498,0.4949329704327017,10.644365817296665,1748.3123863217204,10.0,1,36.697764830533345,1
70.77746290402325,97.46072665498473,98.31505464375762,0.4301698157094419,0.6362109429793212,5.397839370161577,1067.234252514747,0.3228027366704496,0,81.22766501794308,0
76.02745628514168,99.75009481357853,87.1408089777032,0.5021671385451763,0.6681547751784925,5.633674022861962,1362.3607886950667,0.3664659553260207,0,82.19713417479977,0
84.29834288541353,92.55339608335345,82.52655007030974,0.4279043230004657,0.5584303097840255,2.6637139033444663,1256.6024385075193,0.3749904837306216,0,96.57495802706622,0
86.73180925851182,77.25605013174665,90.27647401132475,0.20353408039696877,4.021645387609668,4.573548224765172,2296.548167366762,1.0540470640629709,0,82.60920812619217,0
85.73317967188405,93.38879252474769,99.2957269692098,0.13765974568914324,0.5937720389858038,5.311784275575166,1703.8756924898623,0.1643451802002478,0,93.2158833808615,0
61.980788352644154,85.12173676544494,100.0,0.324484952548964,0.7897843907691674,8.045180461138962,1367.4590803648603,0.7851161144329294,0,81.98896508039151,0
23.336685654880874,45.03327165442742,59.0555804224708,0.09450265626045157,6.135989079048484,14.352947178060235,2016.2598546944648,4.8182082853348405,1,37.01893940579162,1
76.81779316766527,89.43600977552727,93.49327439382263,0.785568413893404,2.416824115313652,3.038704117023517,1916.3816695191158,0.0026692072918582032,0,100.0,0
4.348035308044755,37.82082042427139,44.10356612546483,0.03931189222964502,7.7602465791708,13.070785017434648,3034.666583684929,0.34742448608398635,0,30.464784066997108,1
100.0,89.1101915092104,66.6569489919218,0.5601819212974186,0.6842437442329146,1.5668383917285809,1636.4863369968134,0.1943634203767241,0,88.44281720685696,0
45.954779574751214,44.77705106572821,34.19026387576393,0.11164724208197215,6.484419924853,21.216359134196757,1820.5752304719263,1.4330927106320448,1,27.410414879765117,1
77.33606109927707,6.844650951052761,32.29832573100087,0.04319423799330241,3.6908701168085396,12.039254961585618,3203.4111241332484,10.0,0,33.272300312970025,1
95.03532897892025,99.28661429902816,86.38865005376435,0.1,1.3789606238139822,8.687308105625249,780.714104236357,0.4451541136946638,0,70.62748072348276,0
2.847173789536064,57.856685545029585,47.34011432283701,0.029412629008398486,9.038398505422528,7.956474013641595,1981.2681528329501,0.9614737873026205,0,18.191304746605862,1
14.746288732630145,77.23180617327748,63.916690181246175,0.026951079824577107,4.674175613247529,15.991817288570198,3545.0243805825626,3.0869825353321003,0,15.677469537418197,1
61.012508021119174,100.0,24.97952500412399,0.08680514028626425,3.806752612033102,12.405308707441874,3249.9250259755963,7.763030736815785,0,53.49155731725701,1
83.72082408519233,95.77905086262217,80.72967015089328,0.11712179945018081,0.6030050079244864,1.3282751916627733,1886.8712489755799,1.4349764006877506,0,84.16973660328384,0
22.701117949679137,16.867965701188975,64.18400872868716,0.004418173343489256,7.416646571894466,9.00771278271333,1918.0274350130624,2.3870250584395576,0,19.64541714462776,1
56.72960245780764,42.485765235368774,35.53532382970721,0.020082130894076622,4.800898633630063,13.37777977740232,3087.948779403452,1.9811727010275035,0,60.71000992968827,1
1.2393134960464325,40.698391866716854,97.01914283470475,0.06514328135519543,6.197190182888784,11.299026548142754,2410.188986246962,5.787371961421242,0,20.85622641413079,1
40.36826547389124,81.75220063137242,80.82435587285077,0.0546849656804716,1.9734410616844555,4.064951162187822,2063.4756845099323,7.587049555152896,0,36.00853528278886,1
81.40707909212941,93.39248835571271,100.0,1.860263881034444,0.7298791904648189,4.0402129337381965,1810.7746811726067,0.6370598072409044,0,95.49784796544722,0
82.51035851520926,87.08037816365692,85.24731107118367,0.43749069098491516,1.2949274573020062,4.214339830519193,1893.5409374424587,0.020820025683098573,0,87.30827291945641,0
37.79642717036422,20.469970671278,40.57488900681992,0.07534398819883914,3.0216909640140264,11.332641329224318,2046.557238323346,4.961872780259316,0,9.911978805449975,1
56.092412569746365,44.12087804372258,55.48227200934857,0.03531291023202762,1.4301229342557908,7.233123465530627,2077.922125936759,2.1057918858804126,1,37.89372261050073,1
96.49273326285676,88.0315000949604,91.03798285645577,0.14798584458301167,2.198259480804508,3.654741731418331,1658.9588093836937,0.23743256338581464,0,89.87947929185765,0
92.5138712337179,100.0,77.78312278887624,1.373946089939274,2.0855644020078765,2.2966756513312134,1842.7902147931145,0.3928287692990296,0,68.51583264454719,0
35.03607012712828,55.05186265403283,65.51916406296466,0.06479930005428912,3.5594428468241364,12.172816194742015,2842.270288428835,10.0,1,16.130603511836874,1
73.74510952701624,89.37730242389759,87.9217442172465,0.336323453271286,2.357543892169438,3.205353494897276,1174.3957322833776,0.6085896593996465,0,92.01772645982274,0
61.320148394369966,49.11449648271226,74.34692933607054,0.12534997746155663,6.5993290306951495,18.35825333145031,2612.234740560435,2.316017320008269,1,19.979463863619557,1
14.377878934114733,47.300407849684746,53.1025303730085,0.3,5.357430248671906,12.39410409962155,2142.203916170154,5.132502899290589,0,32.46947900942701,1
18.43412479303202,49.893426558903094,96.78156150759087,0.19487861705425177,8.041702464127559,11.877627743076978,2540.8610435720625,1.593968015078146,1,12.035854160565801,1
90.04046515517844,100.0,79.41088013067098,0.5366217349000681,2.2136540797853765,2.3151347397473474,1124.3033837271973,0.7031265086169577,0,88.88170850427377,0
86.95845255097682,88.21227214102518,100.0,0.14175009940727593,1.7786733913969017,1.5208754278395213,500.0,0.36707072330965324,0,100.0,0
78.4816389219784,86.27170798505406,82.991598236739,0.4574722438072682,2.476226317134174,6.168396488087085,1344.8496872550122,1.609586444732828,0,100.0,0
99.40117215449473,90.716645450042,84.89374719556201,0.1,1.1744918043965002,1.2880593102800724,1646.3039944371662,0.23540087144343283,0,87.19909611722417,0
38.742142002501836,69.49240455448736,14.665794094876507,0.13633050802550845,6.14731392655343,19.10014808450986,3197.5947723414906,2.3183719608560773,0,52.08634678347566,1
32.45601232035114,72.48903441845769,39.80475049925856,0.11795318637174415,5.647264945025955,3.0929539001710946,2059.6385018486303,10.0,1,18.49976203187627,1
84.404746439382,90.6080431312993,92.85153705954036,0.14586267837357858,1.8146456400042592,3.62664207537311,1155.5801311337698,0.8912570702028157,0,76.69151089599029,0
85.47398671316414,77.24237546186563,84.45892102914513,1.163455676417099,0.638656698023189,4.42060608044399,2022.4288815486516,0.8586822202948003,0,85.89152544576686,0
84.59842049355656,88.44073375717855,66.1527603934178,0.1,0.3021938838570843,5.140842346721591,1638.446931519089,0.13847379525036005,0,47.58044170546457,0
77.07479261567299,86.9669780721001,89.27073343738282,0.31525637222570446,2.778830489677073,6.576151449704755,713.7776434093979,1.2450510926500653,0,74.9070476500102,0
95.65480375065351,82.10256378279053,64.86792904785268,0.7233427746598924,1.8914036280610622,3.2428405135736917,1575.1201352170087,0.191874257751498,1,54.42836383657934,0
74.18936672400103,96.97037837965796,87.52831254846842,0.664060249869231,0.5443816481871719,7.91967450948935,1777.2870406634818,0.47884844277095995,1,64.0147595327065,0
100.0,94.30636863239707,100.0,1.1410741444139767,0.8145185078977604,1.9482637880610474,1474.6904160412337,0.8549256929478274,0,66.996731226748,0
66.52345055482758,52.31857664448881,51.886288007839404,0.3,6.535687389336223,15.440340270971282,3637.2026281864746,3.628714513365991,1,19.55529957316916,1
28.29713722443615,44.92078677538303,45.123327346819764,0.016103944784891275,5.383987577244535,10.402679908399152,2497.218232238451,0.39458741456720947,0,28.61763820604193,1
80.98779528114164,88.73176341578424,100.0,0.1,0.9024613719438659,2.941597980376974,1151.7088913425034,0.3617305141425589,0,88.10884312718362,0
27.211928769492467,78.87493901354044,47.13496381394878,0.0652629765740688,6.494117655648246,17.496543296600436,2801.0607661172603,10.0,1,33.35108081701693,1
38.69925174684173,82.49678108826511,36.53153186737681,0.03002832784318827,3.752319502625479,10.953731107093859,3615.1396244328585,1.420026823622086,1,64.75376892807027,1
93.30335816544246,83.37927823481024,78.39953722722824,0.10245345855551026,0.0,9.143990634989937,1643.0645466524359,0.9372043334361457,0,92.26200690047558,0
87.56029734313876,81.57054064682916,83.97834662594258,0.1,2.444102538993222,2.2873029634375923,1947.8751114213526,0.3789290371277936,0,90.22451335502583,0
31.997043359651222,58.561271979422536,75.36711093235172,0.007090881583603018,3.953791386231007,6.893527199021355,3752.36372796729,3.7314857112112128,0,20.87553291863847,1
93.72457328280144,86.86681146062567,82.40205544926162,2.5863097731957008,1.5154752566494034,3.894989862922696,2213.5690380807077,0.054012287665150115,0,96.11794685344897,0
100.0,93.81632661778497,100.0,0.8781058708598181,1.343687719058381,3.7169484932661034,1247.4251890067267,0.8812308717018398,0,80.35077821987761,0
15.877285940829216,61.03549399732376,55.46976278269852,0.026126757865649844,5.4097146004353815,12.660101049754847,1321.483298682776,0.1171807107041785,1,22.732487430536267,1
92.74634053429337,89.55384737873835,90.38737776155793,0.1180628253236455,3.7517235555780424,3.955930271991459,2113.1493422545245,0.05249358272349859,0,50.44537127972898,0
81.14917719583684,93.16642826749927,77.5944374114692,1.3942140179522913,1.251753835692077,2.692641718725162,1263.4887962521177,0.8255391026684732,0,82.92432638618281,0
85.58208718446,91.7913130725173,80.30215709146829,0.42431122663409426,1.9425193251033674,3.557915072925899,1181.1545735100076,0.24834160933535165,0,76.01119888706673,0
21.777257756180553,66.52882321653365,6.690697812604785,0.05027332633740536,4.491251165946876,13.752094421312389,4148.273235069465,8.861628088336563,1,52.4822816363572,1
100.0,94.63706538570861,77.10692583823696,0.8937197269513216,1.2275210344721108,4.683650427909933,1702.1348590589394,0.27061625100627795,0,80.4953496078955,0
85.75804558193727,88.29245703255833,69.78551503983029,0.4500381775050319,1.013882923701222,1.2388025882006977,1454.2110512804547,0.29940650123343854,0,87.84985674092883,0
48.01931357558883,48.17576420296804,70.22461116231088,0.0330638343068273,5.802859318734924,17.444149443731227,652.636782872921,0.863582093810066,0,58.30314247789043,1
88.33662105286949,97.23147872868957,88.69627281770074,0.9231037408879371,1.6409518580021536,2.760455743492245,924.6355332821763,0.15488044031406434,0,76.65092617350035,0
38.317180535973456,42.31347749962145,53.249255579798884,0.3,3.0977839065150707,7.251478670866702,3027.521431878796,10.0,0,32.81367485527918,1
9.458308753377622,75.08414731822864,65.23031446516367,0.02731556099975986,5.805313963294322,6.273081213901033,3465.9405993253185,0.43532133638441417,0,52.43410262122754,1
30.080093232885982,36.044243440055396,70.09332540475555,0.3,2.1413470580518705,9.389608362674046,4055.2141200003534,0.7022359267905376,1,53.0228726105845,1
49.543359777842014,52.18012480093167,38.40417242935774,0.11384218817479402,6.451180350964643,10.884820080913787,1885.9943706609515,3.461703243363335,1,14.780060798479862,1
30.63988737757752,77.24073807272903,68.1292328315542,0.008132318983032712,6.712919626297573,4.179655544327401,2710.6123900603175,10.0,0,60.36717222992135,1
9.305444671650655,14.2202916691062,83.51964501131187,0.0615857361827426,2.7541976878463346,12.05125721826598,2810.2860347324768,5.000050937157248,0,24.813098073385824,1
75.35076539419896,100.0,94.86468930056972,0.3138497780730898,1.5363931810646017,4.72078679003616,1142.561994512352,0.9799601767474598,0,81.27298187541656,0
31.140372644786208,72.9443037637875,100.0,0.25701513560640377,4.8554146805710285,14.170016918658062,1384.3523893391398,0.18916152256354335,1,27.58407132400947,1
34.858741908983404,70.121398454502,31.051804012618298,0.12629689872127267,5.8030772714384105,13.96725760435185,2351.561172325717,1.3657022586508287,0,38.827245082232224,1
85.71566237219392,81.42288790411514,100.0,0.5186252842440848,1.7362239524966947,5.217471178248834,1862.6176628439855,0.0488231593340077,0,84.60558855877733,0
15.637428042953466,50.75351653287944,74.20485320264619,0.01574094124310289,5.693920593768962,17.18399068255916,2256.7477935473935,0.8899290011953014,0,48.88193493623514,1
39.90583485273871,28.46391426339284,68.01985764231881,0.2666152587218011,7.491113629367251,7.767396030117253,2621.4780397132563,0.9103905292484142,1,59.37216348668993,1
30.986295632493405,10.9957293717514,76.09878501297328,0.23185684104888382,6.364978418521273,15.239384244477709,2003.0726052438167,1.4070497162710731,0,52.75245926760793,1
73.41635310807457,94.10468336077834,76.47944445664643,1.1785153543676272,1.51550499015842,2.327816659560747,1032.7288688599199,0.9839422516115991,0,79.25134650438257,0
83.85460154747382,99.6033112635554,90.48720795278733,0.9484244458281704,3.3792606293606062,3.2621211219370756,1666.7206297932455,2.9029911307672402,0,61.941295265504294,0
29.59459264650782,32.80539262936423,61.981002530525,0.10371428216131812,3.901299817597339,15.864371421425282,2944.6867674539253,5.575212320156309,0,41.159231041605906,1
100.0,88.01047099053163,86.42232885193998,0.605511220888673,0.4012776888242008,9.871315804655556,1708.3024481434845,0.1461115888799261,0,83.97745884119881,0
87.14093744130204,85.18905884839029,100.0,0.3391641430948137,2.5900502821699614,1.6040671415654768,1100.6236588493127,0.06801437056394813,0,46.16313003357879,0
42.897629800051554,48.39490512618216,19.63842471584198,0.011923939582190948,2.5552743859914924,18.14212309348753,3212.326404149473,10.0,0,29.192340166984067,1
100.0,88.556160691275,95.18553267474292,0.2684504922951864,0.7965737740704095,5.068729797272766,1353.729166987792,0.33915081555138504,0,91.48103234020024,0
69.25422822552545,27.8582953998396,39.41007799168401,0.005785112674496622,6.731745177168687,19.56336168015666,2067.8887684291117,0.22395454124611147,0,48.49010066309644,1
87.35614558108566,77.07894547275592,100.0,0.1,1.0226967531106157,3.6195183111735685,2056.102131004796,0.34769454671014505,0,83.85174885987084,0
100.0,95.80076629478398,86.5274927968513,0.3395797052316041,0.0,4.616019804434682,1061.2499682464056,0.5822136448463167,0,71.15126905625101,0
13.213147245757874,49.894952115221095,58.015213690339465,0.05648494671908987,9.970627849067373,7.848818107927264,1881.2680587079874,4.752681419991257,0,37.892552675790874,1
72.19570647503717,95.38058960962185,89.7386539971627,0.43953096614383413,2.1853619841940444,4.861724838030074,1089.5676623217503,0.500756901928339,0,62.65167174398996,0
30.663458995557132,30.30693916836202,67.74718119802988,0.08529112577593162,7.545820434494848,17.023748160062787,2676.2586333527343,3.730919491837383,0,27.800476528381978,1
98.07142754282428,100.0,88.61065242227221,0.2496988423583337,1.63780350912883,3.713482169271615,1661.3098252148686,0.1527507327137066,0,83.17818768243326,0
38.758835528655126,40.19425971639941,52.09822974698791,0.013671698073971804,4.265955162736747,6.944513757065134,2790.4787461288306,1.0874119900297832,1,43.490971994393384,1
91.47688538100692,90.4770429593614,78.49096094800046,0.1503301897271921,1.9689326403142267,3.4687908794277895,849.7823865751756,0.01770955812572228,0,71.16119403807399,0
43.685272998441434,47.27017263748618,60.64470085213803,0.21146266140819547,3.4562192496280906,14.974042681338386,3978.128002353959,2.740408973744822,0,38.72323911163468,1
7.9658493595070645,65.51252247747907,37.274277442125694,0.13644874298590887,3.3105251824176474,15.712288026642756,2375.2591220136737,0.7344561202117951,0,27.066076400695863,1
18.047455750062316,48.60258833466011,45.798542946407984,0.022012429429944524,6.492746483650745,14.054700863173224,1681.0124437777454,0.45613691469416906,0,19.170647149742933,1
79.36275447196024,91.3633297790039,80.07614632631864,0.1,2.938980014681049,3.971459294101223,2099.239053395114,0.03454121713312278,0,74.33864898304505,0
56.11388497766299,77.81995489032266,31.24618674870319,0.04747960806537047,5.695832156241766,11.984349962819685,2515.0369535883933,0.8911117377881506,0,29.41788287280107,1
0.6213917409230607,92.30782547762189,58.348547073800326,0.0695190410564672,5.010915688562628,11.000909551838467,1984.3938384994626,9.664666172744749,0,11.77511095039284,1
87.03463635867223,86.80291051508318,78.80012094659982,0.4522178070501361,1.0810149577828625,9.175817947061368,1796.7289177560506,0.30905099424356475,0,59.50828878599473,0
72.5221681803515,78.69028402476016,100.0,1.9352379593401783,1.6558738722161104,3.457370043863405,1841.760800448288,0.07543749911251595,0,88.422089447392,0
93.72320636720679,84.64741809072066,83.68277625053096,0.1979611610881493,1.153780893129289,5.589200765890423,2131.775156677944,0.1791660293730053,0,62.1867024983744,0
72.20423033264298,88.64942621447992,93.55946236141727,0.1665380873313557,1.0592145571694003,3.7799890025978966,1179.0279840540652,0.10645644317969796,0,67.78395768510214,0
47.79805914304169,3.256708451125223,49.73662649117519,0.14180411266037857,2.035046969272715,11.09860746514797,2072.1165417706397,0.6918214218873769,1,46.93587554661629,1
84.44452301103381,95.87902228839855,68.72107479113585,0.2520385781542645,1.8357644866858127,4.831673672572121,1657.5492872658972,0.07067256223445209,0,59.50702493496623,0
70.6413784882056,94.87310496725742,82.15325723063737,0.46209860306817896,1.3103904239898978,3.1522199153552948,1739.2396620189866,1.2185397198397252,0,100.0,0
82.7653721467415,82.0829749074373,61.45765706404592,0.1,1.7780492910428416,1.9831025349053006,1774.3431274433676,0.5315567372452303,1,69.19317393987411,0
79.35921369263272,90.78386522776717,83.29034672726952,0.1,1.1092191359117123,3.538827202952774,1410.6109979052244,0.8706943177074549,0,85.4287140609579,0
72.99703592944223,84.80577963947195,100.0,0.20045126687582965,0.5790770107577046,5.462001253570962,1700.999878451716,1.2928130121458528,0,60.08301989780853,0
100.0,93.97359378589218,82.53352568771355,1.3211871371146207,1.5894393265627107,0.19011109197872234,1843.9334245869832,0.037508189475092255,1,65.04102563047377,0
91.69672548830039,84.78914484966536,91.16184658397272,0.1,1.9035866051064136,3.486109749756437,504.87117697506744,0.6750388222645876,0,70.90874251670512,0
82.30125064706628,94.95323408804158,80.71959646281644,0.1,1.0140221699037542,5.684594654027805,1675.7810761831963,0.2575937601267363,0,78.51918658316491,0
93.89630795623437,84.24677344606064,92.42479776781023,0.978428346581652,1.2970591379660952,4.441167075474722,819.3336566850335,0.6295015422768836,0,75.75861008555947,0
61.09669526638659,66.81891967998554,68.06113027316735,0.06294284184222444,3.301165060567389,9.32887042284684,3179.856292255125,2.869923667317979,0,10.918260996576068,1
52.7115416339009,5.274690237463964,39.89925286313073,0.007605147953213893,5.225273363651281,8.538441979819092,4023.74390566531,6.161236641956928,0,50.16489552309595,1
78.53427115757474,78.65307413653575,83.35443220252583,0.2119272203863632,0.0,3.180397512412934,1338.6848832356245,0.4616671552008506,0,53.47764632370152,0
92.21672064043234,93.22984072269287,96.14971330525835,0.4031263347435887,1.585955499472714,3.346653504981912,1712.273249204019,0.15385141708199984,1,66.55121689029212,0
77.51513463443446,97.4227210246499,91.25794372990778,0.3447070222438082,0.7242050242922604,5.5415004192375745,2246.98480166454,0.015240029478542437,0,62.69440514554454,0
85.10233061019586,87.46873240244159,88.4098290098563,0.42825579030609096,1.7234142705732207,6.093823588976279,1788.9787940883919,0.7041417244215452,0,81.894687718805,0
27.304159527918586,17.11404335281845,80.69897505644495,0.033153455098870514,4.538578055030354,6.366274038526557,2808.6571891457784,0.10407826792400814,0,44.21917283714604,1
15.699088388476408,77.79883402151022,44.16623612288684,0.017549151963945762,8.838562600288919,18.21985091090306,3111.4340651363464,2.4459360346647347,1,12.342343732914536,1
12.862594169318866,18.008803791268924,69.95430375836986,0.02912990855762785,3.92567147522336,14.510809578207686,4108.722428330747,1.0445464932263353,0,32.177193611123286,1
72.39116045664954,92.64704185771566,86.4694105554696,0.8665751567050782,1.4821597730255576,7.247769985622305,1828.0929593223937,0.43988498029571954,0,99.12025774519229,0
97.7767682189851,100.0,76.98996614782884,0.8575867549232842,0.6278332745604561,2.9796783726995653,1061.1425401484744,0.1484162885008036,0,97.81570076207683,0
40.6757605567616,89.45856693743214,73.17806203713732,0.2921993172785653,3.2789853469893786,13.763279195622863,3672.3035419988146,8.226321028040308,1,0.0,1
30.44214882468332,47.785723318280255,43.27173209681344,0.04081551230005039,3.8060259379089367,4.193029563958202,2589.35530408534,0.9932344584351585,1,23.192766163893385,1
96.03301882016522,89.27573374156671,62.79968190818051,1.1344526322154411,1.830399129710238,1.2359648626151247,951.9893490542283,3.0,0,95.32944732590005,0
82.82318796772779,89.79978433003885,84.1519884933137,0.1,1.3942645154845026,2.4662719239908952,1593.2171806117935,0.3102843898178061,0,100.0,0
79.41078152728412,69.75769981802937,86.6052514825365,0.6779645081047453,1.565022737644959,4.789159970968439,714.6843408644103,0.056539482297607836,0,96.17188093692158,0
79.00607354555977,86.09670873483438,76.51418902125948,0.18934302072868178,0.9304214181928617,1.7438748903846122,1675.365079798658,0.2286091213269419,0,82.81189073133366,0
39.54810157983241,75.6521860240001,0.0,0.041169652568015545,6.400443822564578,2.324898131722316,3250.391680233072,0.22583757684509356,0,31.77745026627998,1
98.68631557532349,74.26914728499199,94.17105707221403,0.5121684365473224,0.012530582671953911,4.798635203438262,978.164222479811,1.5038413575521914,0,84.96175709807355,0
35.806153986604954,36.168974954005016,6.316503183451917,0.004934864872476395,8.013057272624533,10.32050335086257,2516.023799059478,5.366878401946991,0,24.296714656647243,1
84.33920201352683,92.58534171347826,94.66615175610698,0.2397861072654757,1.4841010917053508,4.446561826510741,1993.3624305410679,0.7330366024387256,0,54.27230043944869,0
75.24126747022667,84.76739453498061,82.41033317058205,0.30672324616451735,0.6678450241472816,7.378377867303357,1612.0181370789617,0.43146391121602373,0,70.83498313865556,0
77.96823574874112,83.25402723747047,97.84412815134947,0.12464819983522059,0.7270746213036663,5.277354279760602,1201.017738416715,0.004070623543757781,0,83.48291756963492,0
5.793951295815547,29.340867868353293,52.28458362654144,0.0450384472246593,2.9888880576325048,6.04025518143911,2455.5275814405827,8.077678328811079,1,62.194785100740376,1
86.20295631711899,87.41856128926291,97.7367586538991,0.1,2.377840150034967,6.058881111854081,927.6675193501313,0.6653692570442088,0,62.620951045107724,0
21.430105390255566,20.545507816643077,84.37035143964229,0.02776207412179492,4.19590139945042,16.00748165416435,2248.39968531984,3.629728882186435,0,20.945458691454142,1
90.93101257968384,91.0110366363713,92.00631959882242,0.33488886813008123,0.8238768332590728,4.165545807570852,1145.5839012086492,0.1006513931147411,0,78.38932072384932,0
29.407745601906463,76.52000179514869,77.46816935034109,0.017059106866398752,6.8053562853984975,11.444814396217856,2606.1476953064616,2.1468183540460686,0,27.1601275042457,1
88.71145873371309,96.12864222707752,100.0,0.7671779131143475,0.1711332675462619,2.9749317787068996,1776.364382956877,0.4140559071972652,0,89.40315595293532,0
74.78767182869287,92.0299172919566,80.75223248836924,0.23486177371615255,1.4352661298698495,3.10407732310005,1300.3444194118538,0.4848887845991729,0,81.451323776582,0
66.74801204831074,55.413868459455145,38.37420274240187,0.04991232066464597,2.8243249045727605,6.573819790853845,3940.836157231467,0.35672277358193155,1,30.913855827996684,1
5.027290057015761,39.43578952446954,31.325430859566296,0.2459575376445675,4.411811383222733,12.102689260830449,1577.391861859793,4.731726382633643,1,31.85643000139664,1
8.716009407537815,72.84018043920085,61.861708390914124,0.06798234974719648,4.412866326818228,12.586530350584699,1530.5854340085086,4.118967007926028,1,24.776044028772304,1
37.330161049517415,30.1335203963549,0.0,0.1151269116806918,0.612704147482253,8.480642775596053,2593.252525452269,1.9683887532090358,0,45.45533484733436,1
74.29107501938887,97.34653284801851,85.83529981885111,0.8499694460871767,1.18224374708321,7.057495701081817,1890.2853510677,0.9345737065125521,0,86.6875831284387,0
37.77270057060902,53.339135388399455,25.087123796226674,0.06898563837969517,6.802223562124343,14.370084039043487,3041.4701232888056,3.8215274743278216,0,43.85506642618209,1
48.42540273410707,58.85773453797152,60.58809406353842,0.08294657212129414,3.8792936878803137,13.969749356616667,3120.0715293965127,0.9546275377006412,1,0.0,1
76.10485570374476,96.07142871829411,99.84801419906923,0.16095679171834024,2.3934670204239636,3.8969541429507077,1321.7398787880022,0.7211473559821296,0,74.71319402543388,0
79.10635243055788,89.95143270768085,89.02381771078029,0.2017122243871152,2.006928819819247,2.0128209688119276,2119.4557180096144,0.47753513675493964,0,86.35261811033057,0
100.0,84.0223065668174,89.0282459368403,0.3705402953920459,1.0513912744161118,4.068059172693362,1211.6119566120415,0.00788347142499752,0,82.77240550432481,0
24.05616422235018,29.26699064096575,74.19844158791342,0.07809777684016084,8.355931673937395,9.339570515924779,1814.9695010717758,0.3231689055607312,0,18.676316562477698,1
46.82181062650443,48.80035512873547,82.80117105258016,0.11993113084231484,9.300621586662423,19.648712190651814,2338.2477316899044,2.986054728508506,1,18.257873465061767,1
28.74142065619972,60.82432320109089,0.0,0.3,7.05438957648572,13.906454028079258,1557.2506296554595,2.5641496809812914,0,70.16544315750556,1
79.69003044998182,93.41755489497348,81.53052756221226,0.6319764045182417,0.5237434480448193,1.9841766091435877,975.1347195217929,0.05600009442732811,0,60.312990448271755,0
96.63163752154959,81.26149788261937,79.89150305006066,0.5736898503200989,2.0999201915389683,3.3896223090384963,1519.7312663179375,0.7582511902947734,0,81.02483194909726,0
37.47509285048554,23.241986283704065,61.52961353199072,0.026905774260263766,4.896163282447878,11.041902732355727,1383.0166958110474,2.8372967571943004,0,44.73771900601144,1
40.842976842375975,76.40721209365307,59.60543073825234,0.041498807549479655,5.887785678085773,12.135827540660673,1792.5791709116656,1.5797426750752035,0,4.101812608137689,1
12.005170892642143,74.40346725167302,41.90601772433291,0.1948453560486506,3.8263146409516278,10.86344178124413,2104.0718436077586,6.2836178676319,0,57.072538208895736,1
89.97998291245449,100.0,81.4205524421128,0.37950650870105035,1.5673345841485569,1.7396425410306335,874.1511490656783,0.3725998360792306,0,84.41123058189821,0
43.67083220945059,31.375530812873617,60.98667471951087,0.054512834693719696,4.589414956742972,5.199516524686953,1316.7285695219825,8.137505265236024,1,22.347034971199616,1
67.89831607343375,87.92362657932867,81.93103954885676,0.4543414021101691,1.4443741710061846,3.7164848919449223,2069.8510928308974,0.21365435258632717,0,86.72117511519338,0
67.9741639576216,87.5745617373258,77.44222775797535,0.4433558065018187,2.359466403816195,2.6769171149694158,1470.0293775526209,0.1078320190107424,0,100.0,0
82.52481364448495,89.7037056236127,85.10203064955066,0.5186681659435816,1.0434876558399098,5.380147352673225,1782.8925495217106,0.3826449791690222,0,96.01996667088459,0
85.99332305429226,81.80650540536637,85.24240443309768,0.43451900055791287,0.9959800163728845,3.7419317697404324,1175.7885480713494,0.26313602377246187,0,73.64249692690275,0
94.7511973341775,91.1893396576169,98.68459796223743,0.6524089030112638,2.2662332915783243,3.484759028978012,1195.2701313364605,0.40688077135383743,0,75.35735171109157,0
89.92451264008149,81.77859887259234,74.83236966840587,0.14538657989522824,2.1702113772372713,4.596903627962879,1195.0328197588342,0.8441870778177566,0,89.8021847292761,0
64.93760547701713,20.23135498158321,48.70553315184052,0.16623279405726096,5.812170219748858,12.975944751990587,2590.148160128299,0.32683276026459623,1,26.381123990295453,1
51.53677261418229,90.41304136284373,64.28016908675147,0.10937683765236923,7.620389712108601,14.205746152702181,3185.332095895525,0.039332559486956825,1,63.45190395579954,1
49.27754888180275,21.72531528786034,100.0,0.13215494707816014,9.555377852061861,19.44765951260069,4276.962715417569,2.191664197176494,1,36.97774431710367,1
79.37712470759027,91.58328626770118,85.67408633472635,0.8673651739398308,1.6275700054433033,2.5841781186518498,2227.55941288013,0.2981447382420767,0,97.47486323845885,0
100.0,100.0,88.28683651941947,1.4191441185867115,2.8419016702443916,1.4486346800085368,1652.570247013737,1.865140925158879,0,99.2185798028447,0
88.68673308872901,95.57563523608589,87.4538530563851,0.544053208021805,0.345116590264188,1.4637263900493749,797.824841075716,0.04075390059489796,0,86.42529370657174,0
47.915952832074225,66.22869302676051,12.828076215673674,0.216276761646551,4.374845149210619,9.955579150684859,2443.5843578180647,7.058372036604478,0,36.403717048454894,1
48.01335257584172,58.74038327570964,34.17146191677584,0.023820527455556528,4.925983811853532,16.067323556051406,2402.8103156476714,0.6696130338123742,0,0.0,1
97.78451862607298,92.95713753758476,91.9541048268761,0.27425702509846006,1.6944733821285591,0.5070665488419328,1218.835424784173,0.9312277893732812,0,93.37550871604363,0
82.79030400466777,94.70862723536487,98.6474900472009,0.1,0.6266998622727179,1.0340311360351642,1620.7493522884047,1.028276990790253,0,68.68552801089285,0
10.149983261612249,52.43722347559242,42.677877190407045,0.09843048720477486,3.8311804506235223,13.563479631207839,1951.1507787650569,7.761563192761301,1,27.996179392919966,1
73.57029702169378,100.0,93.85446741845288,0.8184876275486991,1.0614397614665818,4.138739605316139,1516.3698994915692,0.15198227235646838,0,88.35312083552219,0
60.04692724596016,47.970170396613256,100.0,0.2703284671255139,6.8552910636066,12.411860969858441,2576.242719322894,4.185432810297025,0,14.3634689854313,1
29.977643307151183,36.45948091727031,37.15927766988832,0.0016189162863185045,6.8421062560958505,10.915539406552362,2628.5636410227694,2.820274588658152,0,31.490831299164732,1
58.81059287435353,81.81208327121898,74.62816463650137,0.08336327015803358,2.783650607030507,11.076604128385158,1600.8791000616925,3.1067625741224845,1,49.58739590259501,1
28.965338920827286,73.32238387984522,73.13547067894416,0.3,5.3408019881240225,5.5443941780840325,2405.433243543243,2.101588529591864,0,30.27690864285547,1
79.28821010217203,88.69546428844988,92.01011700693877,0.1,2.084767181100973,3.78605706028304,1890.5725508792273,0.024376258525755846,0,69.15247341755911,0
88.47581705361671,96.46446238624917,100.0,0.1,0.7697512645627895,0.9620604383733706,1218.5158402674267,0.08875789243228648,0,75.14727579823314,0
22.546564668952342,45.76677857212382,72.69479035387545,0.01974878045901487,8.659125192642477,8.98158247042691,3443.6306140861907,1.114771355478228,1,26.464270581531498,1
29.57406873704719,19.252922117836484,86.76323060367856,0.004878316154281297,4.457780614706412,9.719698643261385,3131.785699705606,1.5844933670795065,0,30.418197932336927,1
4.848941107331584,35.26052510159681,69.69237254669531,0.09994901912388943,6.618621807862602,15.78744584658472,2130.0006774400244,3.0033715573633053,0,36.45378926070866,1
74.91913689082595,94.1275137416328,95.81363490188389,0.10195182244455601,2.0726981957527673,5.789821112053651,1405.8904360110243,1.6083976159279998,0,71.8038857080449,0
81.98896304410711,89.69193224399434,89.82825846440467,0.5341525194576521,1.0773623626696167,1.6273271457802911,1452.1521502524915,0.12051137591260386,0,72.00493877260499,0
75.1849134895205,99.70478159983347,74.95304873364637,0.2802376517463886,0.7392714162502143,3.3295118362639466,1353.8876567184461,0.4666161920549498,0,100.0,0
6.820785064159214,16.558145347807894,45.63442951684863,0.06811691806895578,3.3417130291131896,14.950112253866152,2640.292192524267,1.0433444035799062,0,20.441002650513738,1
80.7935467723464,66.82995697445048,77.17538134770987,0.14462115619560123,2.1796895908129703,5.271935501423476,1359.6887177593783,0.679987708672687,0,65.23049469473067,0
11.563373990549497,43.43560851710944,77.57645416842333,0.003190316682512049,6.988828840180477,9.938424807538317,2656.5124226498524,2.462535586215664,0,16.82695436169083,1
32.851102364115015,36.41996249059157,100.0,0.11497264741146972,3.4005142237789365,11.023139839297324,3037.0077328618836,1.4848291323693275,0,47.7872568697326,1
58.74854303364,66.04697653694423,56.30051626099049,0.10043292091228358,4.317537557953158,15.279894569387144,3504.977075553087,8.325156970026281,1,1.070836911070585,1
86.74577812831839,81.57267549461075,95.66070310730059,0.19667776021999342,2.3013054601668483,3.980310382699234,1902.692028490826,0.041681284341003946,0,71.67090367980242,0
37.20836093892239,68.87962434509858,53.95849941546663,0.24155045491317415,0.0,10.5662152427733,3680.8918996526113,2.865604349416351,0,40.87573376549445,1
83.09661321916391,99.66692984474514,84.64287797804998,0.4527741002215417,1.6625887636688248,4.831653258910686,1253.5426167804226,0.4595005324969715,0,74.19605830100079,0
14.686735382403482,38.66851185132394,48.691162950227735,0.031317062915504616,5.2200696478656985,0.0,1248.1164600356315,1.1247897122386978,0,14.724125180605538,1
79.6913122707968,100.0,62.55159816837921,0.17710503086784238,1.5284528592263948,6.667771491001146,1781.0639993997224,0.3799750794284666,0,51.11033272332348,0
89.93317900880889,88.90041188297846,90.34029980833752,1.34221862202735,1.7961695119533927,3.269518045020307,1532.976706653937,1.2179728457044707,0,83.73340953699885,0
87.23884024279131,99.18756567357404,100.0,1.5700373348319916,1.192045689271935,6.300534791796592,1622.5803451853365,0.183835509431483,0,62.66438637624627,0
26.34680973206816,22.80267469726854,60.6635687732749,0.012042959893282724,3.6761296401651444,11.223679470667621,3859.794193758914,8.01976891261866,1,28.03383209911988,1
46.981683705896444,67.26752223371594,75.58392073692931,0.17296646216761005,8.203797583179963,10.049443706005679,2087.1787746226173,0.09850540158614168,0,22.115940033601223,1
76.05392697780496,97.16030651260893,81.40551670485358,0.1,2.533019071212703,3.4466564565617093,1256.8704429537502,0.6280487545453369,0,57.05376567493863,0
37.29690180555506,49.66792277602441,46.44956635488062,0.12470933609016169,2.2254269731382674,17.73195310683831,3204.6454827873777,3.4520624027035214,0,61.25098388680452,1
84.64173960890048,90.61457512848204,89.06389109153726,0.1,1.1384405024704978,3.048409111990198,1997.3623188748647,0.19502629675562969,0,67.0335994199642,0
40.375515782972826,34.979259022602136,12.91544667392936,0.0385215061310564,7.6350816380348,8.212799623274673,3726.3825980248675,0.9943234868151255,1,56.41715195824964,1
0.0,27.834020769885047,82.31344584020758,0.19353381928681843,5.162249166837006,15.210910289750792,3167.991541902869,4.572466507426812,0,31.250370250174356,1
28.507606512041175,45.17111937876052,49.65574379844128,0.08782003006253443,5.906548084266351,15.797029207411637,2118.4193120367527,7.52783800880745,1,51.920900177788155,1
26.38007599560374,40.46906781817816,56.78552081452732,0.09379529841819394,4.413137195373375,20.179755192124105,2658.4628936252793,1.01108767268707,1,12.813849350040103,1
75.44459559399574,87.01733478326587,100.0,0.1,2.2435279878326524,5.448273118628995,1697.5909528822579,0.3751469009547002,0,67.28789164152403,0
50.5559526175543,25.278191309110404,100.0,0.02567786778265394,3.9398208279902605,21.371428033149634,2785.9761486789794,5.906218222619544,0,53.177780727385745,1
79.0760607576113,95.57109957965372,100.0,0.882031995467712,2.465286523891132,6.645488933770271,1023.6333976105093,0.5408389746806027,0,65.96253155314152,0
52.83755269140549,83.81897576536907,30.72025327155021,0.03199270541036505,5.659267065615583,6.906978192772562,2216.8388898609855,7.270685285864235,1,35.34828497996462,1
47.62837212544813,47.59038409212757,38.422695654365306,0.23908285635036425,3.449034702631173,8.613122688293975,2289.746525979108,4.175419760978706,0,31.20496885480634,1
46.507134490402514,7.965577707118399,56.54336691150742,0.019276188186954882,7.917770777264939,19.082567489850693,2906.3461359696125,1.36390096752077,0,53.7098879175689,1
45.61603167345459,49.69085154394089,70.58089741597044,0.19389812178102767,5.339370181715503,13.810496119920483,2540.376842946769,5.204565978108666,1,17.785240230537937,1
45.560720090959286,28.51350691379958,100.0,0.039247570039337466,3.4342669794050176,16.16010687945075,3039.17212136804,5.58470158003127,1,0.0,1
61.69012266675676,21.894997576325547,30.611676609634205,0.022046545272078805,2.0323882899333543,10.835914107658825,2195.9570795197546,1.3937594621123859,1,45.28265399986238,1
95.9877685198719,96.54213039360229,100.0,0.1,1.5578231723074312,4.136144538497242,1212.7740865526944,0.24720231609222254,0,58.99893148397392,0
86.9652116970147,94.16897942703471,81.65226750323181,0.38652284354302097,2.383146837361526,3.909491396071327,1857.693109800374,0.6716022313793744,0,89.1385824633463,0
91.22849932347499,83.94563929144431,100.0,0.38976056681816296,0.0,2.817430422396211,1883.014865311907,0.6356949113206933,0,73.64148391501107,0
40.17775031425412,51.155290091772926,64.27634345538408,0.13875448962319656,1.5265463644711215,8.225178274279696,2236.447116220132,0.9019998462022032,0,40.84968375884592,1
25.095698039905297,25.37634687207419,37.16722749299471,0.3,5.548920355227684,9.342928540165673,3645.6628831236503,2.6467574188119527,0,44.52021600131251,1
82.97807347566106,93.79758586303963,98.65186511048603,0.34685220309841935,1.0280841948296873,1.7564977942882245,1534.9895014722956,0.18797942044150168,0,93.58576400746048,0
85.64280019095463,90.35049177583288,100.0,0.6696117845359463,1.436746126508355,4.153218140903319,1691.6012573571036,0.12057217986599729,0,83.28077399212232,0
45.313212601667885,55.68314767057976,78.01273937664197,0.14404312129443256,6.071713884977276,12.0631390934426,2424.6049251801987,4.102066045677329,0,49.522550427007474,1
87.11017467202619,98.85664535429578,78.17885600869599,0.1,0.0,0.0,1473.4204098762177,0.5604310516800104,0,61.05702869407733,0
56.30849447195161,38.54004091968016,53.21035767765302,0.04439970445795311,4.486810328420953,11.037189712610761,2513.7756661844483,2.5676033739517456,0,73.74768482358769,1
0.0,100.0,27.928986778291417,0.20480536357445556,3.6818806189709186,11.010596291404347,2728.8126461077,3.7264843055288686,0,36.98459246762146,1
53.19925081721117,58.35936867183246,64.27129731777492,0.035989353936894425,6.472454890330254,22.792161827269705,3385.8183776030432,4.8234996510624795,0,71.08897943974249,1
90.21941565616898,100.0,86.76094287821144,0.1,2.499603920564927,4.006295453812653,1990.813838819549,0.741125034656497,0,98.99495401934433,0
23.651054375432967,22.076477897440906,79.61482237239491,0.0020457208873856706,6.396798242658802,13.720356624687009,2846.4371028831574,0.8366954015604453,1,61.23204059447844,1
21.974250700336363,37.99594292017389,36.791768289456485,0.14046193740232873,0.21603622088771957,13.223840097751346,2894.1723355691206,1.1496077605722077,0,21.485769396826154,1
69.76813095216225,82.64492326730861,91.02688475712013,0.9285632827085458,1.785578207413541,4.7960964330185245,1613.9018373542274,0.876445317823994,0,65.70439304952725,0
91.50201177958661,92.15301552996085,95.68575754240989,0.1324571834032721,0.5488292643720305,3.7102428761042265,2172.5969829672063,0.031739267671803975,0,83.3790458302257,0
100.0,80.85019034143471,100.0,0.6968108623132625,1.7850022309648668,7.431815262265388,1238.186571600676,1.3004184106173087,0,94.08435767352277,0
62.88864690992115,89.71486814162013,74.65639569071004,0.9136309689945741,2.456384520660383,2.1448933383765443,1773.2849616004276,0.0395674535892102,0,77.90686935608144,0
80.6744181218038,83.57456839455725,88.04050607916594,0.10218445033475797,1.5218507038811508,7.349719345828129,1530.2694162453545,2.6414163844166063e-05,0,85.21096229652143,0
24.802120942687345,61.198268319323674,88.13750549303141,0.21004476178273604,2.8873837390484938,16.560053145603142,2240.016444590939,0.5306839304780512,0,33.12757361858777,1
32.64037810785244,45.45666155960235,65.47279028431966,0.005485277358949702,3.712255977783294,12.155578064944976,2579.0592360131454,1.1330927394460306,0,27.224624991408366,1
10.096988480798288,36.544071748130264,50.18483903097985,0.07457717071693154,6.133215665670178,9.505135860334429,3025.4446628075843,6.809946848624836,0,60.848178609374585,1
49.92047905965633,72.58801709508754,17.90052351331456,0.00799820715088469,4.649283651210318,13.159320167482846,3709.0582393625623,1.5361554012086063,1,45.886454095314726,1
45.450415328847804,36.1802270613705,34.54994538145635,0.1538488733803564,3.8173012404034443,4.542920650974111,2345.0530719644953,8.752308666049236,0,14.977248842297008,1
83.48214904964416,75.31035701517362,97.40068611139114,0.9467180766855441,1.1432450289110718,4.401690186231419,2182.931923823689,0.3608563546183731,0,78.98830162167226,0
63.672500396418926,47.566350777681684,41.93697676475908,0.04597787916581574,0.258229253387122,12.844499107378667,1350.6785662566033,5.360179130552567,1,42.67310047733578,1
36.591590931131215,35.42192921689255,65.68440113676994,0.03461539748328693,5.511888754156693,12.263393990263673,4636.540299890452,3.3514658418125203,0,49.14117716802407,1
80.55706739923889,90.16634966140326,100.0,0.1,0.9509766913959324,6.702031504974,1490.2405731055374,0.2422126775155586,0,76.619727724337,0
70.51986099583756,86.27751634575958,77.32911006126011,0.2815296984773289,2.3057257604773356,3.1322530740416217,1727.3093508611137,0.5867234800544036,0,73.04218355741081,0
40.01902041424086,82.37517874846046,22.250586140625014,0.17972048462628437,2.390902200831781,9.919163946183676,3122.9461965806317,4.912383706539878,0,60.24555781343344,1
36.295827002467625,73.06202925582772,83.93799014524895,0.13159180074107105,5.340020437960419,13.295020268925974,3094.4077552400618,3.6132143173917473,0,15.905803326141552,1
47.075629391059174,62.32989221224697,34.69576320684176,0.021788714900967825,5.1878129633209,8.73875554084757,2336.992389204464,2.212163765715151,0,55.32575885513271,1
15.441223288947226,48.99488163659053,0.0,0.06378687698859019,6.796489145712458,15.692133748942917,1970.6481032269446,0.45145787665470016,1,66.6743509127908,1
55.30784657350446,59.341335140528706,46.26437623410732,0.05214274130674626,6.134660953973259,8.566096435309433,2152.921981317942,6.771732407304819,0,33.786291335961586,1
87.22133771633713,92.13701320809187,87.03280300843888,1.5651107082044258,1.4935094387105998,6.249865090606482,763.8934460817728,0.6465263369677862,0,89.27102740895063,0
86.91099068019903,89.14158284796616,69.79391563993985,0.7687073011258613,2.261044995439587,4.663295334251526,1404.8771850296241,0.2709718520622479,0,69.91409623510246,0
33.95052287873901,41.82316422840534,59.04478851506801,0.07261520955809848,8.082914389664507,10.51097391949718,3690.5077017921617,0.27241611836085927,0,0.0,1
52.53211759684359,43.01624382357696,69.11245510118742,0.022866347656553133,4.634563076371345,8.606533854307637,1261.1335731028862,0.11704633503330397,0,22.67703742214744,1
100.0,88.5929135005413,93.45689094569362,0.9798941551541256,1.259627241023437,1.0981442177775511,938.8535371168581,0.30861742564112277,0,88.63342888745548,0
99.96044311489183,87.9811719829897,100.0,0.1,0.7286399428614042,5.466108562931997,985.7635996975889,0.5855340055502805,0,81.52445080300137,0
31.56379072394652,64.62383732716111,66.37865952373797,0.11495108490184024,1.8235458025843596,20.81323926103103,2907.601106259525,0.5622572440073947,1,27.511991040021865,1
52.35610919084891,32.676074886719626,86.85158958790373,0.1145695868815103,0.24486034014579516,14.787722539851032,3685.9552230037093,1.1998502668304574,0,39.66575163114758,1
0.0,33.99633737265751,81.83416456112431,0.2195775185178115,6.8175269562487175,3.467262289487424,1906.5434866385933,5.095459557653836,1,69.45255321409098,1
47.7381615800597,38.24360709334107,57.9587550280859,3.0977989184242037e-05,3.9640654015669803,10.709911523571773,2590.5280091142267,0.8473837432236466,0,41.652255178999496,1
76.38715798671737,91.47641042557629,100.0,0.17571990836621987,0.29049326434942907,5.3181086878268395,1574.3350515611012,1.1272152936740325,0,70.27296199971293,0
66.15810864636714,50.80662026928132,36.0333699614307,0.1655578935578422,6.534125378979404,15.18673664036648,3830.2218313435756,0.11651162026311515,0,21.569787893978468,1
78.99783122841205,93.14654271515498,74.21447157809612,0.1282677220495336,0.9936957800921664,3.5902466722705655,1390.8266719097949,0.4954012599250783,0,100.0,0
17.123671388367747,54.81547868967341,33.486903300469024,0.017409813652585843,6.479518581394538,11.141989732703122,3838.9950031867397,2.3818629297049996,0,23.198866529438853,1
88.22718560338089,78.16870744980697,66.68517720522016,0.3612481699611379,1.8107005833841348,3.7514284456751272,1525.4596245986072,0.8518324600029811,0,100.0,0
59.856537866536556,12.81563883990058,43.11288147026393,0.046650573673604374,6.0950530608712405,8.599966980958456,2138.0605881527667,5.066124298116268,1,32.72806144730503,1
64.74857413342393,100.0,88.17127681403721,0.5385569647955132,0.9570855509647173,8.554172996106608,1372.8956423930417,0.27064174287696335,0,75.74439907452903,0
83.44322764607921,88.37060999858427,65.44090737833146,1.584398720715974,1.246119606205972,5.541604439975942,1481.9508438703792,0.2620271413335992,0,100.0,0
19.631289661930143,66.98432926435302,76.40120236938782,0.020183948148188788,3.079106092032237,13.576506041736591,1285.6407080426375,0.013140671926844223,0,42.2716854769238,1
60.829377781307265,62.09602812566154,33.790554902946546,0.06554303244582604,4.404209310512939,10.78430940953851,2266.934395100043,0.7945469360503997,0,29.520150536739134,1
90.15047686306048,78.77915782560245,84.24330363372215,0.1,0.0,5.422821158930991,1961.059241304677,1.2640970033733887,0,78.55999007399213,0
6.504686925570211,71.96637125450948,69.47653931736677,0.033036494461695196,3.7906382997451784,9.40747026444889,1063.5094234861465,4.606331506115808,0,26.179523589527825,1
0.0,33.876788491942555,69.43155918002299,0.02071575398496014,3.5362815802838723,13.931719780710347,2992.820566998137,7.329295101369151,1,31.749440706474864,1
88.31263431403563,94.34880123675546,91.1507359480231,0.8428113401910903,2.3726893364829587,0.0,2670.908036989332,0.1261252958168237,0,82.82110035487659,0
100.0,83.22914676007301,93.55821754321101,1.2783148745537638,0.0,1.6417835712743032,1408.3675876313162,0.353552181303225,0,68.97885179790936,0
62.969679861386425,83.60711438086491,53.87388803862116,0.017164315491012147,4.910160923691134,13.24504679867002,2283.3708024167495,0.6617521752709686,0,44.83115838805174,1
24.603317085495476,48.01559649949219,100.0,0.07127841409352685,3.826083580047431,6.748348092967044,3326.031118640897,7.703140985112448,1,41.01173849278263,1
44.78261113298575,33.38247737122465,22.256700640809196,0.019565541228671213,5.381847463510212,8.463563435880314,3023.7507944065155,3.475812740232382,1,43.04782338056411,1
89.01711722098942,82.21544847294756,100.0,0.24610527213058944,2.402224200507119,2.2955507140053517,1146.5123437235748,0.3236740221289937,0,75.34404794366047,0
80.12874616235304,86.3741756053818,78.09507364025254,0.4972519996224426,1.3332254315676737,2.163575666980417,1674.494281920422,0.40172916539906856,0,87.96300743100723,0
36.44576694249739,14.738314589680623,52.74392796399195,0.0418182029929628,3.837113827314486,4.697951564061161,3239.2785030726313,2.2209763416770425,0,30.11808875682917,1
49.54342519067898,2.9369812133134054,46.20849540414462,0.03192585480456756,6.651705339655419,6.212971574686139,2277.0681828603297,1.2967519383243395,0,14.438643750717786,1
35.83083681127789,51.912951556092786,41.96862982859676,0.26257456169894117,5.110906670315399,14.734473247745331,3897.6473156428115,0.9486353786282178,0,46.96184545554909,1
38.804464436897874,28.60643550121232,27.34139607307228,0.22072520278255212,3.8298736572068015,13.046501054323084,1762.3805398582545,1.8074779843536295,0,30.37248085019922,1
55.37074855300789,20.70165176942013,59.67519303686801,0.03444672848175858,9.76919560066294,7.71796746145832,1358.8134747030679,1.5378281945220056,0,19.99923644713758,1
0.0,25.946469295240384,80.21039924857479,0.029846519394827804,4.03008891024477,7.361857798198045,2557.900412491914,0.6439090627510737,0,29.643211348633777,1
26.08409372346366,0.0,21.766023526648404,0.06984599375385896,4.175677709903573,16.846558502596668,3869.846182693538,0.019410991436902763,1,45.415528894680136,1
96.4282281451502,91.60879237371974,57.251996094456274,1.4664373762425988,2.560345687276063,3.0069365290360617,1429.5465985796086,0.06595064133056627,0,59.413853936580395,0
6.86561134880884,22.119569300727022,59.492384527655176,0.03849995577681565,7.081284885599336,8.949508334257919,2969.2121260944,0.44126870846454247,0,12.058688005618464,1
32.067364519127956,51.41766622098164,74.31820944798483,0.06569182404677522,3.2623370242205794,14.528606518763091,1667.6261536883471,1.396881142495153,1,31.75502920083009,1
78.37376241054153,88.18812720920134,92.40977998569166,0.8295111661685224,1.5354870380124856,3.4551799667926257,1425.9609402315125,0.07238907760777274,0,88.47164396471226,0
75.92436337958402,75.06770706341553,84.94053047735562,0.1,0.4075060766478806,3.3746631085352856,923.6073461900323,0.3581746807414849,0,89.35013451012243,0
88.57112571511746,87.20593836545257,95.21448098714939,0.12451666157664186,2.2968945719289033,2.955736859960015,1345.383353640896,0.17089166334594408,0,100.0,0
87.7902152577034,85.65860960212783,100.0,2.7285923153169107,1.9623828189116457,2.7922821375260907,940.1273981069255,0.05678658392758693,0,92.70259918203747,0
47.47051597651718,39.46044221399268,64.50168601434581,0.14588938517687947,5.333935246668326,6.4026278088565,3267.6064456186637,0.053865368391570245,0,28.4716474770381,1
76.60278157819224,95.42340697071415,76.43489288547266,0.573153437178218,2.2891012047247496,2.4677583387786584,1435.218073223469,0.1688989643823475,0,95.23441825991706,0
17.144533854476986,45.13340762438302,38.944188038900265,0.0471869545675283,5.076156038792918,18.839053006658293,2123.2081517887973,7.519678355971997,1,68.9691740475113,1
53.355363955902746,33.616811919980144,28.88333673421892,0.09592983860849436,3.144571415431263,13.307328837934081,1529.9824423330572,0.5681534443565087,0,37.788303186928125,1
76.91506397106812,93.05548361785243,81.393557806101,1.2409787685418447,0.6221053448231467,1.5109149998305544,1644.1474863619444,1.0996504665092448,0,78.86493391014405,0
70.63369572933703,75.17794558530933,60.48010469083971,0.09159607192219389,5.093363468323923,11.936889244401318,2494.8307247367684,4.250871371803669,0,0.0,1
91.2834550926428,94.79942983996963,98.18922532891773,0.12288082367478782,0.0,2.821095200122563,1165.2078582241652,0.959250055288178,0,88.49903222589089,0
100.0,97.16154576022186,88.01446570434669,0.1,1.5063041477557826,3.699766097492387,1386.0652249031195,0.8056302573208063,0,100.0,0
77.74256186846534,91.90695186187828,84.44071049116242,0.5240244491350255,0.7972209589263523,4.420992597843007,2002.13991211539,0.14163818242095796,0,100.0,0
0.0,66.49624030261413,96.47174236138325,0.009151257200659192,6.644684597375103,5.413954453592235,3736.1811567078553,0.22614602780145976,0,24.921386400773212,1
84.04704467613048,75.59153812677809,96.22609286548244,0.45323222881446645,2.0330157376348184,4.116740581635791,612.0888210192596,0.20333522602883294,0,86.3187106803647,0
77.69069960058081,96.23728425815472,80.98458723211361,1.0874494587831098,1.2734255688438139,2.1551740303120934,1247.9002819982254,1.3226848051206035,0,76.22672149723796,0
94.55142320501238,100.0,78.01813350123466,0.35254070989203523,1.4374154727531858,5.675661070458961,1644.1766705171092,0.31729334142303633,0,59.75525494669789,0
84.92027358683383,85.58513483286043,87.83394704686916,0.41718323653730177,1.4455012598656376,2.4482503536670324,1016.3205155041576,1.0997008835191717,0,75.86156417839739,0
41.43169080745512,54.44245114475599,53.334974324450656,0.01517924615395595,8.117256034140173,10.840315387899938,2673.044328998653,4.441841043002389,1,77.23226436835945,1
90.88317206484577,94.06393061530035,84.98153336746606,0.1,1.5905123656424183,4.2015821452896125,1191.6724789085242,0.883577664275363,0,97.90417632758881,0
84.54413983644503,99.00840200617735,85.75724610205619,0.20870137687341686,0.8672945666443477,5.158693519513552,1824.6822286453062,0.026096306607680936,0,87.64270345894529,0
30.526668563931118,5.100431635399416,50.106875522902925,0.0676120470447275,6.040008761601619,10.017404988482639,1906.7429928851939,0.9127022816368658,0,49.06312632839235,1
25.846308766418442,35.48147273608874,40.01610737367508,0.3,6.580698017384577,8.728250838294072,1094.0613036777959,6.468676068158947,1,54.69311596275221,1
4.486751814263159,39.130132665694575,39.244198158839026,0.019463288566858146,5.110793823566668,17.335742559551793,2531.8913659932687,6.359459475791258,1,23.310015687560995,1
91.0600995134564,88.06993876305167,100.0,0.1,1.1330890911191325,8.165320644219594,1765.418247399374,0.11866112086380999,0,74.78712586221712,0
21.573848172578277,50.82158434950533,43.59579131299852,0.034373013671458355,3.648124670392346,17.16170129846745,3450.07345441441,8.492398272985323,0,62.56714442845098,1
7.364616228645922,48.92939052311202,68.01281241570699,0.22627347347617432,8.94504954609381,13.413575189835827,3373.6443291510413,4.1683561415493955,1,45.15759690137242,1
51.45977184006643,73.54047533878727,55.474977056496776,0.13722327278063828,8.887168174755127,9.157232030131958,1062.2850658967163,10.0,1,32.8283167643922,1
27.145475231483648,54.87905117854545,73.01598078393168,0.041502834705085055,3.5126001661896336,9.908875133735316,2434.610659174805,2.9478782982313207,1,8.471303453840072,1
35.93274733131931,50.88428542721598,42.578096816461795,0.036064508934200434,7.418738356669526,15.504850317286653,3191.0618753246135,5.616932637240734,0,29.782583975082197,1
41.70634512794616,37.57368782910794,92.62989997197599,0.017261862556128424,5.855353542019859,10.095929009604228,2967.780277628752,6.554011176879942,0,20.493199183704863,1
28.91310257892097,47.154380692313076,48.45137483939115,0.07241330506505177,5.046770250312362,14.016618203801112,2259.745485947622,8.677538378270889,0,8.863573176777031,1
92.91662693962935,88.84729955422708,83.35480357030718,0.1,1.2018595328384203,5.038717491275776,1087.5898899410772,0.9535328038988454,0,75.07437110874797,0
64.32557899960123,91.44817246962965,72.49284765873257,0.2657520859413309,0.24329483429927015,7.615217015538526,1616.4811020552131,0.27484248895985897,0,87.74595001679869,0
91.21809962217196,84.06023531441562,82.10615503429474,0.26439520851583853,0.7829338731263505,2.7509790898228452,1422.678309420812,0.09144144607817135,1,71.87790490239246,0
24.846117432205787,26.171062381122702,50.95890513803473,0.06135022839647139,5.0677410988704885,8.6552515418467,1771.8410350176714,0.47401568515139303,1,57.77397893389296,1
0.0,61.55385240149193,34.89096245593457,0.001473659134269747,4.896837485568844,15.483270207453856,1431.3385238795827,6.062060194221198,0,74.59896736581197,1
47.08194852711135,9.402053935750821,68.21587038336398,0.048370000766529204,3.421506810227606,8.940926840589865,1171.945480475443,2.2979937398694115,0,51.586878504525636,1
99.53534077157317,89.213282985642,90.21688694674869,0.2776685604582263,1.7904925021956186,3.528577510286663,1550.3605553579837,0.7302093088203279,0,83.1273795586337,0
8.101444258696553,45.435378039688956,83.15983624305164,0.12130102957618226,6.435692457992533,14.156165987011036,1646.9095396921448,1.0563253323503865,0,34.705045639663155,1
69.43370826476097,93.2785492554281,90.99170314770075,0.663274216899862,1.0285342148581105,3.2424803267938134,1883.1975765920076,0.24428239160142598,0,90.45857069585469,0
94.15402117702074,98.24226763225474,81.90231762823227,0.4968838365187657,0.9085028740327711,2.783987714125353,2008.4261304028132,0.37267517944596806,0,70.12425923089332,0
45.105226863484035,80.91223780460442,35.684077758672494,0.03159252560687112,6.15994434206722,14.601958559953744,2700.118172828285,2.2565002036889794,0,31.60213596664808,1
31.9934325247258,77.50982230696823,71.76717926815581,0.002098657232718442,1.0413604102946095,5.752485713102278,3668.6549746312903,1.3697781322718432,1,39.4029038070255,1
74.64757677580626,93.04926707906222,90.87285400642452,0.25599996218896065,0.26550541764570385,3.9733907292427295,1699.115323767111,1.9538768853561586,0,75.69335742706485,0
0.0,62.664691792431896,85.51787988738603,0.03802683158223443,3.955931420316487,10.679789059023998,3712.317399410874,5.468717512590817,0,47.22212190892048,1
95.30999522495951,85.59755876923664,71.84954891832142,0.21899379219915144,2.2831116468454233,5.371179492596832,902.5960886987426,0.20543125878339505,0,68.06517299261289,0
28.289683359338678,28.88242503242543,46.25286627192493,0.007860593841272502,6.730542314589092,16.8819055643243,4404.310196931591,3.7465837817036785,0,30.55211697840688,1
69.96857046881894,93.61897436999787,80.17493333688327,1.9133969282322005,0.0,2.765575506704077,500.0,0.23990620005784122,0,69.80832522623376,0
100.0,100.0,69.22236674365534,0.42853169423962356,0.5748673466049146,3.957510441447516,1823.6451162925516,0.6579665905008122,0,68.17885619144494,0
66.32734807408252,92.47856568181622,80.22949833237809,0.8745358995806877,2.0066614608569906,3.716940725324305,1165.1639465539843,0.3177186697118095,1,100.0,0
100.0,93.96545510378084,75.97375053062233,0.25139177196934487,1.395951765157104,1.964471381846094,500.0,0.02772072348680789,0,95.96256053511566,0
75.33023856870787,84.98626220328028,96.78990523335763,0.2701227393297678,1.5121463540323465,7.776873879228513,1487.1810023345147,1.168628414710832,0,94.62800812527149,0
25.99263617486664,54.544530814679,45.82214574819223,0.2192508859045742,3.506873295460178,13.237664740568201,2493.657130037304,1.549072127162403,0,10.46878840196069,1
90.72582781356158,84.0407788415484,86.13689141410302,0.1,0.979472138105293,7.884491189512599,1047.1403437135973,0.24344911917919296,0,85.49909370520707,0
87.7669079933002,83.96828328906659,77.97828518043973,0.2347794404863573,1.5394466652161782,3.753311871907779,1513.9551788357635,0.5802179266852033,0,73.98186190182983,0
71.64655641289899,89.33515541897044,80.2028172778208,0.725915130024136,1.5113194119726066,2.0035754829771895,2015.545370082521,0.5558103301536516,0,65.01595435631613,0
76.43916174091133,90.689151064371,87.23770510461574,0.3896468595696304,3.1336557223423043,0.0,1525.8023891450287,0.06819615581783675,0,66.29812130551666,0
0.0,80.25415238413296,56.09770754692892,0.09145432321824673,3.017611564750891,17.035044959040274,2580.5404024791474,1.7220241426961111,0,79.563088666993,1
75.91975924478788,87.43722153444544,95.62501636251072,0.2160219394899083,1.5277709990020496,2.521942683953534,578.3152256224133,0.6339957137661669,0,100.0,0
94.71570950954356,83.28632266128795,87.47827660223365,0.6550774171064458,1.0695617932078891,1.8429745172708056,1550.3546122306632,0.1891742606809478,0,91.5096104390373,0
42.75359758065693,22.287572730080424,68.30056080681965,0.016452873074170534,6.413910019841085,17.339786913534574,3377.9381499381657,9.60717493701213,1,26.238427037929263,1
65.47912200477498,79.35013637153777,93.54473071902275,0.465698336216083,1.384076336734855,0.8892525323175153,1681.1025408306778,0.3297541203938545,0,100.0,0
20.4321937351658,61.86855262099728,0.0,0.09744255285391615,2.7144186100071983,13.757943311983059,2847.301585232778,2.630036683513073,1,42.14385757989878,1
95.58424486849587,88.22997101131382,100.0,0.6048919511776899,2.985317949249564,4.5819294602748855,1504.8894193660678,0.12430108846485659,0,84.69298477236366,0
19.433828939869933,56.72012336098077,48.82070969389001,0.05586998434393153,3.6227001827264655,12.622317876922555,1381.5215882544999,3.5121134371682654,1,7.512015030517429,1
45.848479390642034,64.70393161089662,67.84023236038054,0.01170318356865396,5.861692010339493,16.691577114525913,2430.7630714555175,4.287059991247261,0,31.23026280482341,1
95.91506851922462,94.37386854561103,95.50757120375201,2.3857762743172564,0.4334973161777547,3.444972762279533,1898.3894715385782,0.051844646286591384,0,69.64585650144193,0
100.0,76.65132740897928,76.31744560354637,0.24275040713585488,0.5527755534219524,3.440985073406933,1393.904983811919,0.2655937719062614,0,81.39403479024467,0
72.19695601329106,92.46440431603281,99.95884612695336,0.1,2.774135998626307,4.271718848163314,1082.0654744387714,0.2572130336654955,0,68.03842824394852,0
71.51814577894287,95.91048384710002,75.29310895532079,0.830789704168021,0.5504052893554041,4.2711268328294185,2120.4981065710917,1.0454370974772704,0,100.0,0
74.98379990105084,92.81158566033267,76.57697847973317,0.1,0.14746269791483835,4.9146485621735305,1523.1456189707026,0.24424134078646867,1,79.96642825288728,0
81.84730755359655,87.64040257366378,82.35949422688599,1.0861562282352137,1.5144134976355572,0.4087136547399699,1123.175926570302,0.009613535210298752,0,74.23727501439537,0
86.96554776511574,97.17471452692425,84.14508680658506,0.19058820690720643,2.24998199400554,3.7928262931884387,1523.37979228226,0.23893768297338783,1,73.12665456115249,0
96.58110873500068,82.48531684944996,74.89958948632822,0.17536354626184048,2.803713704890239,3.731639578646151,1417.2061643606526,0.5176868239395656,0,62.48202039062435,0
87.89774856896413,89.8290616452125,75.83324857248955,0.7213101899608106,0.7476808668125173,0.00222218627750026,1032.2077483187934,1.1716082225797155,0,77.01406169360195,0
36.317832172044795,81.18259126661694,48.97341943835548,0.12481295737250345,7.879908082857261,12.269880101028892,784.8265347024046,5.583519997399306,1,35.21386623592961,1
79.7727697948096,92.80504079418847,92.64170224827043,0.16996828341644224,2.204917376650695,2.5770756118325906,1660.9072308805191,0.594833910472898,0,100.0,0
66.78294603272914,57.23347264107461,34.37256750136189,0.1650834794120026,8.80166363013149,9.222006359007795,3089.6565364941375,1.9515398672772004,1,32.278070826367006,1
18.088956472907725,60.82659866853298,63.217058737412074,0.08866694276304367,3.745077667048596,8.924932685757227,3737.848786470143,6.923260050263057,1,38.87310633262985,1
87.43687211491913,90.02436816122731,93.05167533267267,0.8904641684810152,2.8249666016458366,4.195654349415845,917.9781579637793,0.45375789420457696,1,93.60180909398598,0
95.94191518470949,96.82218940097776,82.24608439120908,0.39585307958439075,0.0,0.04807340021676065,2090.351660201586,0.06946224491249249,0,65.34581390927177,0
71.79543386915724,78.47959293924565,78.05803570263704,0.13316439793397283,1.8106496043387597,5.08678165574362,1676.698694551023,0.13109725557747154,1,100.0,0
19.06026662372245,23.07613647805134,29.659853941138284,0.3,6.518884347645166,11.558395344393647,2708.5649295770204,10.0,0,29.517770492385573,1
90.19346514241172,89.87752120661604,75.64754190181515,0.39800297137668184,1.0881738600682065,5.493222729204314,908.9550372322221,0.14529781090499863,0,78.51028493311952,0
79.81729781726352,100.0,60.44582856235314,1.3613594879810318,1.6262091514350157,6.720231800360626,1583.3290034502368,0.27807880060353646,0,71.51094303661392,0
88.43618289568461,100.0,84.06526340184499,0.27035641137150757,2.4901230060095987,3.0630077732793684,738.1301226138145,0.38149028867121476,0,75.67774606366225,0
79.69498852389472,80.43293550371853,96.19994791373283,0.523150431653046,0.83115027831998,3.1750419762241266,2055.905653578542,1.3788745808578289,0,77.74297787757527,0
77.85648581973632,98.07853671474108,80.60366310352627,0.27204246914178964,0.0,2.543656198060369,882.2264607007024,0.3190987832529752,0,59.56934943717864,0
91.3240773905552,85.01880510612439,85.87871004261062,0.7135697299578956,0.6438467496845346,1.9089410286518937,1378.8459024804029,0.410368815261499,0,100.0,0
21.401882065063372,42.861459367319405,9.375556325972079,0.015327584907464054,5.518839982526318,8.391047189140934,2246.673788210685,2.6515430314709367,0,17.569788113336855,1
43.15379473674354,70.6536404010129,39.850248847877204,0.021793843254839764,6.0518883612496,18.65216903838447,1064.445131928879,5.535775430538517,0,50.84790078831469,1
3.700522131164412,6.447938557350902,95.09665168169664,0.06386731660530408,6.440448033810815,8.066200946088115,1424.0106651132726,0.8108628583036048,0,22.991060688226504,1
0.0,59.967820044758604,47.3105652609064,0.2717405805538054,1.8413096758594794,17.805501844281526,3210.5258573947535,9.484389821527369,0,21.053406830050825,1
13.526143076050715,45.63890164286795,70.46018039360337,0.10408913344657925,5.575839242492001,9.060192492658489,2075.991392976027,3.6423584904036104,0,26.859363461078814,1
94.26177547531641,96.2268886093331,94.84735596663437,0.7035212972685244,2.7073048107236404,2.789687528788005,2079.5280433350863,0.14026470627906104,1,85.08137243420549,0
35.68409369076151,48.15038046159328,0.0,0.13072761349463924,11.571447427363683,12.328811705051187,3428.038743125127,1.0514761716390248,1,54.025547777530626,1
100.0,81.17128546227383,88.08159813471997,0.8190442374357614,0.0,6.238489835128192,1989.5423674170372,0.06557350877783849,0,80.2737869128417,0
22.26247051587133,48.80352680868107,53.57907869482626,0.1747858002944338,6.250952000608102,14.4496466116615,2440.0499426210213,1.2449345970562558,0,11.576646643975263,1
50.0578216298757,86.76654976630724,27.280877614875124,0.11204450807491922,3.430866014794954,11.991553280060707,2820.846646154906,0.0792884668170954,0,50.04872401634959,1
82.5876394214367,75.81574025434495,100.0,0.5628685927925503,0.40798256365869173,2.743712521661643,2674.162482555387,0.16028300218313318,0,100.0,0
46.74115069189071,39.46292507084093,13.469889870401936,0.06724421019565566,5.242364303801357,14.333619663192763,3382.466622634694,1.2216198740567008,1,68.07270432059717,1
19.579156857175906,44.70276172004394,59.51240140195203,0.1483956373467552,1.5285321261047455,14.971613221734396,2855.8999333416987,0.06220807416846261,1,19.95530926945115,1
87.59722501721483,86.08920462570981,100.0,0.16448455459329533,0.598003120837569,0.9799175760294956,2429.879565729367,0.5386554779734102,0,77.70717512278662,0
70.51915658502676,69.56863092078436,82.25395052789915,0.6527060647052452,1.41134995177673,0.8355536665070447,1179.1202367859282,0.19930382839449898,0,84.39243265380026,0
30.75096594573888,83.71732996613781,66.67727359983937,0.09046575252345185,0.8258615085809673,4.353431156323828,1516.6631731853463,3.1738082749654803,0,40.11399076096286,1
52.75607871157697,43.171193837002455,60.196330953441155,0.026061008341354483,6.527890727430933,5.107815882835075,1781.207610581724,1.78866278118435,1,13.271780932887637,1
37.28952117637559,12.083436342851966,50.320861303403476,0.24021525140506028,5.760673300631765,6.999897377649583,2337.4943629412574,3.735519328414644,0,72.07668315004442,1
27.77539614171254,32.980610841870494,41.09588576445001,0.09627334154647549,6.153840821368585,7.621231823890515,3466.7519913088704,3.8824006150312194,1,60.64216782853024,1
22.98504138722864,57.022278165029284,54.94384495607198,0.01098263590734087,6.477132078404123,8.764823526334276,2523.649829497681,0.4870447871936202,0,36.49363278908478,1
75.77834675822375,100.0,95.43653735159363,0.22169231298440145,1.9682395492130704,0.0,1801.9835064567858,0.06538654669148859,0,70.78784703129223,0
27.34832314555133,72.87169495244625,41.53184299133897,0.04025589665759284,2.785633460236479,11.49682948936668,2968.056161966698,6.633204682199114,0,11.247977652453063,1
93.65755194170121,81.88194615445707,69.22910065946738,0.2788594414279805,0.3670183553658835,6.508676721514679,1330.0674609897446,0.0021845553176015517,0,69.73339396870726,0
37.06156443061696,50.65462872964496,46.02170929727813,0.0116082087216752,10.380630014577388,17.340418469074496,3056.5966339781144,2.1734333832819406,0,54.421766767644044,1
39.59848690835875,79.66038976294023,29.186668094764734,0.010168917034308894,1.8618019506135508,15.170960705223088,1919.5060347493702,1.407453046299303,0,64.8521989492807,1
44.45279525980023,16.575551046486144,29.617690643754603,0.017132578115106985,7.2980293921048,8.301423926207875,2033.0234834484593,0.49096458137631005,0,45.779261453114444,1
93.2541634898803,100.0,90.76084911029683,0.4592866746058765,0.2998225108424511,6.057537982846961,1264.8574780367999,0.9959974745486614,0,78.44281273395549,0
85.74094780419775,92.2606396039064,83.5656768539997,0.7273450973382178,2.442810151838738,2.1424158370950828,2251.9498197684034,0.312120118191129,0,100.0,0
37.429571586581154,33.87760353389155,51.51012182210621,0.11519508285983969,3.562914586441919,11.102772688225416,2331.737781707607,0.3909984383187018,0,35.672999170710625,1
44.09408792833548,43.87068945371536,69.63803832142169,0.2005565861217894,4.524553253305775,8.83750403490819,3302.2478015641123,2.2819197450595343,0,53.13296771618566,1
90.47097381170038,98.68716452665262,94.4140677817666,0.41496428636456806,1.9763927181114058,5.778307649575612,1042.6644035664558,0.24654720810544678,0,79.48153640234295,0
73.16741487334225,92.45925358247281,94.7752711107232,0.22206782024312566,1.7595668834820137,2.972198746702314,1393.7757949925835,1.2787315507331087,0,75.97446801293928,0
79.26337993119763,100.0,73.89286473250178,2.831268751802723,1.8845956638143873,4.639930382290326,598.8826421074643,0.3587439013895766,0,99.17421421189229,0
85.24510174258943,88.61643152061262,86.12922186475998,0.29358662775402444,0.9801384916020509,3.631708368633596,1536.9507166559697,1.2242565689485836,0,72.54024280463496,0
64.61875464822145,90.53592573779898,76.05021526251726,0.1,1.8233702922218655,2.9208175585257368,669.1520584904504,0.6711923845927729,0,65.92299341388373,0
92.60414656144297,93.25641829699629,90.39772520462456,0.10358851762558428,1.2977893959230518,3.8401830946749005,1612.813687683737,0.6682336573490228,0,57.48796977106738,0
76.42842443583717,100.0,83.71065492627487,0.1281427847696821,2.5325155687380376,6.905511090252366,1263.1036620748741,0.25704206732143253,0,87.91221249541596,0
21.35850403952434,2.6354712381924275,62.49487185407909,0.007686904030639194,5.780385221210805,16.731579755511703,1872.9266087322526,4.3017554732596475,1,59.13940649264498,1
89.71468357135996,78.49377617346107,97.46868024850623,0.652184468947754,2.2009353337529864,6.237099888510652,1572.7959530491191,0.5019265306908135,0,94.70006354200841,0
85.82283989275425,88.31095808937845,92.72556757859502,0.9732634503980556,1.2238682356401627,1.4580965578154346,1176.1100656930864,0.19518535099987544,0,63.18654539347761,0
13.359644299161278,59.71618115083277,85.40016347278691,0.11402647176804553,4.950339371746706,15.006252901608683,1142.9470119070222,1.716081491243492,1,0.0,1
72.48460575809555,82.75414159309905,93.60005178359297,0.988246435769033,1.9150969443520978,4.676714883871919,815.7586582253944,0.0780434905703618,0,80.49160456333672,0
54.53013178126329,49.702479422644295,60.3757985735864,0.07510730689422779,7.695356171025248,14.027210378209897,3651.678341944108,4.190569725509722,1,43.867519642047505,1
21.74617033023929,100.0,21.04357534693783,0.10540484368716217,3.224074126796757,17.245923275841182,3159.321890764511,2.447110125652858,0,11.589701397421823,1
86.32969674146877,81.41805579408155,85.66363244659982,0.12399671426590303,1.01331938825653,4.174032960784773,1929.0167198291035,0.6609307629061104,0,83.30283971307699,0
30.971601998460528,91.94063605390336,45.455720083148925,0.10292967903547806,4.532184029110211,10.709805159093515,2291.197208518656,3.4329403882986442,0,42.964655693845444,1
93.9959987543325,97.35261186390215,93.0207786506642,0.1496018232280249,2.5489339982420995,5.912590004182692,1461.9553409196935,0.450221664517409,0,54.690813805382476,0
78.2360769794073,88.42129263754138,92.23005962028256,0.6127208040387446,1.0721946633245414,3.6084294580628375,723.3728797519115,0.34433517188922574,0,64.89207518709533,0
85.35263551971728,80.20561410968507,96.91218902031666,0.24491904824707109,1.4539857975956294,4.847778964887972,1902.6426164130512,0.03683649289049014,0,81.82191596299319,0
34.63731512983836,80.28568759081077,47.38854947129426,0.06399187455585578,3.677956236914575,13.236630878069857,2842.215155480489,6.016723296478536,0,12.013908452196764,1
46.42448420472479,50.939083784527796,25.376201469348125,0.003385212110096849,1.985002166796499,9.403694665733443,1884.6837761547058,0.9891004571538144,0,56.63161456729564,1
86.83342005738352,98.31923749916861,72.08742776701554,0.1824572245600824,2.1350547737150527,5.947244498855694,1255.296144198166,0.4316473151193541,0,88.68364727103702,0
85.2831837613046,98.60805710878878,83.68444393057045,0.1107172649255106,2.317212314225491,2.7113194659560316,2072.4608471046963,0.2831659605380123,0,77.432309453054,0
25.39571131735201,25.356674164313137,39.323728863816235,0.015204420529485743,4.202596435033621,10.48804101605913,1495.8807462358739,2.778479952261577,1,34.10802656009553,1
89.04050856814538,81.68075258299575,100.0,0.18442312989449156,0.0,3.7519572252200057,891.8852831037561,2.010845800319816,0,65.434069563384,0
75.09463674869312,92.42108372191227,73.83024621629386,0.5824490590486503,0.3007872316332789,1.4561619977745544,1406.0302913916103,0.13100380831543468,0,83.56744311137504,0
53.99778136498584,49.319646690553576,100.0,0.008316103170219137,1.2459216907393822,14.026545819636011,3880.7984016754694,1.9748099985478353,1,17.348054277129734,1
94.84322398476584,89.73416007484431,100.0,1.4570733988268427,0.9662487321779957,4.655622147148247,1649.4134733647074,0.3588941020727605,0,57.58604706400642,0
74.97470635362191,69.27166166284073,91.13500637480627,0.9524105661256395,1.7493222848038226,3.185079785416797,1773.3298046064367,0.5961986687749041,0,100.0,0
23.052378779097143,77.76882931036604,46.80512360306342,0.2152935358096226,7.966517769713182,5.046409685912856,1897.8246064775456,10.0,0,62.57822486003365,1
79.75479733720226,82.77038511415897,84.0466265638349,0.11792901497912002,1.7585483859665647,7.030889616704496,1515.0299437343463,0.616055925033289,1,100.0,0
99.46977884353733,100.0,100.0,0.14286852989288443,1.3272315837198143,3.6235951224543577,984.207765116125,0.13558695624338118,0,42.68814861940806,0
29.473294099115652,42.55126587966942,63.668100406048765,0.2064823211090832,3.2878302559981774,10.705403821163356,2139.434752658193,0.06563485126636595,0,0.37350842247370064,1
100.0,100.0,87.99149686508025,0.24871665370648693,1.2437617563706864,10.0,1013.0384826012192,0.025203960918250633,0,77.0291035517164,0
12.810888891075605,16.531907346610662,62.479994152222396,0.12382568150132356,4.570958099328182,10.399030868272458,1909.0277875660909,5.238392252945972,0,25.17551170765774,1
87.2745993460413,87.61949197312006,89.9771300948382,0.1,0.5565047026939062,1.4188771561075626,1972.3959621222689,0.14699798189455435,0,75.14136720176117,0
36.747148505205274,83.23835609926311,93.50269559360079,0.002928962311526798,8.880313263670125,10.633918339978779,1959.1591293691304,4.019907806434046,0,49.66431675243187,1
29.009011776016155,32.28779746177272,37.60798139583712,0.19891427953802998,3.2504475514912645,12.614596517186476,1761.256635422886,3.5000491350642884,0,27.923649475756378,1
47.377206602892706,40.24013832207144,20.142556244889555,0.1251607617517598,5.4630375440929235,14.142560900066437,3405.8298998711507,0.548614625491683,0,8.939961563703909,1
13.586671876196434,0.0,55.44580636324394,0.0194257538746396,8.365776777895663,14.227791529362012,2434.2906691567628,7.276738532681351,1,30.9027873145723,1
45.33650531648902,66.4101641372493,48.802099356424776,0.02287232466933655,3.2660530871348956,6.246293124898384,3273.0229913877374,1.1974208955705237,1,44.20655636762966,1
42.36995173678078,51.872189609288945,33.94260708074828,0.04953471274953431,4.710628478515313,12.730351216857345,2959.0142089156675,0.05055689822788636,0,40.033077379731075,1
39.28221964572267,13.70413137078913,96.96959518467138,0.011827680330478178,4.22888204007503,17.248831974406126,2273.76543191254,3.2271860052218404,1,51.36351050942949,1
84.03286888129608,89.03695068837122,100.0,0.49132467053223816,0.5446484791261685,7.198941880227579,1356.7682215282725,0.3899043444230982,0,61.557106231739205,0
57.36676273586256,54.466744380476804,64.60400444918695,0.013081419664159474,4.338378960955456,10.663172007734206,2549.4306161837185,2.8297686637111332,0,26.12147011130217,1
95.66674689589154,86.50891287578744,97.21848659958084,0.290503246235686,1.3149592456562404,2.0976312592240878,1373.8934664334977,1.399332471931886,0,73.05895028005493,0
91.32931817755511,92.08257471016977,90.3292915714403,0.46356586970943914,1.472359500836829,7.136364859054652,1125.3631975025432,0.2257475669937599,0,68.54802045036332,0
80.36582307187538,100.0,68.70928162757231,0.12842878401807567,0.7053130403344394,0.0,1704.0497445000299,0.8776891276688208,0,93.87922839075247,0
71.973261379331,72.22469372959107,86.47215514357055,0.004657207562744382,0.37228100878625003,15.583403520411224,2274.9650778643445,2.8289625268038963,1,38.17099306319285,1
57.41371412845191,55.37314911941764,94.1947877448916,0.2662899795468351,2.2898278684499878,18.046693656741724,1680.0840804953066,0.6069568924771747,0,51.02257167823907,1
100.0,95.66486941350873,100.0,0.12340692840005446,1.9576050226403783,1.6421530174033494,1730.5805380489692,1.0296736552508228,0,85.77449624071451,0
83.13128355838641,86.13551158653249,86.59880901045705,0.3329349595318489,1.8374240594006968,4.226788783933379,793.8449651880104,0.09387900005574791,0,100.0,0
7.498295336658303,13.049943617395392,88.90266785525813,0.10198161642760316,4.254448411070494,16.748204602665528,1610.519434668777,1.7763307686138283,0,46.585972901592726,1
80.06999065341166,100.0,99.74629660938155,1.3215495923778766,1.25550471114535,6.9561437967128885,2034.6629431035933,0.01947582223159744,0,86.68516860622886,0
75.50601111168056,94.08962079619985,87.11262921269929,0.5438765375510782,0.04313114456440284,6.447897506292009,799.6097702379088,0.382722133649392,0,79.9756742455493,0
75.1039517974142,86.42142483472999,100.0,0.1,1.6603677051309833,2.581137685343048,1645.8245909421828,0.1386651797371376,0,42.18729490140898,0
84.00824136220618,87.25446179602072,85.71396272802626,0.1,1.4600958766975058,4.0860817417007755,1146.4524419437082,0.02634944157906085,0,89.1014322530961,0
69.84255885002769,96.48646618527826,93.80651981425648,0.8821956599830441,1.3164941345156262,5.877280045357889,1580.2794777155514,0.022183499156869298,0,65.1336329700258,0
79.965243458838,92.63009928242785,96.61822870849521,0.1,1.9386557020435993,3.2487326684689286,750.6234784181534,0.33851484345981414,0,83.47596413045589,0
18.931314516574854,65.29003903874208,26.426436340419613,0.02527930838743625,3.5057944926658675,13.207726740474815,2218.789298592881,1.4255208583597478,1,40.811606957490746,1
100.0,93.89201315060961,100.0,0.5640633958087998,0.8781028121232747,9.078763245565723,993.8966363659139,0.41599680838874775,0,66.88701094978775,0
40.433671690000615,25.15197677061516,84.27797661843927,0.017100479946150868,7.68266013909936,6.467928765022105,2583.306710417072,1.3585886898520863,1,40.70563902334989,1
88.82409746184051,90.74275920912892,73.98664538478478,0.6773546890363094,1.0685559884293836,5.729648876982023,1682.8852254770056,0.11595739255662568,0,80.29318767197273,0
92.09003757588512,95.16172468760045,75.32130828687697,2.4227070263269304,1.294975340598742,1.5337973899702897,1193.4709900874295,0.2528261627103962,0,75.02202707267031,0
23.837334806850986,82.08386443220513,78.14915324630574,0.3,4.372095626168279,9.995048169999688,1773.2285299817786,2.4081840310133664,0,23.111726028440543,1
81.12298440064016,76.70006409571461,84.30629834633339,0.9127218178311617,1.9987257106239325,6.256479566537674,1635.1064396218405,0.3120646993943461,0,100.0,0
74.73484700588939,95.98328204894027,96.94006375452737,0.27123997473157785,1.4690056840083656,7.797469962710478,1383.8184335088845,1.4618406427998354,0,85.59263372983737,0
81.9045356068601,100.0,100.0,0.1,1.9427111864595414,4.073565666348469,1366.96824806005,1.4262571801935693,0,100.0,0
92.58969220493267,99.98193658138987,91.19053875582458,1.1301937549945613,1.8781042766747245,3.3398196165971257,1280.801672503545,0.6592330581566589,0,68.56799827228853,0
65.38672702181289,18.23779386045446,37.741203346842774,0.048168100867387056,5.834918062726332,13.149071716483169,1241.3224403154081,2.1019882275806605,0,48.71116726434368,1
34.423667968227534,58.379014163377946,53.37821397366597,0.04486154830241471,5.679057574808432,16.85193571419748,2849.6140976587353,0.1779503863230146,1,0.0,1
73.08696502797352,97.85412389593276,100.0,0.4265991271765617,1.9301039223599037,2.5204576720540652,1259.5493789324612,0.04593316111545745,0,80.91178058751954,0
63.683540730406534,62.1685375539515,20.365987038887642,0.08024935482481471,1.539555747709029,10.140307942541117,2830.901102171468,2.0641007530601083,0,16.935927822090974,1
82.79035826170336,84.86814723821638,74.43755530391292,0.1,1.4806137329042464,4.904135676519342,1848.861242273622,0.6406270513521445,0,67.8597997280768,0
91.74819492166604,74.94520763601889,69.80028940695051,0.1,1.8402570466640884,4.733628086570884,1676.023971609258,0.5854237822893922,0,70.59427077953389,0
74.87895624739832,87.32179734314768,100.0,0.21534365538578973,2.504322887567917,5.851950201429234,2021.0361587144926,0.8322657170238827,0,82.8294662235197,0
90.00917187624381,100.0,89.03071607551996,0.25995237827000567,0.45410417421522875,3.485399998764421,721.0630103436743,0.21935463418331955,0,65.35069526204666,0
32.3344256954169,38.50646512342402,71.13995197398864,0.23813653907777513,5.138007001474123,20.832184190174193,1925.9530886399577,0.7242810688750446,0,69.19411801214662,1
29.527447792134637,79.06620146715481,64.2263012147492,0.01720480705868249,4.905882918451227,12.355291849115154,2012.9414700613079,3.7400256924981843,1,44.20844535968778,1
75.21236284217693,100.0,90.53540430735367,0.1,1.1765104058479818,4.04639195711475,2007.1841948412357,1.1050146110160366,0,92.3963348628765,0
88.85317379728836,93.52379790368319,80.05621386644069,0.25091007693553885,0.6012047734083216,3.7055894426288054,1657.1654042192865,0.17964966437936372,0,70.72737436849746,0
24.73745507271434,47.17547192233474,57.007989315630276,0.07141163174868867,4.652370299061258,11.1982200692911,3474.932168631137,4.803116854435325,1,50.498291098279736,1
100.0,86.71348569636332,100.0,1.0571388939487412,0.7471818394668968,3.9112770889768766,2114.462709141978,0.1208670989429117,0,72.86911636678187,0
92.11614878088889,100.0,97.82533172505833,0.3930095440814525,0.0,2.307131397082043,1380.4719643883184,0.0784941901651654,0,72.28866793448154,0
87.96120277064576,90.62908152252872,96.04576740689456,0.38858681584589766,1.4487377886810267,5.264908433284601,908.4891504614857,0.2585987784473062,0,100.0,0
19.085646729587772,19.262621057297803,76.27456696266913,0.02370597962179082,4.428255490041758,11.258936340278566,2186.957516847632,1.0283182105895712,0,15.68849987580322,1
53.31647563195209,61.833416888874176,100.0,0.04126572910659382,7.18048856731613,9.57737746595747,2734.997881339199,5.115171885276947,0,35.24780152388015,1
100.0,84.49479723857822,83.49764343611275,0.1,1.1702234039804238,7.49627413824167,1697.1535887407479,0.3424104429278976,0,69.74226649250636,0
85.67518481410109,94.06268605031698,72.082334460267,0.4754901370388995,0.0,2.988067602024289,1551.6749893326842,0.36359614189698214,1,49.78905088643355,0
39.67190162523153,70.63536494557712,19.29832059736388,0.0896750917225495,5.8539673677241995,5.384161761534743,1945.0428060284764,1.332478421072917,0,58.01669299368726,1
88.11250154543536,93.35625955125622,100.0,0.24857844283034058,1.8948481634674332,2.3627899466798428,1555.8614758261403,0.833614447155109,0,55.14284622301543,0
22.07515351706811,78.4464443992343,57.57035607887672,0.09873722379072677,4.233043962152227,6.657233913227696,2541.37430785055,3.0575888601622094,1,34.8317266805727,1
58.49030191606988,96.72496021203642,94.62759925215428,1.187803537451389,0.5743067050293833,2.74269138985086,1027.2072015727126,1.436121505955029,0,53.83200667090919,0
14.6883724069891,51.09751332808471,43.91196000407212,0.11380348325176129,5.626286046267064,13.798850429986034,1292.3587020240361,0.5047589458275923,0,62.93886912465642,1
29.755328612342883,50.13013154737366,84.40860140428637,0.3,3.1218937125960586,11.100321841778594,2115.663824477205,0.13206703776466316,0,11.590765814227524,1
54.83852619773909,28.745056354633604,67.67440864570354,0.002973133327969982,3.7503775909282213,7.67136745668802,2287.186643551722,0.705761840901184,1,54.699002060117024,1
75.60120213672644,94.69091215004075,85.18710639620413,1.7421016873840982,0.5564322683937757,8.136452083011648,1887.7477209632218,0.7204495983127385,0,94.15396664409418,0
87.54420843301213,83.38495716768112,92.67537012845085,0.4645480844909248,1.653518188698429,4.855628790305806,1454.5333243674258,0.5637247390566544,0,77.70109169901042,0
82.35343166762044,82.09127114279266,100.0,0.8929787854022802,1.7488879929145562,2.1210735160280345,1840.4496393520951,0.020676261853261758,1,44.68275615955097,0
76.01585328651642,93.67977714351294,65.84574565314287,0.3465325839263281,2.9507261588123384,3.7502262292998654,2136.560147105122,0.15911033145110862,0,74.84997236221326,0
70.21413754220158,84.1232673856156,91.36763685388163,0.1,1.0794952528116923,6.726457950264501,1401.4658875280606,0.7848839828464313,0,90.00598209092531,0
13.536194518659013,41.79197643273601,95.92804475004264,0.2403167523509644,5.400789569752702,12.757336144720663,1911.3171392701115,1.1291504156693914,1,62.08421850490166,1
0.0,48.455598443235985,54.81860753835847,0.03891318648269344,3.8354658749824457,17.20451940871429,3389.648544026526,1.7979838520552,1,9.48258000196152,1
2.976376023768541,26.996194213557857,100.0,0.05000184828329442,5.904992912205365,11.283189382723437,1796.2609492682905,3.1289235910273945,0,23.341410088014648,1
51.46846369124623,34.91757878054613,65.78209542215745,0.08265618743287158,7.3063393969096895,13.794323517007388,1591.7469750089815,2.922171700874298,0,36.83437899496731,1
62.11610678863003,54.84154411291998,93.25464059491402,0.12838620796209174,2.357581536287742,10.875907210895782,2985.139782712931,0.06864404991778028,0,48.742806120059576,1
79.82711549899628,88.94994426326156,84.65339927019092,0.1,2.0490828440116267,5.797338320678349,1185.1303720052015,0.2975952976691583,0,95.78820966102123,0
28.780570670278554,74.88816729185285,20.35183335074384,0.011482881841862623,4.830066806223705,16.946478968571903,2112.7843014429773,1.080566387292799,0,25.633026228811012,1
84.96397460909432,97.6250003630087,68.14135076526044,1.0433536366477671,2.0164701697393546,5.395173940678398,612.9635682564917,2.028184608011841,0,57.412513920040695,0
19.987463560464885,65.97392035531863,90.84711170490675,0.0036113913013964697,4.129613335604414,14.016375327775767,2505.5397768349717,6.416295385374032,0,54.25214548153305,1
77.87154217322836,100.0,93.55847550518948,0.1,2.419737615102998,7.409184186594754,1060.636312814979,1.4850802017551126,0,86.33487196174812,0
68.92516765438772,88.79955530373978,90.0800999724449,0.1,2.0372249373832427,6.1930942364605075,1113.3192437189361,0.4062316386560949,0,95.15568969924895,0
12.653459821375307,12.139648440046985,0.0,0.19662325271727074,3.0764751584535963,16.388301225650512,3439.1207452593667,2.1295767797812344,0,50.82307300728451,1
39.1097285512004,41.52279263682932,72.59911691985585,0.005863901593884636,3.3648368264446176,12.501634717903377,2496.414562898567,1.022918742104129,1,50.504614576755074,1
78.87211309515614,100.0,92.90328769242122,0.1,1.5364511049135186,3.738148389747747,1200.2336052172107,0.5207430065390326,0,67.90220251315158,0
100.0,98.58005869847841,100.0,0.8301667490193986,0.5991568312711596,4.124662699238246,1236.1005434984136,0.3960724824397387,0,79.55466814571032,0
93.23170583961914,82.35901936520517,90.2876270951803,2.4474017579172465,0.7795277179711504,3.6448080104825222,1279.7651731997175,0.17580157418929143,0,64.46593915931909,0
38.60610102675006,51.367371634365654,94.39301125934412,0.05074320159807347,3.591279351558237,8.22074203903312,1626.3040722220828,1.558320055845876,0,61.899193323482976,1
85.29756139495743,90.17049318937553,91.6132880703009,0.7648219716832733,2.2351318837266634,0.0,1395.985499927822,0.8820735427344792,0,79.00831409071989,0
22.98225648292375,38.619485477932365,71.98453432529766,0.16028501887516158,6.041953746983543,13.262877689186096,3366.273147133113,1.167248347806382,0,42.455344485528045,1
86.29221181975228,100.0,96.02008586461697,0.1,1.7788760958887844,4.182187212511827,1701.7082992153537,1.231882754183212,1,96.10119053615668,0
88.57015485965047,90.65463486838053,78.03466712132122,0.1,2.842939738698053,4.168933572779895,1988.5179782740593,0.08569113364545529,0,63.1381721170884,0
77.99879185060827,91.9139749128892,87.22974187469802,0.1,1.9740242458542092,1.927712856049606,2071.5040648147083,0.5073637512211379,0,95.48584097189595,0
43.40537058113123,28.735865262414155,1.8993231030287228,0.2712307037041388,6.644221694565626,11.327441415803332,3970.3536239938203,0.7406980559969694,1,42.283401262848216,1
23.266108224762544,30.367051993419043,46.69318246874779,0.09207115947804023,3.822616601061452,2.3385469516858812,1846.7095761432108,1.9910719550840796,0,32.031547056816,1
79.70239796232961,87.92766283343437,82.56101909172384,0.6979660926578272,2.2600126629357167,1.3198558577521302,852.8797544738652,1.0742873587420774,0,87.17210863333713,0
86.7136828118997,86.32892589704848,83.08861074264276,0.26191161814533487,1.8847264741991163,1.8987533563443977,2044.8529614740316,0.07305233725606236,0,66.41304179943279,0
13.336231066679002,63.71158183851427,44.35188501706085,0.046047271203071956,4.859079319068009,23.29666803761092,2214.7660570857715,1.1344738630190971,1,38.805658198448434,1
76.20845396889398,30.062862566405286,48.867312845304944,0.007915258110656938,5.77204923741712,9.488980052970042,3724.037953249303,5.343104707754353,1,16.85007238528016,1
85.68562974806028,93.37536603388227,88.23539989232788,0.12594906445104131,1.4524678549820047,6.5854905790364135,1060.382099378051,0.5564083611781544,0,99.32650433755083,0
69.92981263189243,39.70191914035117,73.93260559436868,0.05664852364391705,5.323026998476815,9.567043407741842,1726.6123760986372,4.410622346890436,1,32.857455656586474,1
23.622460496052618,0.0,77.84279130856477,0.3,4.023452550606624,16.784600886104506,2324.250363980928,0.4002647285038356,0,18.917246236786237,1
46.67674163078118,77.66142880736611,55.37808153961384,0.014131782105613014,4.38151218473454,14.426920010080426,1449.7277815258192,1.5232375331483667,1,23.22614950616016,1
68.71403508069943,44.60423111409614,27.834095277867956,0.16905773657737683,7.44927746243035,12.173693635265645,2879.683138427809,2.436941478225267,1,50.43045061752239,1
9.451267923093152,10.741854643674586,29.247848627389253,0.08369031825518594,2.2392941291736297,12.165307327508012,2417.4975501188997,0.5782464747220855,0,49.41221097357867,1
45.88919739054924,71.64186627918424,56.013073557925246,0.025654862361867432,1.6099644140493847,9.228227079411727,1883.8184135118863,0.39786385713968153,1,42.796952987548394,1
94.63376129244322,98.18056345607712,100.0,0.18295358843611612,3.247277386704365,5.5798394443617045,1213.370604630358,0.28748801966390863,0,60.06488544164828,0
86.70865438127942,82.51649038364324,100.0,0.6928671215841588,1.0287102937750985,5.275211624462417,1195.3648539855121,0.04073633485522652,0,100.0,0
82.91877749642725,93.10862883624772,100.0,0.32555020331688794,1.1893224493590735,4.668877029697043,965.3725998740321,0.3744049387266215,0,83.11233196778272,0
37.0623585143441,58.40188531263366,55.31439424000786,0.15592174873637651,5.745588317058412,7.570154365489238,1992.3829412528469,10.0,1,43.68753844056736,1
65.30636188647604,25.791603418661026,38.41654191219246,0.16769205346181504,5.600350098569042,10.395307313010443,1493.3628917992755,0.5295982137173094,1,70.10622141266609,1
55.843811539660344,42.294601795979254,71.40290504650677,0.051583776199431025,3.88236741652641,4.814893732889858,2443.6211408980353,0.05887190733951361,1,32.17968563020616,1
29.89625656971433,14.579411801270254,100.0,0.07387503226372033,6.513454005706857,13.927606528161355,1394.4297720103964,0.24346770678483695,0,71.60936949997549,1
11.860070886712721,26.465462846518363,0.0,0.1166395069640742,7.2222904304089255,12.845522618583859,1869.7933939036486,2.969872336962955,0,9.762451132830297,1
84.25566570899954,86.56558220386192,87.25882960167846,1.3631876477177027,2.1819749147463603,6.175420852315732,2090.0449457239424,0.1108401426342196,0,94.08454203057188,0
82.86011155774491,88.33506514181968,86.09145747519939,0.18765194369952112,0.9136248807009928,5.904956313905611,2082.17379356613,0.2232545903140019,0,82.71306667223648,0
77.81555778747564,79.06497041267663,96.32174694296792,0.1,1.4552636411822295,4.959015096003217,1935.961983636332,0.5160901981871179,1,56.459156069379745,0
19.503956437289418,58.734088837059495,32.90192625429137,0.015149652199604595,5.293984568577111,13.806189964958026,3566.9108494878615,0.9065253148221459,1,49.62075050771071,1
100.0,79.96568461464601,70.61690302439747,0.2535773855728796,2.044176288381353,3.4503093986604156,900.3275192169207,0.2925385790276509,0,74.6387742774395,0
86.86609123156359,85.03321921399107,96.02385765709488,1.2672043585554833,1.3970724429183552,0.0,1034.7829398861593,0.01700490923079588,0,53.47376861542891,0
80.47693680750923,98.99290175988811,100.0,0.13798559947031105,0.7044571825601662,4.214415924080267,650.4028727497458,0.840545189808433,0,79.56240951160159,0
43.915197024342575,38.82556117984898,71.10162307393057,0.03914668910288846,3.743804329840433,16.724886536882405,1773.3269986336118,1.335412235355093,0,36.09312241825398,1
23.612971528377248,29.65838562156118,40.9037917035035,0.19066747830334654,5.755423520227668,16.985319244299777,2521.073030997948,3.3187008161976257,0,11.37618118808566,1
16.981577628916945,35.29728502689226,19.72994287272602,0.039399826973880725,6.126819901644264,8.535973164069496,2968.7934151830254,0.04713104572013023,1,28.677674387391786,1
35.13097315609078,81.80496385625244,93.74546515820849,0.11919646907433912,4.594693474355701,14.704414553188599,2375.395753133432,1.2648461610337491,0,24.3049839081817,1
54.10777142359702,57.57429683968208,62.738891169178785,0.06753953248008913,4.314011548795536,12.376705876694569,2768.3370563842955,1.823552768800576,1,34.24516407582799,1
77.16746707663764,99.51576391139713,89.22227554314384,0.1,1.2898723837470658,4.894787874137951,799.0491619436013,0.7850148931976145,0,72.57553173663949,0
79.46350694652818,100.0,93.99622132363521,0.1,1.6314358122964552,2.8003559533603015,1714.9648011281522,0.12801510193212476,0,86.52817292434403,0
77.3265243711195,88.32541058278507,100.0,0.8369184111100193,0.030912172983682058,4.032050564590321,886.9926892681345,0.20819422869162635,0,60.57112068999319,0
25.749340673732423,0.0,42.49618296963177,0.2553610298134236,3.5501716924690063,16.894318639037095,2187.7566807106405,1.6809194515883505,0,53.5753507015155,1
78.22838288487888,100.0,83.71564959032068,0.1,1.3901512273688963,3.12768911698503,1559.1023629600513,0.0058566161747048515,0,67.99114486477842,0
32.48507405008455,61.21033123697774,87.40641774370005,0.029643038440199793,3.5501613142167963,16.738975594826723,1946.9321110697788,0.12140774827096312,0,70.94033032995908,1
11.613694698270622,32.65583481258124,81.83350442158863,0.025422215320352888,0.0,9.006467277235867,2202.1453171436124,0.9697958091901846,0,76.9849903851018,1
9.972876355214261,64.78927546132743,41.840228372233064,0.09204745261575821,5.214571732193157,9.665757808415705,1566.4657589028454,6.906751040968949,0,38.04267437728232,1
87.67050265869258,72.78547678936556,93.78480072802463,0.18010223803736894,0.6262867252570135,4.837519920254993,1476.1382752031234,1.7629269811353945,0,72.64081648960021,0
29.644689625503105,88.53302862003302,68.8406852339558,0.006707361212452259,6.133520762235316,10.612106187579531,1996.1061206901,0.43289180222157236,0,52.06120912103222,1
65.28561471440968,80.41808731244868,65.3017784266506,0.07978062886021405,7.358848936280856,11.288055168194619,3056.2341813315084,0.40026486324206223,0,37.12870832862578,1
25.428914665645635,41.158686127961225,71.22733460968752,2.5248636256127225e-05,6.690813113564111,7.47397879459135,1937.733749651647,0.7125376877692067,0,29.045287022375376,1
25.98519445394497,48.04172877674607,45.414551450776706,0.024271018014826836,5.88456327666062,9.850374484384744,2052.27665533987,2.407973125753982,1,93.7637613431154,1
58.23006096963952,17.161805041150142,100.0,0.29335047342758985,7.173726979443671,14.228118489951212,1962.224901958076,2.257042400238527,0,27.260318016846192,1
81.92221765046999,100.0,81.57597895580533,0.14829226243266203,1.60105135958656,3.790064584872752,1048.060057112576,0.10334790140405471,0,68.60296802018337,0
53.308059409698735,28.33880575119004,73.83033616040392,0.010089903476561803,4.060084253653697,12.768768997834783,3137.5487405268764,1.4182070453109195,1,0.0,1
14.603973326108125,50.0055986998947,57.351746029788096,0.007575841760378008,1.727396429801081,10.879903068312922,3135.8192307682684,5.457063788464661,1,0.0,1
91.24119817052156,80.32244205727113,96.34645309078932,0.15869590716216558,1.3058410017397746,7.346727892305047,1828.9401883583014,0.4697737830665552,0,96.61581643973673,0
21.15869602670617,11.785217593517844,64.20880009602428,0.012307752729020465,4.94650739765415,16.17510782560702,3450.7799732028193,5.17043632152921,1,61.9296119111206,1
88.24166352488442,85.12390238272573,81.30037895264763,0.17361231347784895,1.264605995490834,1.9400554504461285,2435.13109815532,0.14101590742272785,0,100.0,0
28.792077270489727,54.874192649768965,66.37189501659608,0.01894498557153099,5.385597585012538,15.46143483620028,2829.0882220557664,0.08578587458561815,0,11.0110748408928,1
46.449428235594716,91.95449805312175,76.8266516583025,0.012947405274654464,0.0,13.305524031382241,1890.273229579024,8.431576780413547,1,44.15343222387172,1
19.9376533875884,77.32397777241671,36.02041134581239,0.11893639495273681,5.184762917997939,16.15491159965965,2660.7405652521966,0.4080681597293774,0,32.25417864179267,1
100.0,94.51127296041888,72.9090656930246,0.25348687125828057,1.0108918020890976,1.221402539578019,1843.2556283736064,0.35338988242229685,0,80.113402705912,0
87.41962271566034,100.0,78.77029180255242,0.14575008823830735,0.3891659569350311,5.014040544270713,1618.0930300162413,0.16109996202856505,0,90.14535571512363,0
23.663733643953215,28.77738359073839,34.03548351296244,0.0157285040015823,7.277821222960095,14.441759997267397,2027.6473838373802,7.051340347238478,0,0.0,1
76.84189715034562,92.249531391755,87.08858771628972,0.6179706380335598,1.6491329357952371,5.006180737247494,2321.5274760346388,0.14938118838630834,0,100.0,0
91.96206364813419,100.0,98.82732608543976,0.4318014238904101,1.2819642229105526,6.367974886393778,1387.5343830141771,0.04157621088156722,0,85.92960878973997,0
23.94614092433006,23.726470845275987,75.63892687173913,0.019976973760075116,0.9699831209858187,11.271032703285844,2998.408823438199,0.7636381319399292,0,34.97857732925171,1
75.73069528421917,94.46661530017379,93.2408626208021,0.7248585953335793,1.4165257656104864,6.243723009588504,961.9942064277325,0.1590480865477655,0,46.95629970191422,0
13.486990328502252,0.0,31.844022185286228,0.031163556782729637,9.211712688726653,14.264229835328269,1792.8080808623988,7.660642525613268,1,22.66289333792845,1
36.19819548159007,56.19615704754562,45.60179386321609,0.01019133098429658,5.543881181881081,2.467551275656307,500.0,1.138653118751618,1,20.978729380416258,1
81.0666118767264,87.32944408195192,82.90916399922348,0.45238661948019054,1.1136721284315858,3.663481731024917,1221.940256769251,1.3546253640949426,0,85.87743061574153,0
81.57312405919652,86.86593480764942,91.12530716000268,0.5531494222334932,2.4508774584696065,3.9268200513141376,1347.6946384552782,0.9371397240539128,0,57.76652864484037,0
89.43819428146229,84.35990515393273,56.749433720474386,0.17411780077289923,2.060560489696467,0.0,1500.7907379023243,0.18623742627103856,0,83.7829228135143,0
86.66452208213056,91.27885113597921,90.60130676515155,0.5661723016105115,1.8091061230784489,4.302806095903465,1342.647080902137,1.2516972007416767,0,79.20867337998851,0
88.34456789987026,99.01364109462067,77.35982893259852,0.5970511162215987,3.2239429419065138,2.388400690231591,2226.702251830042,0.27903880030544964,0,60.276820033933824,0
93.28218431536723,23.963676205629536,100.0,0.05571857770195692,3.860739846907245,10.723967878108587,2166.5666790893265,1.268924108265895,0,44.73238960256222,1
93.1351721736967,94.77920055879886,73.1307150921532,0.7079295169368647,2.2682438370251763,3.102914326944278,1768.955735044553,0.2542136045849868,1,53.82859418592048,0
96.69295590445672,89.12312156859335,90.58475806547546,1.0597761726074084,1.0388643389321246,3.316356359507729,1607.2201710359013,0.5569820238257884,0,75.39427488612348,0
43.60725283012996,8.460475270550205,66.14869442813259,0.05989668168125309,4.733368386963788,11.158047877851867,3295.528224974104,1.5654650959461656,0,10.9037131812509,1
78.9601481328418,99.81546579107446,100.0,0.4563523262969475,1.9026016517996038,2.396944819790917,1322.0772647318038,0.002893687946363838,0,79.26851522235327,0
83.69856945632316,88.50422957611643,74.79814920433967,0.37271554309504273,2.585266708662386,4.092158443266302,1155.6972793192722,0.4301432663903003,0,89.95396802841144,0
20.64293571291929,14.091188574020986,51.62524430057346,0.016483045298528537,2.646603628458187,15.496960676932966,1520.6199933155356,1.4655119175926827,0,51.317070201570324,1
29.683432687060154,42.99722480624985,81.82795066998438,0.0123821825000452,7.215646564833602,16.1455436343481,1522.219424326437,2.27053859389651,0,16.65943942518419,1
62.81287191899914,46.199527359182554,95.12336254384755,0.0698850836812653,6.983707401015716,8.27533895689216,1752.7955983498284,3.2658478499569137,1,66.78893872209416,1
88.94452142378297,100.0,91.93385407411702,0.1,1.4621034379644513,3.450395390494624,1327.081928357068,1.5386968536684924,0,65.17995772995589,0
72.69135683566044,95.60938193848719,70.38969681097072,1.1412179631090615,1.8699868992534832,4.477109907547478,1566.6623269439376,0.09325675004874208,0,64.17013762111311,0
85.06343581811421,60.33430072825989,78.63743261648487,0.11479028680682467,0.0,15.98555370257204,1227.8469413965615,0.8533103000204669,0,34.84870680650702,1
68.3847993773104,75.85248507549719,76.88342644022154,0.5163512938618986,1.2307579280974612,5.08057588807139,1457.563745863432,0.5079595339268406,0,72.38424846275429,0
80.28068134210567,88.51769872897833,80.20752354014289,0.25291254217093473,0.7120054993463878,4.017567309796296,1579.844167361113,0.3287329518911785,0,73.11452490231649,0
92.43264094022715,94.92293987210442,100.0,0.2807730177683868,2.346251344656637,5.457037287029072,1852.9145970396862,0.11260735438220577,0,86.30805058856104,0
93.33922154548904,87.52632738360109,78.76004720563051,0.5569272200237665,0.900513848461778,2.0401488504355108,1563.5024203750172,0.45587856900680424,0,89.46836535457675,0
21.52920704205514,55.917928025659826,82.8073112472932,0.029813338048742085,2.863951248217645,8.509621894375387,1664.8632158008134,0.03234211932869875,1,7.675067412057781,1
34.37477171691508,41.01786739233959,0.0,0.286756867987718,4.972275730991457,8.329536043574672,2497.643670933924,10.0,1,53.7361135426612,1
90.1443883405875,87.99333586835962,74.22084053496857,0.44044693404694163,0.2474815747155229,3.326209746429723,1309.37847942659,0.118948917752015,0,52.76526536181774,0
72.85811387212267,74.19626746916903,96.02489986711015,1.4586883621545694,0.27563087220529847,1.1915208674768225,1150.804413244259,0.19480845867783864,0,73.209647772357,0
17.907507164898686,39.76699463533287,48.42898751344017,0.027123912620745788,6.390332035236511,10.673624884273817,2856.3174176914285,7.293576514679566,1,28.443693795212837,1
91.29628841923612,92.57358244956811,69.96303637888218,0.27791006249478595,1.5638411872469864,5.010042176547533,880.8793774763875,1.9573117663471025,0,84.90755829316686,0
41.29943743110665,40.92860931565982,60.19800168459894,0.0787179402728713,11.37314982362211,10.34315687628987,1985.822724893829,0.5556356785858202,1,50.94504597080067,1
24.34786486653007,58.552487038934544,58.57712342569986,0.03940308277807177,2.273793838836813,13.066086599912802,3413.1636626570166,7.304122050374117,0,52.04882529642685,1
86.10922589709867,93.49058935739225,90.20619453704434,0.3290175432324232,1.5781363013986682,2.392103170545038,1163.2713472527391,0.2979301347908659,0,95.09616560039832,0
67.43747495570102,82.43243834813865,94.05662776637674,0.1373765659286698,3.275386127672638,10.382150848303585,2651.718363899918,3.1176079370874397,1,72.82910230538441,1
84.62365297575151,85.71737451236862,92.41179151589706,0.3684210463478995,0.23312928816993594,4.330807320599408,1675.4317163684022,0.030032778612962177,0,74.88360601787588,0
49.03646081086688,28.515019729569982,37.7236405651526,0.19298784056146828,3.46348935921646,12.7482757519064,755.0598098674581,2.055744238734673,1,49.40714996787017,1
72.54261221288012,92.55825547314029,71.64191194488627,0.29179407671138496,2.81249165079063,5.7741595528925735,2149.3026762112218,0.03754951514885531,0,86.46514538195115,0
88.84065448939307,95.3030501493393,100.0,0.7058138618893652,1.721265204472839,5.200425931488556,1831.729509033145,1.0883710736774197,0,63.77879928891069,0
82.80899471191135,79.14734556301276,87.39754459549906,0.3301408915541284,0.8403101996521912,4.2282029844530395,1949.910687994325,0.3234547007105441,0,75.50183788255082,0
69.74474829075261,93.01680315121749,89.02251339560681,0.2486347083925783,1.7327578914715882,2.8518348458254605,1745.9778556125511,0.6328124562444947,1,71.38269941875586,0
91.4084286126701,82.94500279017825,73.09887309422051,0.5038011148725333,1.2555115086769573,5.182272235847865,1331.5204733548346,1.0286620879213335,0,64.92027311004146,0
90.62969236690572,89.97300434071238,80.653159185907,0.1,1.1557525440362861,4.913376021460798,2086.7130227595903,0.15636808794348586,0,76.04864547320744,0
100.0,82.3733711339303,85.78569570812981,0.1,1.0738196014264771,4.298683822119761,1234.139560999175,0.22877974145165916,0,93.3776086939222,0
0.0,25.854330727600896,51.25304916194579,0.11085086394175625,5.04005467960806,11.46338669203038,1838.0185989905365,3.5113767246322265,1,56.98146125107932,1
0.0,67.81261105230402,31.3117314756972,0.2594650811118463,5.724901737251222,11.01672349315577,3089.618284445051,2.3537904315925764,0,45.859704047822106,1
47.800532367686586,20.35462722462637,4.102435747380602,0.0031354590222756663,3.0337937057117017,13.246537195229699,2088.6324445095793,0.3843585560424848,1,33.03109371646503,1
87.89168643907819,100.0,80.93359807913565,1.03195399526277,0.9566154774456359,2.434802805162822,1195.8545435135477,1.9281999097655396,0,81.03359199681458,0
100.0,84.82450577835542,84.30446164433151,1.7486939155616992,1.1700689454268156,3.200243522663257,500.0,0.2631808207174423,0,61.19897422557472,0
14.454962249897424,28.180376161808937,21.87107112005595,0.09378012902943382,6.279475013397789,4.657718092516501,2028.6567602418825,7.153551098745187,0,40.61149931917238,1
6.467015783793055,78.36599249552643,22.962725678279384,0.01679124501508906,3.2299427354744026,9.297725885635135,2746.940235244493,4.32774473998362,0,36.686820643964225,1
92.57507710047305,93.15737223858385,88.45525402537122,1.4109227017926973,2.328354733133556,1.7323392863872917,617.8822508976376,0.0450986805004373,0,49.97389748785608,0
90.95157025436913,94.23754203485385,97.34723804214536,1.152614849452147,1.6854736737078784,4.1621650858016475,1209.3032380471923,0.8689041529332877,0,86.13711384163992,0
82.6586304305082,93.147883083374,90.55952448847526,0.213486472639357,1.3074678603758296,4.528536543291273,1555.7991184589837,0.8276826817756805,0,78.24241992538437,0
91.86260190374513,95.07021504745678,96.93030365799925,0.5590384468442902,1.5181046821414954,7.196643615282066,1476.5118291581484,0.014712728899168147,0,42.36564232257386,0
6.611336069099805,73.35353605584237,56.70516956507091,0.15071897647910115,1.4578863953256356,5.271730865208858,3073.14416292592,0.8451691501910091,1,59.206476998831064,1
82.96954613957007,92.41433519855573,81.22271194994869,0.49910137443194036,0.9835423423716839,3.004076306364316,1533.6377553000789,0.7996031899007809,0,65.20011458413835,0
77.84696290740031,97.71103293435928,65.60152058367261,0.5562605221006178,1.1153329683904165,0.0,2371.424869596665,0.4270026152863628,0,79.82003983058414,0
86.96861235869123,98.37678642089723,66.77108914133058,0.1,1.8900482376693748,5.595989099224473,1513.750123610584,0.8322915849797204,0,79.51244160413466,0
90.29804177915283,100.0,85.39579539490755,0.4433665272312192,2.0450898612602444,2.9224783253078086,2027.2788268936101,0.016202092786403208,0,64.9349326055914,0
90.04987278980457,85.34655268841085,100.0,0.26482626810245047,2.1897788095095816,1.5277284079390752,846.4308163762851,0.5566271923601471,0,89.70356784884848,0
97.06508966508356,94.4873555835299,84.55062976719573,0.1438229637983935,0.8630905574508035,6.5102915767498075,1293.637874747064,2.2493122326710786,0,82.96513350431368,0
26.906082862733477,100.0,47.90784447682068,0.06841310742068073,5.579568957316444,11.406282395743258,967.3047789532413,0.7005963075665976,0,31.78670303250557,1
78.31042904413113,91.13387380676862,18.901776937694322,0.0834084008935319,3.5039810267989298,9.199529632738347,3413.6436738817974,2.956951612206342,1,86.78779434778097,1
35.98189462611343,42.3833041561086,12.899899555095885,0.2262085766441033,5.572546673554885,11.514765314441677,3527.9837718097347,2.2030289966966095,1,48.09283985649007,1
73.77277978437701,85.61020073807231,100.0,0.6104592989313401,0.264050122658593,2.5190197873356825,872.7422746319797,1.077072961577927,0,53.479149212384044,0
51.45145842400961,73.2633329831148,56.80622835590507,0.026941262311809808,3.218607829475445,17.321374029958875,2684.426933769071,0.23492277983637472,1,51.34969961540639,1
74.7135282202968,31.433520855690546,28.238293924498223,0.08759397655484562,8.269725702320695,11.51261755475586,3596.6334670446217,0.5621365318390974,0,18.533009232747283,1
86.45504778488947,85.56057388214555,69.18044763584682,0.13816618615814355,4.505214120105128,11.59093459912963,3422.6622107175112,0.3499227196614902,1,0.025739251625558346,1
79.53141058759608,89.05545178407137,77.25916189268074,0.1,2.697368325956785,1.1861131989736613,1634.3872693762307,0.3979685632529736,0,79.08725719995608,0
15.543442148340858,62.488972706230065,14.07995339223021,0.18097801202833202,5.908662866304457,9.820519716705952,3175.0630195884996,9.051814159830563,1,44.83173015180947,1
98.05478807154329,90.08282095874705,95.99109102465354,1.2460748078922748,2.5808583139305115,4.496650285031764,1046.631592682951,0.18081015926358593,0,100.0,0
96.59329803364248,86.2007707470198,85.07103431590959,0.795415081360898,2.3431132418367064,6.197966714883929,1617.8877011609206,1.0800004595332753,0,62.68048491906734,0
12.614995155587124,66.16859838546611,37.133397078975186,0.034171482704070756,7.942800696333045,14.38403469194448,2694.4824466627315,0.7560110066539312,1,5.639567024652972,1
91.45375949585147,81.64152644783174,69.62670996933133,0.22692537234359955,2.1382750239166133,3.6494109401919745,1309.3794307123035,0.42847995312689097,0,82.16380283423061,0
95.375399442579,71.0965405156653,98.18117058646341,0.17592365228022988,0.966521026438749,2.1824606583840533,1293.9316403631929,1.148565420024942,0,75.39130661507403,0
30.69223422279847,56.300849498371925,21.11145347089684,0.2310990119297018,1.1370954218075568,8.078745016197612,2283.5957567230603,3.7946509908933894,0,28.69615880153111,1
100.0,97.35383147660163,89.00591953515233,0.18943379691203738,0.9653238441225587,2.946936625807914,1675.7944192034047,0.14286581718142816,0,84.57726253812459,0
5.552918769784441,56.85097101623258,65.56571542981415,0.061497644792781206,6.818574793387388,14.226871906533676,2086.6327124560917,1.2116128726843216,1,4.943965773898604,1
75.53634232084785,18.744599352629965,69.0918413567539,0.0062524930697852935,11.857820956016427,18.803886077666,2438.255779109043,4.739167358318649,0,18.629503886998695,1
74.22255222070694,88.8239839869721,80.79491721113554,0.22351439594779685,1.0367007122914025,2.976472884115393,1155.476168121157,0.03333208560901886,0,77.4977788895241,0
14.504984998472196,51.86714606592214,86.48209278590421,0.2024907397876955,1.9954694953194378,21.646560767154277,2635.86133806695,1.297604797296028,0,44.988292158781384,1
13.683945773024835,68.72340284514817,36.62562246856835,0.07941462704587036,5.676946210624223,9.979930917019294,1408.7734681285488,2.8321558710729864,0,27.751951326238395,1
43.934072216182884,65.32063304173303,70.70196742250621,0.3,7.572504172909717,21.27006492478742,2793.732324034436,1.5605892304633189,1,67.47722824644283,1
84.27989878419666,79.64254819423276,58.73419410068285,0.5367059868281256,1.2075952504117873,6.363135432838293,947.3633126145676,1.6466716577679177,0,66.71429300300466,0
79.55617275474818,100.0,51.765854130150096,0.3143291311554214,0.8148014100726408,5.318902482227223,1587.58556634239,0.23218046111923157,0,77.80278993907758,0
87.59882794248423,88.61542540572904,85.32157294438234,0.5419387148993198,2.2100031739312476,7.068964203589029,1541.166956209295,1.4756931661774193,0,66.77058853599239,0
76.39586634716048,94.10880085255774,99.7098006321365,0.24161768470458903,0.8899846086827213,4.396787034354974,1303.375224392428,0.9618978632550595,0,63.68376986969498,0
80.60268941725825,91.1743440958844,80.37330590314716,0.1,2.5481535264647177,4.917988003348582,2196.376594638796,0.055176699305106436,0,100.0,0
48.7354814100671,44.88231916194281,85.80510593534778,0.005167547161153779,2.3638159284089886,21.673423014289803,556.1957618539641,5.232595807941694,1,0.0,1
79.98242956415463,93.44033317752856,73.35145088903009,0.5044968972670079,0.3184600579744788,4.465736174853797,1135.741965127004,0.932893217927643,0,100.0,0
44.016246726636,86.3850334431548,71.37695044076315,0.0016976610503670329,5.288061803958453,17.5336963142239,1965.253575480984,0.5019233464786768,1,67.11380215641687,1
53.91266855135259,64.33897092193563,25.646440687972138,0.013211601312854702,4.386623568959,18.23071708728897,2290.569861100723,1.1776564713647883,1,31.24314359872418,1
18.276102985916584,45.98874891835915,66.32599141430147,0.0241939638149386,5.220670866318752,16.573217097320054,1819.1081705324907,3.591584590534672,0,33.912974511995955,1
36.103412757429275,46.97311419023615,67.03769077478263,0.15470401010100604,5.214290659475137,11.384859339415232,2952.1601736676794,0.06772739802421601,0,32.589632512416124,1
48.76991949123133,31.297725428783433,24.933212305700206,0.03448214540888887,6.436663086388492,8.905440620247479,2146.8193557496725,4.576747023599934,0,0.0,1
51.18517256246597,88.51880941291931,24.545598329817025,0.016230281878796878,0.28307171558506994,12.539758120653,2185.7928380665526,10.0,0,39.035702147419066,1
83.91239851543142,90.95664294731323,69.73168976538531,0.46714497626958235,1.4516770166424733,8.551650855295275,2256.8767043332273,0.20804935070672723,0,50.68110493275087,0
20.893665521683037,79.48157896448073,75.95035136340776,0.06977465588905651,5.421270890430117,5.930984557711579,2998.2891879691965,0.04151746673301117,0,22.69215348490246,1
54.887574619840926,47.410302633823385,22.570892590856957,0.03549909837550593,4.907676112060056,12.80754877716593,1446.7441656902279,1.4749570571766601,0,12.098641670349203,1
46.17390565843638,23.233290714585074,65.05494562280879,0.14233358499158474,5.283978901151186,8.672115567685875,4660.693175639676,4.652040103391048,1,17.417278137846303,1
69.68083908845239,81.81070957041489,54.13569436285452,0.07057294756789542,5.260258876196084,16.651958382709353,3132.513267110138,2.4724364826203633,0,46.7290626066722,1
40.86568858009704,37.36381975866182,87.67838557876784,0.00630863813494674,6.59849291503449,9.263815878483832,2277.0568777283543,2.1483803343063217,0,55.62831812868016,1
11.69596000069423,53.58572342593311,52.06474249137826,0.0024768935830822678,6.552587181494644,8.326735450686396,1269.99742541222,1.1790718073266278,0,33.610678967748505,1
43.89183990146258,61.01236240408345,59.24232894928209,0.03575618512042214,8.247687488538514,24.56169164040895,1725.5601635602434,4.6665816761286205,1,35.78993522404379,1
86.06430227691897,89.81705550160895,71.59434632247705,0.1,1.7372615508242442,1.7837750834822614,1252.3508207000273,1.1626486523049788,1,63.07048228431189,0
91.90143991711112,99.57257201331593,80.44883927568654,0.13741525333169738,1.5688886946071823,5.036203404059951,1190.788116158919,0.17553499059324254,0,93.21593281070999,0
82.00992649534132,86.5750787122727,100.0,0.1315797039000406,0.9172307026557257,0.6306648455472263,1260.0714424331754,0.34980320545585414,0,63.42837989537725,0
88.75698018345672,90.96025061374608,100.0,0.12502534699439355,0.0655148379723385,3.5044951635205814,1773.6652834435818,0.1137863744230151,0,83.91150226224595,0
18.869807419488357,10.659274447075385,73.07492336560809,0.060122211494829825,1.3124940824147404,17.194165319076333,4521.608334662884,3.568462699907413,1,91.44000499676797,1
66.95117899335482,98.70998895763348,93.79225464651056,2.023385347464919,1.8067480251229155,4.376951522036205,1743.1361354940034,0.06741513864548951,0,67.69507308301299,0
61.32352163060044,26.92319009211056,68.95580267195758,0.09500708956584974,6.846174584900259,9.247671493678727,1580.9279043073093,0.8871250733320818,1,50.13188237012864,1
94.31280119116198,84.62701305649558,78.16890568334203,0.3999914802101498,0.40260549658919564,3.7167028279797463,650.420966919734,0.44032419026557423,0,100.0,0
72.10039100258946,100.0,75.60971315766953,1.0369577557225977,1.7802961731090707,5.927813868151725,1174.2407250214706,0.07892194058240426,0,80.70948114693091,0
92.47293605123262,88.60032194643674,83.39234473657179,0.17544018919447144,0.6211036598577502,0.3584794443959676,1798.1442896311503,0.09396334479360585,0,100.0,0
81.36387787786144,95.67561453711231,80.89172853217536,0.9890380829046354,2.0523781488972106,1.897559940434995,2007.4332942589876,0.5266250138045765,0,65.14065164934114,0
100.0,100.0,92.91715355151396,0.1351988189223256,0.6532474930866777,2.471626426724307,778.4998063630015,0.7366118270977675,0,85.1263088107031,0
92.67434729152909,95.08137441345576,78.19493642718172,0.1,1.2395111582811968,1.4719876641052725,1457.5223639840988,0.30534503543654723,0,74.81139078999759,0
80.37724711294958,77.89028485909738,75.95134483789589,1.1364902787360889,1.6569927525333763,3.49209658720553,1028.8954168034568,0.17169815490711118,0,100.0,0
6.602456714581422,54.48535427622103,24.792412108516682,0.048476838675202215,5.338806149824139,11.192215724987925,2256.0149601213357,1.1318143739188722,1,14.25116607183349,1
76.74502803207488,85.09277869167248,94.00798865657451,0.5468959462440756,1.746141322720891,5.378328914148671,2112.133825741764,0.4481391667454769,0,84.16273788322836,0
95.57122226218915,77.388862744126,87.88839614633649,0.1,1.1819537876066228,4.185958493058819,1331.9889090823349,0.6188218006831482,0,91.11525427004673,0
27.1359799263562,72.77267587584373,27.723832070148138,0.018546996014583133,5.698024537256159,18.86047287271512,2184.7276168155386,5.607787812341481,0,56.08366329274615,1
100.0,94.90219124050056,77.19255118422558,0.4255350505635326,1.1855577943508793,1.8715599863653023,1680.3850539105908,0.24804424548419446,0,78.30262258315874,0
82.86552848288153,88.20187678485853,83.29584832097045,0.1,1.7703660225856945,5.4578823891409005,1271.5264103663255,0.20234647396904112,0,70.44676416591564,0
10.008701761519898,32.280544931962545,51.47125819142986,0.04975493332006925,4.834226032250269,11.674881807945656,3336.1660656258005,10.0,1,52.272110137725754,1
78.38213535231613,94.5518646334822,83.11556424487864,1.0053367838174587,0.8750748974951086,1.936067432305641,1928.6063742324154,0.5235993586339748,0,95.32944165017213,0
91.51391251305797,97.15939501555553,82.57491600600304,0.1504364368611164,1.475037208848733,3.0931717832322922,1247.627666504884,1.044917073197543,0,85.1812127246578,0
31.624305251681015,25.691624904595304,72.62871647345442,0.07823266125630732,6.649337249382859,9.99296895532112,3167.2804575280547,0.9674178377948044,0,15.62351771930011,1
16.552973418761642,55.712054442954795,34.50712442831525,0.039021510372416114,3.5115132660888575,7.522436481016361,3008.9886627442593,0.8579133388498061,1,42.34093585859936,1
72.2325142417969,95.37072061160373,76.87962029383228,0.5181266928682797,0.7123727596144255,6.0461131105044785,1598.0154657261623,0.2567923179747418,0,73.12794515237421,0
51.905465940841914,95.76859562078154,30.850726884711595,0.03861949320865183,3.154046203251812,2.6561855247942567,2429.391815891967,3.2687999706481694,0,22.992866114728535,1
36.267667852754364,65.25587514234991,64.62637919844586,0.3,5.079813389039522,19.187013861705964,3707.637490090105,1.6269675381821036,0,9.808745422605174,1
1.36062432029179,33.09823211765976,94.87300520215037,0.02255725796563644,3.6473205684729093,9.719225609207387,1696.969747629091,1.3410154581569769,0,39.93104190994636,1
90.70598668593159,82.32448610621216,84.23764376593122,1.503222939453051,0.1034340537122783,6.467448556672386,1984.8516816933945,0.34266439052769093,0,90.26729200329494,0
85.45571839903813,89.29374361318996,64.35875418745798,0.1,3.235949270464434,3.8841845002461826,1599.780378372029,0.9866724052564321,0,90.40559168804278,0
82.54256935914056,81.50085177482497,74.92440355189134,0.1,1.6813473987956777,4.2141149059845935,907.3676913794528,0.6355377162127295,0,79.81963956630217,0
30.671625767232577,63.11461707619036,48.03359165301727,0.010703286692860635,6.607972991781005,9.801782416561656,2089.349528795471,2.6646232219922585,0,55.91605831399032,1
72.88983800237544,88.81917930961065,76.97576186216686,0.1,1.4141881873512465,1.6032157500959099,1496.9244017114522,0.22987813187187445,0,92.3888537454598,0
44.96223991289083,66.89161133142441,0.0,0.3,3.776464275614561,14.52043198233493,1635.1125217407096,3.2321962773996464,1,35.83836080477251,1
98.55637858804951,83.60646394679797,73.72400009091567,0.5765040094108894,2.1559402021081873,4.323397053409506,1498.4783465316802,0.3026566149178444,0,73.32580413657121,0
33.676681309071306,12.039607529282947,13.2166933091307,0.054097354998939765,4.053785173278955,10.870751832300282,3848.6961217772187,0.761978453651843,0,40.605825839318136,1
42.62489310324197,18.33420012233476,69.71090450600768,0.003375999559742599,8.710237146070693,15.364326154425664,3236.316929003588,0.2686080446653616,1,72.13344675835428,1
44.69469295937848,37.23290154510873,40.70660443126666,0.07382458406819747,6.131477008907902,12.020341584512936,1264.303065114069,2.8944464508989176,0,41.43670380045541,1
80.2082576215471,96.17358968518676,98.21077554601567,0.2337696901076391,1.3800474247367125,2.8763158012966024,1131.4195906284315,0.27932506055556305,1,89.98001801763313,0
39.29965634909096,11.8134660970324,79.64870958286804,0.06685821142084686,7.688867816166009,8.220988591964442,2876.457167520238,4.214562992851706,1,4.2189015685906295,1
77.97946906122648,95.82103634909583,95.46648572852082,0.6574455979103181,1.7413600071213884,5.987564429060878,538.5325595597878,0.12427315246896721,0,100.0,0
82.45022782579144,82.00558214164072,98.17809055200001,1.490649530109417,2.514121208950379,5.952081438711893,897.3898967843538,1.0425971749333052,0,78.93641956208947,0
86.13517345251248,91.06832723825825,67.29031925451284,0.49085504702509564,0.5486140279382967,3.9588788852989856,1846.8749651310955,0.6589265467304805,0,65.26970754183642,0
68.30284765087563,53.387284307919046,44.14916614191,0.27386477902783163,7.1512535880353205,13.72005409524542,2581.9057586781223,2.7529717879643,0,42.08813134948678,1
76.72769056447677,91.46687935823324,92.90383373776805,0.1,1.4241406149753022,3.577231540364062,1351.2883953906046,0.4429953128294072,0,69.59293373147266,0
39.150845897774836,54.137289103328506,53.99906981197252,0.06021630300385224,3.8233198853846284,12.108708670689856,2481.8846958909007,0.03068136531420125,1,56.93448415258568,1
75.16946021963399,12.135662273536084,67.71338294067826,0.07655131291730728,5.932133496557207,15.526985603040048,1788.8601527521835,2.36660376941843,0,32.70422356730899,1
100.0,83.070601214284,77.9528508274036,0.1,0.0,5.41406471922157,1342.555367186796,1.0611819254992798,0,78.01093882639255,0
81.45218450525532,58.41503568905417,9.81025877046356,0.2906954921852454,3.4981992680883636,15.051833026855885,2558.4834035045947,2.591599558119679,0,24.846160432332262,1
65.81228784700959,88.47454079389323,81.47063197462968,0.1,1.8434726582413874,5.34182249655375,1515.0167365947286,0.4573504378555798,0,88.03188121114451,0
83.8435171761176,98.62944666745037,81.7109392247849,0.1,1.337980618348136,5.737545001181542,1405.4204653056563,0.34422865212635223,0,53.30841611864854,0
100.0,80.8292368558505,94.56542938210252,0.5386788604024059,0.8240468491252029,4.315948624502903,1662.4224489712324,0.9641934126518762,0,88.76934428730111,0
71.22330632042909,90.39088056260563,76.52276347818389,0.22398388703682798,0.0,3.7703955024818727,1100.677289883578,1.4373347967475354,0,100.0,0
78.23077999694041,93.95224149026191,80.10260213109692,0.5420260016915132,1.0085414847229643,2.3872461417639004,1643.3378044304013,0.09691035335973075,0,79.6380633431754,0
77.03104744529523,93.75019404860019,93.19551790432836,0.40448896447186206,1.6595391887894138,6.386622011854252,1384.5699531383596,0.11149239111524617,0,82.65143154875396,0
88.61636025047635,86.25839038950487,100.0,0.2514777666913536,0.3833686382460118,5.741493289176806,610.5703328251213,0.3185465497704534,0,63.48070265240258,0
44.45630139855665,24.543652464556786,51.609969002477925,0.009782099383095537,4.957335236737825,11.848453195912633,3605.710395877339,0.39821102234712463,1,38.74203074444545,1
20.553051907699412,52.56726291871468,77.67176336525712,0.053062798644704694,5.752777123778399,13.661518490023958,2092.3467977041346,1.3007508821384421,1,20.24747469458291,1
89.82472415243186,77.43599517101458,100.0,1.3324840065913937,0.6181842076353156,3.8379080705565123,1500.3022029818383,0.21252740788943503,0,54.16614599063721,0
81.77938483794324,80.17913747890407,100.0,0.2707668195564177,1.230890443671091,2.9975317844195746,1155.7083346418647,0.06801364623461184,0,64.76006853247956,0
76.83064329012764,87.63615745576672,91.44794685283611,0.1,0.7399492020270981,3.0046549531419213,1129.8430969428175,1.4886456162549737,0,42.17592797806935,0
84.60444846143345,87.44756851466705,94.8775337588944,0.259870423808171,1.3493909319309547,6.335019645972892,2137.671182481605,0.16801986829340804,0,76.75997867640329,0
74.37696286273895,100.0,96.07433483160183,0.1835188093194587,2.9844026518354103,7.327465664286947,2000.913464782656,0.3702851970246773,1,70.4858792477403,0
82.80328112162488,87.21078292473713,88.00633550627917,1.5864496757970012,1.6119097862713019,4.293870596773376,1238.6148417100771,0.8198715779244832,0,89.05569860816294,0
41.612265221808116,55.946878908721686,68.44939924566222,0.1264207227220427,4.0984310138130695,14.867518139277806,3851.057753842141,6.481207103731927,1,27.64528833448067,1
18.31252775409757,30.71826458306298,100.0,0.07821318561135074,4.0932930997988235,13.782836560541467,1660.2607073945642,1.7292978200691083,0,4.5711581586903005,1
73.70293145342382,100.0,72.89794107189599,0.8753302920593066,1.178563978446693,0.5062086173088902,1544.4517501186049,0.9669202084691791,0,75.498068197577,0
12.910963442900076,70.66132777146906,50.79155914407023,0.053326307354219886,3.177439886194083,4.734933999464017,3966.4913187187594,1.0742085280098839,1,37.10319963702424,1
84.5228864385802,96.89914777906208,91.46468395390028,0.23649755390741214,0.7201547392617265,3.6715160299359364,1513.409880955435,0.055114762859910425,0,85.53895666474857,0
89.12780926936499,100.0,75.81886969806558,0.1,1.9564057666836128,5.939138051505814,1823.8377743887543,0.258378775465873,0,68.86507980685143,0
100.0,91.87028729432598,85.7305553106756,1.3623416747176256,1.9135572125986968,8.370189790072224,1845.0173938460682,0.23385615698859616,0,63.31508795494129,0
88.66598246096848,85.77106654600195,91.53068954816193,0.43918821621381005,0.2495725547429971,4.61566474502777,1411.2874385135458,0.7666719087530738,0,72.69985515677605,0
53.69309414673247,26.837168630506298,70.81456999105494,0.3,6.431820832257619,13.109684444949373,2389.7713110461755,0.9380071571603705,1,0.0,1
79.47776955719029,92.30954903423886,100.0,0.35781260303149065,0.38581162226640275,2.7848624164408884,1721.1620914397927,0.052528171991009454,0,75.50459756100666,0
34.248729812676174,72.11106093454345,100.0,0.05245748490157823,2.9623150612506963,12.552770991165282,2218.9320516354305,2.1097669263505585,1,39.280287794016736,1
87.6105527217989,74.01439452374314,75.13771320351813,0.9310885282174669,1.929032727613752,3.0516436497920703,2168.9063616390113,0.12087306975803684,0,60.1273132860089,0
37.44981850748909,57.3066364038928,58.719018333392405,0.041796702613092596,4.303144099416812,12.08650652237426,1880.7794797099152,9.102409439913474,1,24.054242335892543,1
94.82690983945514,81.45757662736645,92.10805401387546,0.1,2.415434454847951,2.776732526610882,1613.2212649034616,0.8188693812009186,0,80.21162534379687,0
42.48124176262087,34.98733411465092,54.213215744907906,0.0061390561701163415,6.668110903698738,9.16725535456167,3951.719333858462,10.0,0,44.03324946568388,1
81.57285483473231,100.0,77.56404302470366,0.9296306291709906,2.0542860673899495,2.355847976344145,1408.9121540656988,0.14522286849527083,0,88.5671186305711,0
100.0,88.66302628970871,90.7036950644913,0.1,1.4955517650815435,3.5502938884102964,1465.16610954274,0.35097359798160016,0,85.7123962751788,0
58.80254895910256,97.97013455557712,80.5881772547878,0.1,1.4943640116155563,2.6259718006010053,1366.0788050221993,0.15233518824561718,0,68.74384808368016,0
45.99148632128889,73.33557386189659,33.2102382232893,0.056679669752156464,3.7136991797546894,10.835344918294634,4699.025932728052,6.237609617720879,0,53.58379123095422,1
42.24899763189053,39.4717441299729,47.13890524255927,0.029064431324920773,0.9231069502356544,5.032943550466791,1833.0022074247074,2.114638834294215,0,11.926812971468625,1
80.53566385449471,88.65484945132168,89.17681047446733,0.2115728767429429,2.6255477967134007,5.947452461704735,1334.6304917454233,0.31767417761298883,0,94.92751497737909,0
41.10170809413506,54.65171081176367,39.95257097668466,0.05149259825573013,4.8378585179839515,5.5141895017911144,1470.0971254917238,0.29775058252167597,0,37.62224392356868,1
30.54850145550294,29.009790698983196,20.728948879274856,0.009242509411278587,7.968868076880457,14.942723055038934,1612.1284085840741,1.115494403590362,0,38.44839704182798,1
55.01640995536828,38.33452579560886,70.26099549523732,0.2364331848167659,9.883577170659542,3.7189058219464197,3013.696803101267,4.587228519443505,0,55.52838754269201,1
100.0,90.60346911121275,98.74426516915119,0.1313847276415242,2.614545006347925,2.0544709664799985,1493.5107529616234,0.13420596916588173,0,72.26028515976381,0
85.26885838994531,93.45538035739152,100.0,1.5331082645374594,2.461960998386458,3.2880518312283344,1629.6145770826133,0.10564269219857707,0,64.6141490753809,0
94.5042383818605,90.25603319252613,98.68238093349744,0.7001400752795063,1.4925691507457475,1.396824034393338,1437.1900686221168,0.019824724972561596,0,100.0,0
91.33919022318011,100.0,96.76916942879829,0.7894982545309381,2.1268717318388854,0.8012104756113776,1389.9514286979813,0.5940983778317365,0,90.39222815451384,0
27.736488825343677,49.25490545371398,32.18303098260332,0.3,3.6618064797245733,16.81285112916914,2761.276767933085,1.5129001546867853,0,39.2174471702103,1
70.69858622039368,82.76873886828169,91.83582191102772,0.9382902669376879,1.6650894170603605,1.7569397051499451,2100.1098436003954,0.43206900490432376,0,77.9338840941811,0
0.0,60.3020866217865,55.542825462121066,0.06936763354926494,4.687612199805608,7.511397754054341,1527.3248137397052,1.7854257647927418,0,43.873514537762325,1
73.31321962380468,89.53904962373132,76.06780750469785,0.8184817523676712,1.2423774764063533,5.856491382688649,1344.814012437019,0.054817812749560386,0,76.0525809191026,0
48.243375078949995,35.13317532094579,44.84621458565491,0.0990702724842227,6.636627472639924,10.601205018564999,1535.5341191809957,1.2399980861971354,0,8.616560843357526,1
81.28559134004209,82.62071852401198,81.53389772568714,0.3306329560065953,2.9794897131091047,5.319299996164741,992.2138935948748,0.3517661716073397,1,97.27498374571213,0
89.04981710960955,77.55283483037098,99.05980134309351,0.58412212568912,1.322789389638301,2.6265693139934094,822.0106245933549,0.12059016542466953,0,62.48363876150118,0
15.023582613319011,36.27183797526057,100.0,0.0359809891223651,0.5433151201004396,14.38519914184485,2513.7470803084225,0.8683267364487612,1,60.552666996156184,1
81.98217116050066,61.97118933044338,53.06786906334262,0.10996173916575247,7.983886118323282,12.50369528194182,1334.1810734404376,2.7515335170302033,0,19.330237433082516,1
81.07891846867842,95.86112061772464,100.0,0.1,0.02496513321540333,2.295226467851793,1768.9173632161608,1.00394100198231,0,75.17370944014688,0
74.422890710441,95.17756751762192,94.06564190999953,0.18069006287531844,1.7154358020645872,3.6322922136815805,1607.437432417719,0.3445539772016837,0,72.34904074855876,0
48.71312785027422,34.22841223291478,49.664182572801884,0.3,4.052234260428562,19.381598725001517,2534.585351715912,4.400230004672819,0,33.36175408548783,1
13.083216739920843,50.013999808492386,38.4963033165881,0.14117964891070686,7.274117720091045,12.187514173213245,4005.297031486217,0.035314924535856725,0,94.94396583438277,1
79.86133082663306,99.90626457146908,78.59481201296325,0.23727836040856706,2.6480699193777886,1.204389043151406,1247.4389777733768,0.6411685194408303,0,90.59758195320879,0
86.1422764866204,92.65584264455212,95.50609620197243,0.10926106223277317,1.328745841817711,3.0327657208891265,1926.150508903841,0.6979753241174019,0,90.99768976133836,0
46.312658037734394,71.24111956766629,67.66335978464794,0.06741495068319886,2.658674939599622,15.65356436320873,3009.562031995896,7.0831744708572035,1,7.1497486572304325,1
34.170177908452416,63.717511909872506,30.57319634646497,0.04457196748631992,5.86908019450858,6.2184006528769675,1685.569862461748,0.6833502402489413,0,44.135415554009185,1
89.96714153011233,100.0,79.89786070030742,0.8539120402026764,1.6448501942168658,0.0,801.1113332138978,0.5607659219149821,0,100.0,0
17.851151409055667,60.83631104248702,75.44980248143342,0.00723731870560439,3.5926872453698344,17.264397807401927,3424.5861696967136,0.8396977865092271,1,27.525582590191327,1
58.90354823022833,74.05526446452745,27.466834280757254,0.01187530978124397,3.088491284354711,10.415664135682924,3073.009997174823,6.465186719249207,0,72.93208137147856,1
16.476734730335835,32.35611094432005,86.56443517410375,0.09372529462735003,8.41509777864352,6.464563924016617,1916.0026627359389,8.936805613399324,0,21.83782381234468,1
25.015047710106895,84.57839116945381,66.93972048882512,0.003991850121396729,9.108191165847288,8.58428434171457,2381.3734896580777,1.120870654986104,0,54.58071650935034,1
99.77894044741517,87.42691959026094,70.67374220639749,1.0865762977530828,0.3878224598772298,10.0,1245.7835604737772,0.54550920655791,0,61.86711703068917,0
47.5118260501312,13.07088959219046,3.461922197193763,0.3,6.5072022183196285,15.837984306397765,2941.02666622047,1.9495907040071323,0,56.89146582441135,1
73.89424154534171,99.73726816660397,92.19580056759632,0.45043097494400036,1.0359869338770522,0.06534987154801097,1016.896242982659,0.14545283999903302,0,86.00962457509755,0
35.293881910887336,43.82301407980702,72.04983248135363,0.06603281095561447,7.009643383515826,15.669466597911391,3513.8189170547053,1.9358369305580712,0,55.20741700380664,1
29.363103012058,57.888073523006334,0.505283465243862,0.06103077587974294,3.8274299008956962,10.517208339135273,2227.9841675012344,3.4241578882051154,0,16.127965681613382,1
92.07751935455475,90.34881957097963,85.52968682943592,0.13660457880636798,1.0698833937761467,3.9415671882920296,1774.1160338843872,0.580660110017886,0,84.6923335515027,0
72.9101469198271,62.69029557358119,67.65966868082236,0.0030957538137391066,5.574440690350559,10.964164660929947,3648.052329601689,0.055145845467008806,1,31.680631844101505,1
32.72823772757899,71.29822676977106,76.06935075247567,0.07454709640544671,6.394365241585706,12.565915811738694,2970.2680974926316,2.234623198545363,0,75.36193465670974,1
25.267376236214616,65.88113841509892,56.94714317451687,0.019944000700483938,4.280188925633503,3.356349588933112,3611.0400828956613,3.4823498079199817,0,24.009108183799103,1
41.376166792565115,85.47661033393803,46.08932198687303,0.2687107572172344,8.566229039985013,13.672365710026407,2114.3005725428243,0.1321196746960108,0,29.560000553837277,1
80.49934528520757,97.96838148644653,100.0,0.4404180324119707,2.527276635158494,5.112044193684581,1230.4839577362095,0.30281612918229894,0,48.279596013893965,0
36.783963932251424,40.43053995726105,67.56436935928592,0.12568496805109539,7.645096925663322,8.699148497817134,2380.2552416677463,0.5985522224086199,1,27.677606212493053,1
19.403866485247995,10.569290727012481,84.57251223468809,0.06391580985860307,9.220685304192756,8.564622886804163,2245.4554259786537,1.8923900632003146,1,8.82443391028088,1
35.04367181674072,39.123684994103506,68.23249834859173,0.04462269870653266,7.5557530420839445,13.276483367474166,674.6703420635381,0.9776527027992347,1,10.362626237338395,1
83.3871428833399,98.86546253390013,73.72705728559207,0.36087152910890263,0.8600475946384526,2.861100451015779,940.3686287262099,0.2437657315420447,0,98.99991879797618,0
92.10959968203491,92.26630297236913,97.08146415984379,0.15133859130711894,1.1310642143723049,3.6333985809476053,1914.87256225962,0.5228213766014843,0,100.0,0
28.964030132074942,71.79311060460341,99.0618291217403,0.047796503755551084,5.071686589716099,18.108529536620523,4799.266158407931,1.0812126137371973,0,19.37284608766107,1
100.0,81.27680738045723,100.0,0.5188409768183779,1.5446911518755975,2.9780216596085456,1806.9917378216521,0.23917518163786636,0,98.19768782587384,0
73.93665025993971,99.19012560297682,92.68557819914668,0.1,1.0802700743465576,0.0,1597.2538620553955,0.15313085491606956,0,68.20141862663225,0
78.62612872693482,80.45090534594816,74.74164648324975,0.24176506345891868,2.151184688158193,5.572812423991633,1060.3843101872562,0.4761969958491544,0,67.42457179998789,0
43.121880376973344,13.627695867767237,58.370035582255085,0.3,6.807782801272003,5.965562182481159,4057.8433831117404,2.7177954403993074,0,27.584980323847052,1
68.87284128810349,93.31039277961199,85.82530992138277,0.8696322232632999,0.3755495569149706,5.467095627011732,1678.6146027762845,0.5853029793752701,0,68.46850384942219,0
92.8182287177731,90.12463238065175,100.0,0.4612165814772763,2.1086773234491822,6.244748437406319,574.3823735999579,0.0675492482006706,0,58.359278209959314,0
0.0,59.07489258581718,43.389955464752234,0.022291972679149234,4.0529532368916055,11.27437586113124,2348.0148612023377,5.310329379678814,0,27.291980470060835,1
94.59270826085206,77.09150881698608,94.02139283401054,2.7095537647438404,1.8838616282934662,0.0,1848.6097544351737,0.28639333292705427,0,100.0,0
38.146931353461554,35.62033875891209,19.448537570801722,0.07066616184478372,8.633586473324746,13.324891039439505,4214.1688275713495,5.067659721518982,0,0.0,1
38.512070996087395,78.26316548843278,69.90203735331217,0.12798607132186576,6.13049424794946,0.7395052403766016,2127.803656664735,0.7307480397515294,0,49.59686070229966,1
48.38876743084937,66.88727118163675,0.9709474107072524,0.1386913848142046,3.3808663958208554,6.947858585691735,2237.554839458592,5.306930386260014,0,13.482828763242662,1
35.91921872097868,28.730431284296166,57.0836337743773,0.0998955686865054,4.292418537715372,10.377650573009284,2216.1194149185476,0.6560135274900669,0,29.49635125227308,1
0.0,45.53232788591261,77.23158561897439,0.08941919145299743,4.896604121249537,14.027245590652196,1846.60965450808,0.8010190555747971,0,47.46510846916946,1
47.13885216773276,85.85002509326152,91.64589946507407,0.12064153862126144,2.7509566407722095,11.624617535106534,2301.021260733974,0.1632791442128323,1,9.940004856632125,1
90.42560043585965,85.71811830751545,99.2508416515187,0.3061791397719095,1.6696746824593405,0.10125648935515352,1396.7299447874263,0.46349831298016675,0,93.43694327353893,0
74.40786478111049,90.1701726138885,79.71350737220489,0.1,1.2221581688337257,6.405153010450455,1521.0105472861264,0.11439494263208337,1,79.71316730219439,0
64.18070592116278,88.93893002893941,83.7830291714352,0.1,0.8558625986056989,3.7429074134960865,1898.906227063549,0.18596751697246958,0,98.2467108091562,0
80.15765927133748,80.32287185047036,92.36358259149961,0.1,1.7397181502698784,2.3743528193268704,1357.5631805523778,0.585110326960267,0,68.44362801293181,0
80.10560557481777,80.12520902496063,80.71761786571389,0.746951582740636,2.021844921288184,8.994830252839709,1596.350702880163,0.039452150282127445,0,100.0,0
79.23096344337597,83.97265703723053,100.0,1.0312309439492242,1.7455848581489901,0.2939630342048627,1015.9356226343368,0.5378525280232734,0,59.340567660918495,0
91.45484181141076,80.44859994880755,82.59984570405024,0.2714762495037951,1.9081259751321469,3.2002000197813674,1898.8237425814566,0.017186599173596964,0,100.0,0
96.95046628924842,100.0,89.10102981338048,1.2325610569014234,1.827708894947195,5.713474842940917,2073.7238677408304,0.5182101025554117,0,100.0,0
65.12294481549893,90.11837530737132,4.498589636919366,0.02221963482834442,2.3113079903388964,17.086787166090232,2868.036312706845,3.4026519143662064,0,52.709411658801905,1
55.54120853746035,82.03458495309087,60.43683707535561,0.046350228900638106,4.745687941086539,10.222081880489181,1856.8637246084631,1.0367006006030128,1,76.92322552101902,1
100.0,88.89235212812982,88.91146321499305,0.2679227257005046,1.8943891668115673,5.638746536278813,822.2976416019688,0.2836742226185258,0,74.84365220734836,0
61.09925377580838,86.36346152219394,37.74968500463537,0.07164467927965856,5.280933951469714,12.599980359630957,2837.71495375621,6.150525295670434,0,15.016261940766837,1
57.358676454543044,72.45756374222589,72.52430806759914,0.11952049110018806,3.2022523782453405,12.450995752306998,3354.963984107694,0.7008427503437202,0,45.037887797212434,1
26.391446023985683,75.23964919727985,65.75357435788428,0.10538311748724108,3.0550987246259895,16.783767629741227,2186.9858280739672,5.319407857307607,1,10.800699426656477,1
90.69767280232203,98.44845447252841,100.0,0.33008069738118767,1.6109161469680675,3.2322505173384344,1118.152759219976,0.2197348836977376,0,80.46595139598398,0
100.0,85.59051426937174,99.61821592639433,0.44169874544586935,1.9844849861050504,5.82083699937114,1373.9672288364306,0.6854684036600084,0,78.07402601123587,0
95.1437006501813,100.0,98.24771171862669,0.3649859810873943,2.111088281306738,4.0260867487539045,1483.465118076332,0.43537979007567046,0,80.96611283647913,0
37.92828583685207,54.53652658701597,41.20655370419268,0.3,6.003704098719782,5.345240087214469,1556.8030616344836,1.046362223582446,0,79.22485900565123,1
91.5854427267283,81.27226855827841,94.41780803615092,0.22547934281565507,1.2477626757711004,6.020549173672031,992.2835579027583,1.5620068555171185,0,83.28607343806503,0
75.21627222384969,87.20546563105442,100.0,0.18294106395736867,0.7817359468594962,0.9942587826352218,1635.7423251024882,0.8867148241111193,0,90.9385542396613,0
79.23108130476851,67.0219022937468,88.65920933199818,0.1,2.2204264618652734,4.435604679497452,1747.6131786354129,0.1681747418563337,0,89.64283240944421,0
46.61999079923384,58.04131648978965,31.430618994238138,0.013997952794486755,6.856777358272343,14.158894718953228,1602.976326814572,1.255110006909523,0,54.89036232056954,1
72.48886423614697,84.57804023580118,72.25336967882312,0.27158787331419076,0.22419523346933368,5.4903017285696345,2499.372193488598,0.11661245060036163,0,84.53484350522412,0
51.739823092673475,59.74863998458592,46.31249250735224,0.06807631627794514,5.209084491098432,10.047948787311656,2740.8009871347804,4.004074124021568,1,35.27305824150113,1
38.9643465544164,42.004193396798016,11.557845043866417,0.08134987714787992,6.284090183787123,8.17967084745669,500.0,5.048912633949731,0,42.39958427761494,1
59.646572104293284,36.83794113012692,64.90799205019657,0.05872731269478096,7.55774752940075,1.5315475302751569,1298.5304602961296,5.665066807778467,1,27.045194315089354,1
42.68418443298925,55.435146318175086,42.218513553261815,0.04511872808624633,1.991702938104042,11.38767798207439,3251.4559121859643,1.973821995704922,0,50.02181086007266,1
99.51143607795042,79.02479085654915,89.92021871023346,1.034225198062674,1.510262914834948,4.546021434988772,1557.3706267429973,0.6453289751511346,0,82.45002021016307,0
100.0,85.96180063017427,73.20972022277789,1.058474088672749,1.730982402407869,6.7989728539446865,1098.2837746022988,0.8082735890132374,0,74.97249540160422,0
54.3586389752998,58.589938379455404,22.131278492239428,0.17294887357701466,5.703922148416112,17.438872852003584,1976.8823246144284,4.281141190357103,0,52.85681108638593,1
82.11341361079862,93.13443204322037,89.72066160810701,0.4170616230474973,0.0,4.246959618329188,1411.9545074980686,1.4289400782469939,0,93.27263874201738,0
100.0,88.78981373077191,81.15578360303583,0.21200264949748576,1.7359771645670572,1.9154568239055036,546.037796419767,0.2101235500154935,0,82.52345811775541,0
91.10585745283824,96.08044770951682,75.49546705308276,1.6854161794382894,1.2606545820580524,2.933819195968334,971.6430869975355,0.058488437111512546,0,85.13338369136518,0
89.72597482413043,77.06951513250729,81.62834922625643,0.4778027384912371,3.1600520314788336,2.7709224326178097,1822.818566642675,0.35176446070476064,0,58.66648247739689,0
40.60471892004988,59.93819391432885,70.24878468329943,0.05588775839616514,7.442331500008174,10.554263214598752,2110.2232466654223,4.445858382466261,0,0.0,1
86.2810441491079,94.7484537782469,65.05294029496268,0.13377923965883423,0.9676621614964317,2.9626665607575795,2325.6880539409644,0.009679547318114901,0,89.90514581844022,0
39.36677500884321,48.13518307479809,61.342088857452424,0.008728292876595515,2.0535867402494667,14.100578635153086,1588.9736504190296,6.109745833079819,1,47.788560843850995,1
28.60185443994172,67.21781861386924,65.21213345366175,0.08196226469364579,5.065671618202614,10.248711508553392,3455.3185184105014,8.81739378108482,0,24.9621177000466,1
63.280582711239745,32.57646349654758,53.66968909317542,0.2333178733927849,7.304427326137338,18.607657347469512,3612.833980044756,10.0,0,43.14836069303951,1
72.92246552508693,66.68047348261321,50.13025946791911,0.3,9.943867544863714,13.982066096579583,1787.3346558953745,3.07457857282518,1,51.443128653143255,1
0.9075608364576837,59.129225026208026,19.909594723204744,0.04462457256355051,9.103018928171164,17.426913962848484,3899.8132047046643,4.075794025870869,0,78.43986418988582,1
22.778298750465652,38.490191683583625,49.75900016452094,0.14266110834732543,2.4669223421100566,12.767688020144453,1543.5397374212437,2.873656785040858,1,21.059370612702768,1
14.204135509435307,89.05886273433075,73.15089998073334,0.3,4.514967100947956,10.560638156878449,1520.4801814231762,4.981325469558289,1,38.300812730754785,1
25.489311065292902,16.419765235402483,65.85171217957942,0.15366122372969188,1.4186980140865737,6.659935017407904,2466.785624585543,2.3132493205922655,0,58.9252197661375,1
38.64341255424203,61.430620298733594,50.83786039296135,0.05727883018985688,5.327742803472911,15.882534690445773,2248.031670036204,2.579871469798108,1,53.15721275408983,1
100.0,92.24128927055685,82.00323788618043,0.1,0.6559138596156404,9.648661182006093,1549.7142779403403,0.10475426775435533,0,99.17652436948572,0
65.12431085399108,96.80177393690795,82.59772882178306,0.6574267822364975,2.822893814793828,3.9273387839153164,1220.912438440702,0.6429181823897218,0,74.28293454989871,0
23.50796283633218,47.43378566373421,57.95825547245506,0.018377729716941498,6.51390547225564,9.538744471705169,3076.0108254690012,5.595167012403341,0,10.02836621800471,1
95.31844539468635,87.85175481675334,100.0,0.8272864815043216,2.8080531156220156,3.5722496648907223,1865.0481290161763,0.32304242313670956,0,100.0,0
42.76849227355013,48.496137514871805,55.19182983303766,0.07592480947287727,5.115508293334456,12.12713561948256,2014.3382468994403,0.5891151406898631,0,60.83495701465262,1
64.2660976759185,87.06540470548249,94.98431880501673,0.21959316873494192,2.0296414678067785,3.5930777178393902,1549.6702738978454,0.34165381965907254,0,78.27573602762236,0
24.224303243052226,36.823347044005644,76.02603192404048,0.08098725892647822,3.82615478910981,17.541751126625527,1974.7384293224627,0.7376951104138265,0,52.909204473496644,1
81.90787624148786,99.38183215407491,98.49267016855272,0.8968126358031534,2.162583752147698,5.061951323928181,1281.9255021094714,0.04547660099679579,0,60.326762931519774,0
89.73592430635182,93.62827441211184,95.10176960489653,0.3953342975723864,1.6793877956282335,4.610486253062706,1564.519817065078,1.1445330849158069,0,96.93271231324084,0
11.221177638933021,35.922973073690656,62.25094507634755,0.004654453635137139,7.742197627823844,19.053195201198278,4618.3073708456695,3.976448105155275,0,43.900853997883736,1
63.01194043379918,89.15241316556691,99.46360669885304,0.1,1.9143958211131615,7.4443101956163895,1934.5522844823352,0.3818145769452307,0,63.52720424332775,0
26.181956227782887,32.561451438122134,72.61973606097467,0.04233604755094196,6.436980594634258,16.094809346360393,2665.2045001166643,0.7194765192600472,1,36.15245526319191,1
81.37161439560342,84.79997935341233,71.1377218383571,0.5737024804786159,0.0,7.533023600655268,1885.0011543200408,0.10470034289072015,0,93.29869239136474,0
0.0,79.72015602982891,8.601667820289084,0.1726999817760726,5.564899528111201,17.803197865234957,3821.3111589487035,1.2233421036755143,0,0.16566760267791913,1
78.49357430878173,88.63852301980057,74.97819368130642,0.32393289459699315,0.31275466806053176,1.0076823736707006,1702.223141286003,0.7494110048151904,0,75.4659591187621,0
5.136203755821374,83.12511637364096,44.62271658186678,0.055230194170822755,2.1414662406577096,11.773975501363168,2093.974925179385,4.932873906493322,0,14.931323784835415,1
70.92536225623445,97.4745592899142,77.64669083148256,0.7566569501452846,1.189405557182769,4.100455398331361,1041.1361955953155,0.6372579065879374,0,51.793466839053785,0
88.4175597577716,100.0,85.23519142953079,0.5911417437719912,1.3596972352810472,5.099366372580519,1634.9928298905597,0.054781728178695734,0,68.17928565150488,0
34.30116999082735,50.07314916698594,38.946820654209915,0.04996326079268669,11.193177792285098,7.314067480116055,2894.087589450442,2.6745064190559322,1,12.482583457097514,1
98.82158991037527,89.29309632635731,94.09922367609508,0.35212508737789183,2.6768277526536832,1.9861452781097118,1786.0697560512233,0.038843440210480244,0,97.1534906739292,0
80.79813182904142,89.21129494172591,99.41739132469704,0.1,2.416822060010732,3.663230155054295,1935.8146332306562,0.5440555538889899,0,70.7407143968167,0
37.746826491302095,60.653913991154624,61.83278123962911,0.019878213504911132,9.525137616670637,13.22069053832203,2611.561972823358,3.9592366823701113,1,11.409650867189765,1
82.50963960443622,95.18624347075087,96.65875006151373,0.20630861888517343,1.2665930941931702,4.8349301796425905,1623.3168254555285,0.17215707514870981,0,82.03143252079936,0
17.84533646789961,58.00145478733111,49.067194145119544,0.3,7.685912663262453,2.4073476189964094,2903.455212451648,3.5900293120601203,1,22.303946330652277,1
27.922820743597924,43.729158204719226,14.906763124252628,0.0816114793483292,1.4219096915073557,18.15306256364814,2845.597250695688,1.978412670202578,1,34.914958065601155,1
34.79588799218135,24.343940617427506,93.60231658810113,0.10406499211510163,4.504585603131005,10.04982177437363,2215.5626630474353,0.18077671887125007,1,33.38024181195665,1
82.3111130944517,91.5550744126187,94.12950506233113,1.0065392812131746,0.4144515442403397,2.796111116129646,740.1318876564475,0.6391897589861414,0,91.61034161106579,0
84.22898290585896,90.83360883161501,84.16182972094187,0.1583783377143509,0.9146946088731776,3.362503369507734,1174.9816919512057,0.3277197366535709,0,78.59144646930429,0
25.64522632282836,19.663415996176926,89.87754766255745,0.2345113583960572,3.489751203102963,11.096073818623752,1854.0959549727108,1.4185080630297304,0,52.53519978308528,1
71.71813951101569,91.79561454847978,87.69310825369607,0.37918659851665665,0.5590613307561755,4.169010291385725,1456.3906320146145,0.14532532665261277,0,89.20190248507755,0
88.9913611435207,96.77937341720337,71.2083259023767,0.26158873418563344,0.41799304844742224,5.066414635798625,1015.9357988076458,0.7172020619933814,0,72.50193448242452,0
85.9707754934804,89.42718992468748,91.92093717522783,0.5657300669910428,0.27383955208805527,2.637239529860852,1173.036746234264,0.18789301612912948,0,82.28788824346425,0
55.74010648738317,53.56721030504076,5.5101431036867945,0.10453291808220758,3.423381470450073,9.367298903451584,2010.5369466080779,0.4305813184278905,0,37.000972555554895,1
28.764288534879505,40.72672240980829,25.95621749558972,0.028271539216103644,8.35536818179962,9.666628268486049,3136.017167415338,6.177188840628927,0,27.14650692947831,1
100.0,100.0,77.083798996218,1.6274668279520357,1.1229474230791057,1.0429061260024022,500.0,0.3115082303889479,0,100.0,0
25.066978957435065,24.99323693058029,100.0,0.14346996062587866,7.419787920038209,15.66068860287449,1319.509802893648,2.4859596048599726,1,16.531990549498385,1
46.41881987884397,69.39188249039223,80.67675751610348,0.057398298031627354,4.579688791618251,14.092876044707747,1389.3660548121181,1.2778146483344446,0,12.6560466851911,1
55.88050258884759,59.83237845416202,24.352693414001354,0.21231693861955936,2.1055644414840833,14.045661020087518,500.0,2.9955796675279873,1,1.483196708963046,1
23.523601721797625,54.60298495820424,82.7669421013523,0.06823778806043236,3.799591550828744,9.912537933793013,2808.9808512836653,0.4914422182353665,1,18.01720706974016,1
37.33323502339007,74.08066334734848,52.853402480055955,0.10429273504798549,5.1622876636992405,11.848341287468921,2621.6126222702233,5.05430949371853,1,46.09264401281363,1
47.348572618546484,52.799548315531446,31.987780306510544,0.20329175813302347,4.695000643380161,14.304914878382505,1602.5369596699327,0.06362488853202937,1,23.096620018496417,1
71.17200269035663,94.74021559360946,92.08061553482669,1.4031231299839462,1.648550864334991,6.726753027076679,1779.5262681121906,1.5038215946160551,0,86.43451922822776,0
89.12931454275625,86.89458545167017,88.08475790353812,0.20983089700116714,0.7953967283178159,3.4525414956664786,1968.724057309538,0.42354505751247284,0,77.92497076975432,0
43.100707717114254,22.17339747032056,40.221329251859736,0.1927049850212463,4.550159538128956,9.092020697131773,1421.2579897752153,2.2718926579744303,0,41.77188866231725,1
78.99361310081196,94.90814378184334,90.51591298329551,0.23981795446533663,1.193746248309625,6.640828019567668,1174.0975988705807,0.08465427098768784,0,71.32681852670369,0
27.407510066463324,20.3519600203286,57.54139403915073,0.26329267642081966,7.347684040733405,12.984470825506335,1927.3392689001998,0.11231715882403265,1,34.54644949025318,1
39.0788771503199,72.91419034444253,60.79120179027307,0.001745151851553412,3.1403041032146986,0.0,2718.8756586093423,0.7583363546156614,0,63.52468516159529,1
65.32232360710086,61.251366779628654,75.82363607062604,0.08084575385050717,9.470854869513921,12.257179514350327,1770.1395887469137,0.6360006501888016,0,44.26889876232124,1
74.29915233673847,87.04311731165093,74.227703322212,0.1,1.8787259325699732,3.6191076281415664,1227.8023808943808,0.20566947582693654,0,75.35433782290141,0
77.4626383564251,96.82732447024246,93.59630049335601,0.3928491138909639,1.3083984623826002,6.120179479817331,1741.0321071913363,0.3237241865812795,0,82.71880922517576,0
51.45364853148288,43.530889703190525,16.224345450417,0.004756217660493038,3.78535390905817,16.69079030874027,2254.4047632932784,7.650358747075737,1,16.869844381344592,1
40.38612379124676,0.0,66.60801402066663,0.02649812756246574,6.118710819430872,15.41244105779896,1596.4115379236769,1.5571667584184588,0,48.45225782179684,1
30.185513920218987,49.300764637825445,70.21229121695197,0.0662473409514378,7.33458143476756,20.528585840574806,1969.9862829546078,0.3684112934423425,0,40.696793907109,1
47.887769070763646,42.88011108381417,31.342154431305087,0.1305775301025497,5.912406638303486,12.72444915555772,2325.8759030895067,3.130421141509813,0,37.964059372557955,1
87.49383683710755,95.10440881152606,79.22852469141432,0.35961699315594636,0.7057071991315635,3.9490117428296005,1976.4362732584766,0.2138313300830442,0,81.94997338702393,0
99.79944138890026,100.0,79.72326671122991,1.193084151461727,1.7911765046821906,4.157928091336169,1522.6966733187278,0.315414169881827,0,61.63396689429092,0
99.4376460407326,84.76986929080944,100.0,1.0050908730809611,1.8966440168220566,2.0148439865423544,1342.7639197194153,0.07190124837082414,0,80.31833976251387,0
40.500045965836215,65.3042904654646,42.99576039481914,0.03235310931371364,5.0433308234071275,13.100994750273458,2692.3901195742087,10.0,0,27.901572926015326,1
37.15520110905086,71.37259806591007,47.44126084170623,0.029716936395072825,3.8870684443000476,14.862436271892363,2791.5408617082785,0.13771549799205848,0,35.82771524614229,1
76.50155630535208,87.06377728733342,85.56423235125212,0.1,2.0168049496916414,5.479350936235667,1939.3939504207274,1.2084087040814957,0,99.92969617316966,0
75.76766753889096,68.3741416560061,100.0,0.1,1.3249069986114994,1.5351375216719996,1293.354320495957,0.005971186894962667,0,77.1037688899008,0
84.75874912889996,100.0,98.6829700100381,0.3976878752250783,0.8909157841528474,3.5562234574154625,1140.7891094702165,0.8582136564723575,0,52.61513006503088,0
100.0,83.57060345624215,73.46593684863062,1.8922533585537518,0.01852581474027302,3.6281510381024584,2496.8735994402746,0.006419271113789438,0,68.14974354777188,0
89.08252755714472,89.84464315289814,94.75457032209226,0.4049908432038345,1.1098357016410043,2.508115747048797,1360.7370412730747,0.27171680736314113,1,78.7524234209807,0
37.86811922142609,22.25976580242423,33.88306841766875,0.15235562305167044,2.4101362293194795,11.433662322822647,1621.8853091371113,3.291490012370617,0,35.296320198610104,1
20.703854820170594,16.70217224022284,70.95460101820532,0.042262114646174555,4.425835593769982,19.071714667358133,2704.627401861092,3.4778279012672018,1,58.294215704798205,1
50.663113120263496,51.727129818106775,61.884905853580214,0.008833225119285833,3.438390096842013,8.261564349639075,2211.4363996403413,1.3724664311844623,0,30.572034836298105,1
46.83336099386262,30.75833977471529,0.0,0.2855237356970875,8.50675039744863,7.37996601040039,2650.7831928715896,2.0368710499902916,1,51.33249486524458,1
23.735805319147595,32.17019239084669,34.75661331525471,0.23916789696144447,6.398900181213084,9.698039147615514,2695.678455719374,3.9879882118687258,1,48.7876508595125,1
25.680980438558983,30.582648675696404,76.16927772520611,0.10131970172013934,6.911876120356622,10.366320599474731,2527.7929868312194,4.4603160383791245,0,13.935872079146744,1
89.40014450053333,100.0,98.51256151035753,0.35912257890014226,1.5209638022192284,2.4658650891994,1633.3479405043513,0.23834163541536216,0,73.2663741903049,0
25.971092193501327,62.50282074052166,76.68486232494939,0.011066149610370595,5.3353626668984795,16.8056681271481,3016.1467971847214,2.0931536063883764,0,37.632307465454836,1
43.316054514408904,30.16947006982414,33.61180780148441,0.02883508623031187,4.662456121124181,10.948100343937183,1440.1109569198088,6.490153861597414,0,35.185801366133894,1
87.57550390722764,85.00984831443355,84.05657829101219,0.1,2.614763622019545,0.6229896238629999,871.5390595528468,0.047059608555655615,0,65.18715556359508,0
48.76519421544827,23.857625728052195,39.72028744374285,0.04944819348331437,3.5927271117815405,10.635201069226817,2625.518992958811,0.9802170573217612,0,27.770713416730764,1
66.29208078974145,77.49963314490766,98.30141339987998,0.11300755336683302,1.6816275830919112,0.7359702299471653,2358.329970030595,0.5674524989182576,0,75.76639112115157,0
30.46945055234324,13.447238620114632,83.36921537166913,0.003571797058988732,3.8493827831964134,9.216680214430898,1183.5902038997228,1.1401731106326682,1,26.594719376823427,1
28.657943348520686,39.03931581961817,59.27967859364157,0.007614314399562935,3.9560888690482066,12.172501723812196,1840.9109515015307,3.535245353137327,0,21.411608781142185,1
93.20482181197364,94.3702739840296,89.69508568104956,0.21086708057373008,2.189149220506244,4.719477950253577,1238.8199376671678,0.19455365819662734,0,73.63102750966786,0
78.08091930118755,89.76589749052017,52.10636834919132,0.8107597621666283,2.266271704886614,3.437749030223827,1703.8732308969315,0.6789924444051143,0,93.0755387839822,0
65.85094422748234,56.27508857875367,13.012430177164914,0.037554205573514104,1.7903913782038745,14.20325134073402,2523.079115834548,1.3480350306485382,0,60.06127453857825,1
53.46089654453524,39.689498253752326,24.361631944627444,0.043696342721215954,5.879339444546048,11.076543555208259,2218.660605724983,0.21593140080180173,0,31.680765370541504,1
32.95887218742304,100.0,56.412691860731684,0.1560227361510064,5.0795989082320325,13.12941065591861,1964.977408975102,1.6050891228299804,1,18.373571817487676,1
25.893151537093747,35.9737286994433,65.82960168178856,0.3,5.884604312270682,9.034978529962068,955.9305045412541,3.7759090426649666,0,70.67837213214969,1
91.81891489626311,89.78875394432859,55.029941887297184,0.1,1.88420840112474,2.71777147955071,1647.6065751300669,0.4887802215661889,0,100.0,0
44.560756303845665,35.70178634503918,54.6930866624456,0.016803446877928646,4.697401920460585,13.74707100444199,1744.8474853340504,1.92260389199449,0,24.50926521999804,1
78.76859473575236,84.83018152124957,81.42077446089908,0.3226317757110416,0.0,3.3204819847049523,1341.153867372859,0.05952752515732533,0,88.04583828271365,0
95.29155637325644,96.3995352155364,100.0,0.27799845084185437,1.8971200941871529,5.506838927004862,1352.5522536857202,0.1676333554071962,0,47.12032015580177,0
86.50301761461877,91.52399743823253,98.62277779586789,0.1,1.8035243180840879,5.683561549568026,1396.7817937555353,0.9971948681102543,0,100.0,0
79.69742381627559,94.52407716505235,96.18462478855145,3.04827677430358,1.0280861457955137,5.501745558802664,2033.0205870660511,0.19975657131214644,0,69.39996343890289,0
82.4743184860684,91.35488659228862,96.16259326540539,0.1,1.868217299985843,4.683320463905253,1354.7473412731688,0.004873854927230898,0,63.66959884285487,0
93.21902504375224,86.0499473347095,84.2071257276754,1.0573487596197597,1.3275123371455821,1.2988880713140336,782.4315547232148,0.35101429157263997,0,47.56951550108842,0
37.48769533815429,76.87553036277274,75.24654962177189,0.030176420056578092,5.961222430497188,15.223591108004275,1984.1528508852134,3.6499687510641685,0,55.83825208354956,1
71.95530499495146,93.19750361402113,81.96430275338388,0.14442744656237738,1.0113138881559474,1.8879384000666648,1426.387040320399,0.231016845640313,1,74.25773778519876,0
80.30824347895295,91.47744244691927,70.60425736361763,0.16741576163774036,1.032073877265784,4.735020821081205,2281.1669529958044,0.2405994467420732,0,94.33903733496143,0
85.13001891877907,76.45634548643692,68.70806767458329,0.1,1.0134187940441926,2.6886245610771127,2047.2317401954404,0.26794148203451384,0,93.9202348872753,0
0.0,77.6615442703018,52.953145570229026,0.10243530165867537,7.088772103753158,7.4428553631589285,2746.5026692292035,2.3382653841166747,0,32.54689799384761,1
25.32031320798894,51.365294572751765,53.015090465362654,0.049890976206009914,2.1107174938631714,19.430363506598663,2486.1055939927214,0.2907106578360445,0,53.870336363054165,1
68.52909923829326,47.97961067091106,82.79078685352628,0.03979617392336571,7.699092627667486,10.79674347850063,1317.7823137973464,3.5787669362571135,1,12.37820509662316,1
53.66133211441971,0.0,50.307459853149076,0.14137881018210852,1.2282707642715813,17.969058037900236,2494.2630312149386,5.324300512114375,0,18.92123246545673,1
79.89983601145254,81.9221543623205,61.037327992184736,0.1,1.6583333338736603,7.369049669206904,1449.39244121842,1.3111638922808289,0,100.0,0
83.14341023336183,67.2116590349594,86.35153853920724,0.14741133548511468,0.3534785483802302,4.958721906858845,1273.8428118858394,0.5368873312370775,0,100.0,0
54.75457031849199,45.50924068186212,100.0,0.0004411324604696946,5.699299514294948,9.176783779537402,3787.4747004879014,1.9561709497280544,0,26.4064774585081,1
71.20680771985472,87.53572572651407,62.95567577677517,0.2619368862448958,2.685568614749229,3.89044327932235,1833.2631066517738,0.40691717935579785,0,100.0,0
34.581579252338464,1.2602456818491814,16.87036408344505,0.09886934100593499,5.148813343852295,9.300248572346007,2689.31753013828,0.5107663673254429,1,22.558703301100905,1
50.2733629943799,57.906844506492845,17.32694252154966,0.10985546874249255,7.167097046655739,18.344456525685246,2260.8128021025273,5.650886035429407,1,51.96634439409211,1
85.69802084990019,91.53639293192025,95.99575001091054,0.5894032514100096,1.6514626458338992,4.062791731065553,1165.7243979919854,0.40341358294895424,0,75.12713110252182,0
87.08863595004756,80.19387469598126,92.7089916061452,1.3571555523709793,0.9639078396366135,3.874703555756357,1261.2420861072114,0.6138445277827009,0,71.02580998703229,0
20.383737487824938,35.26441471282772,79.2124700656219,0.0502673149601658,6.484577015156607,15.572309738262769,3070.1296257016056,3.544773242589939,1,47.73084076151335,1
84.67246729784002,73.02516080793124,95.16673861904061,0.5626671492511433,1.1040276157055413,3.116302145518352,1390.8621814639478,0.3864485352317996,0,77.09988575480565,0
12.454289525861402,62.8929904792534,66.7967486969169,0.0005951169881545696,6.127633118773009,19.121811005169626,2555.058926163719,10.0,0,34.63666237189091,1
14.62389604818573,85.89641160214745,41.23665079498247,0.04379947460281641,3.7343848015556356,10.241271964326202,2254.725540257294,7.827896516225152,1,63.20624613181291,1
60.76120673371043,97.58021169698286,77.84420827041117,0.1330042329500564,1.6996385516784616,3.3623072890105377,1665.4465030286722,0.3401245425468378,0,82.0897944609434,0
14.308040807866904,55.610500959556255,64.91569848053643,0.018830142149777577,5.180083167733916,5.979712502984786,2792.3454742597673,0.6488100500504519,1,51.43231504474326,1
100.0,97.60246073578861,100.0,0.1,0.3897051596353584,6.237264668308423,1364.2755251447363,0.7835550628596863,0,89.08270476686248,0
93.56398794323472,79.32779604065436,93.54607199298331,0.1,0.6602756008720471,0.0,1694.5239973400887,2.4671134657470546,0,65.19585895247664,0
86.94089992898307,86.22327537842298,100.0,0.1,1.112705204332146,4.597595560643524,1512.9584854734314,1.5444470247985107,0,94.0605112138052,0
83.92969640045442,96.02673296883626,81.03936110355949,0.2190421042184496,1.5201686940320658,5.944113931479444,1258.03729442873,0.2546138273064401,0,78.94664569138061,0
77.22183312409125,87.42143624630928,64.44849169992905,0.2214365071763801,2.4302708620279887,2.503807870756706,1739.641332745438,0.07480710399174813,0,80.56329614990844,0
79.24362173762226,100.0,95.55435501066172,1.0591011738477791,1.8284400682620932,3.016086190261034,1656.4837308949575,1.4890685589780464,0,76.28068689008165,0
34.64275690224533,34.5993114070511,74.99718224264957,0.05803775367587897,2.3411897933498365,10.731086447114098,2353.661361269927,7.003457887858712,0,72.0932426771917,1
15.38106545973261,65.62044557634688,100.0,0.03474716447570555,3.6252911312834124,14.181033932104478,3079.197625921523,2.16616574999011,1,32.54457148626379,1
79.60240319690638,92.93829850721073,79.09018920953939,0.15653249856366386,1.1660556944084541,5.009163628954781,2176.938628985282,0.9632606073253,0,80.21430817825984,0
69.65885829264377,93.64710217665287,74.52946232506703,0.507743672079194,1.6949257789621714,3.3384502079538945,1279.0954991549565,1.8663234333926124,0,98.84296159120524,0
5.157959657092723,64.2322330817516,40.180019170533825,0.08410161621433057,4.141635419544691,5.662689688606411,2726.5799668885747,1.7253621921364135,0,77.54594827499136,1
99.53384477117702,93.53552519655527,100.0,0.347153243578947,1.090100607458645,4.1863166753994845,2378.6584219915817,0.14802847124963386,0,66.13597396107393,0
64.5544059060415,89.95277239379398,67.28185051815707,0.13742654185598913,8.350259879380452,16.634261971289288,3129.818955852978,0.10266839701501781,1,25.162410903710654,1
86.09394794604893,92.3900232669255,79.18991441465805,0.20426360042939257,1.3998604572934685,2.2969200404413623,1708.5797596238117,0.33588516902550564,0,87.48034868203317,0
83.07639035218878,91.20335124114861,96.88989214504151,0.6516587890408427,2.8352556206610653,1.9451928969479781,1439.2130470735844,0.3634000819683281,0,100.0,0
86.15674634292859,92.14873823090606,92.08707059680596,0.14538470139077936,0.9989477790535944,5.654472215314846,2132.846700521427,0.423522297569397,0,89.52650017396888,0
0.0,29.906908477632868,46.38412907479609,0.08499541108602357,2.0175443372190744,16.76279847022002,1962.895645084038,7.58792806609344,0,81.34707531229722,1
70.69224897881952,99.07016077493651,91.24068830069706,0.25832206677789116,2.524751661333382,3.337137257436994,1696.8057122267594,0.25416605824039484,0,87.23800564731778,0
89.13434903223701,86.13805182254374,80.5078553234413,1.4877753202898802,1.7594721680118945,4.205717155864668,863.9432677278809,0.6630458135732158,0,100.0,0
39.77475850582713,25.178282365532546,34.03355906198538,0.055011788189461876,0.6778880053014582,17.891934310519318,2241.804357821326,1.1164824499560688,0,27.215777096064723,1
90.13267433113356,88.42920120732018,100.0,0.37888980596113253,1.6944037776435197,4.8644333815185075,1652.3112285460206,0.34230884027310526,0,71.34156911434144,0
78.62260015748684,97.7556576042139,80.70549687189019,0.1,1.9185785485896265,8.169425842462033,1652.9733262770142,0.16420851433270264,0,97.65500955185506,0
9.834707412654232,7.369809805599581,100.0,0.07278387435713178,2.022155487858847,13.448098203953863,2830.918318625899,0.828725834914515,0,60.67777566540536,1
15.695718464989039,0.0,65.12353384538358,0.16861498638695785,5.461083173701459,6.854122025722351,2922.6159511320843,4.903938021381241,1,64.06794211629352,1
95.53641796607839,75.35493682514834,86.18994746119965,0.41573431524483345,3.0561560594215464,7.339845562809277,500.0,0.23575307906119,0,91.94510029623248,0
76.24381746615242,98.1925002064917,97.48446275262053,0.1,1.1338934005299077,1.5662065793196658,1083.9205156178107,0.6186005900631433,0,100.0,0
28.100336760858653,73.74103746541336,93.7002055204673,0.10714000301931158,6.500939723870189,13.785496979034143,1927.564464193178,8.149712908565949,0,43.53078580053086,1
48.55939941793057,100.0,56.101615872823444,0.20850522357683451,4.679027559342875,9.646553742772888,2292.2576291939768,8.46688603946252,1,77.31541619125969,1
80.34270246429743,91.5807968375392,78.84730265720543,0.47592049292871924,0.6872969384080173,5.478360989403136,1240.2540721544476,0.27669471833436315,0,82.52977051415293,0
67.86865470909122,79.22298968376242,76.93768224249625,0.29262527747851663,1.116993142782649,6.080861785289677,1475.5609967976527,0.415401894723186,0,97.75323653872407,0
100.0,83.71208431593641,82.42714885228735,0.1,0.2699321628406597,5.219052090417202,1573.9882300292625,0.04376256852271585,0,96.81404768609369,0
22.484539125364474,72.8913451064586,9.681800873171426,0.04638143284948675,7.587506311731921,13.949252652213264,2360.5097308699724,1.2703088334754824,0,49.51847223296804,1
50.06379899465097,38.01615143359789,66.71309007047091,0.05069682980632348,5.132282230298004,19.973534002329657,2606.9430705900986,0.8847137731344905,0,48.29526179448726,1
41.486914223898474,10.59227508071886,100.0,0.23716009784799985,1.0000268793794178,14.110272464448132,1730.0009320645422,1.5039679352374757,1,0.0,1
81.3903383418092,94.69355041180219,75.79980245708204,0.4189604160774717,0.3844039449125906,3.035372858127394,1402.3886591315463,0.11764660654478937,0,74.96321091530376,0
55.35914104858719,36.551400841671494,32.21016558534635,0.11233039222837449,5.415676766728141,16.416700626174702,3032.0848412171836,3.0136302643440036,0,50.864514356201965,1
52.89860123131121,35.65742139268371,52.76660336322385,0.07031185678979783,3.548163828012443,3.700161276418788,3092.062692564229,0.49663590149505327,0,68.80905339171679,1
89.4426331148604,87.92876021036739,95.34962552816323,0.5936449035572362,2.105251739930512,3.960411310958584,1135.8053185873914,0.6462009595734153,0,100.0,0
79.44522880839746,100.0,98.00000694136368,0.9455623958741025,0.0,4.463214948336184,1483.411288800341,0.1721073894519109,0,54.93279252806977,0
91.5655360863383,87.40134893193103,94.69229272870149,0.24952685018443055,1.8425489982484609,1.3307787861795348,1966.3666081020892,0.5515823103498092,0,100.0,0
91.48709887589642,87.03991176094297,100.0,0.3543922423881031,0.9404038238658854,4.0956506395693655,1479.552522793849,0.3087277070117381,0,81.59740970435138,0
19.313580593994885,18.359088872754725,55.939171467681305,0.10078444192468093,2.0256915285804578,8.74790859132471,3289.409293986258,0.030132143554875868,0,79.79930384462895,1
77.92330534381219,93.35215207492836,82.95085847582736,2.4118339752657154,1.1679197688293044,6.14216100080561,1333.4246267007898,0.5988577512073968,0,82.77287981090547,0
83.52942618497862,87.30331223105568,94.9024601932788,0.19543389400724234,1.6660826811205007,3.8607330933997837,1584.1468454163548,0.5416515239207629,0,82.88006355453015,0
43.01474507383226,84.1553696301447,58.65536990943898,0.17030568729039947,3.5566070919691146,12.15233802287797,3631.872109167408,3.8509446680520774,0,33.45420999701235,1
35.46208692001462,62.672893003407765,45.749084685795076,0.10988805085579806,7.872178692364032,15.687746405141423,3528.6072292084527,0.42798375809160305,0,47.47199054104027,1
92.55391225825755,89.02601993293374,91.93455428991228,0.1,2.062742333429847,5.1071390621355865,1951.0745178065715,0.2647046117118356,0,83.21253411697626,0
62.152392661002786,25.389673845619697,35.679156727775904,0.09801347206723802,6.27579663251985,10.726332585126785,3586.685733144484,6.161066142135603,0,30.526614516041676,1
27.132977503542545,48.03529017714108,37.090142657481344,0.13402385992091223,6.236924784776437,10.234489986821483,2433.3342395005225,3.270948908248161,1,48.72577083463627,1
78.73032942212232,90.98563845427589,81.80284427334914,0.3466318528654564,0.6955188994484274,4.151152745340076,1456.7444038434332,0.33504249746930176,0,75.57415715291536,0
17.890346081488374,59.063577277324036,28.92679345478156,0.18753632116438834,7.643761984319604,5.3603777499792695,2379.721306970986,0.2758755535297303,1,25.79625902204242,1
86.22009814645361,95.93701992857514,78.34821088408009,0.1,1.3151444180338558,6.656113777973935,1732.712708251345,3.0,0,72.8004778077691,0
29.036949476001997,41.705530705696944,100.0,0.2961225262506892,4.177653208893368,8.94967428201181,2375.9503642412174,8.037501451478336,1,25.17179166620875,1
50.97002675814441,40.74943835406889,30.806191511322492,0.015570626367786129,5.408307743992054,13.021312686980178,3200.836621337543,0.7051490659942191,1,28.983294260899356,1
22.16357192111317,40.33762774193024,65.93431685449171,0.10594105884421429,6.219625039749506,11.875358540794089,2688.629651358427,2.37837255151462,0,0.0,1
70.29651767583472,81.34336965549336,71.74711225539352,0.08608613138504602,5.406495462610801,8.930610056247342,500.0,0.007495717304550744,1,28.22144737301714,1
90.43360192379934,94.65678162774893,100.0,0.32819354537865886,1.1283351375075052,2.042518327380469,1511.5102256323994,0.34373547631583495,0,56.934382872049966,0
85.67528204687923,89.80516326191214,100.0,0.11726618780401754,0.7049098601321173,5.512976708632197,1941.2870288214633,0.1292418239561669,0,70.59360762841555,0
84.8148686400761,85.63004441398014,83.56867432904556,1.580676784886862,0.28487133992794567,5.815924627254098,1736.2977342041304,0.2358359428934184,0,81.9667898701272,0
39.5405772077789,7.1226663204365215,39.28893277111634,0.2041321476723287,4.893896016149788,9.439078018127944,2929.969669380161,1.3755282509280462,1,64.80287191766953,1
59.0715610906692,63.03039477971812,65.72027951082514,0.3,5.559643191888554,15.356900578675159,1643.795647988467,10.0,0,26.391705826254313,1
39.31337541867237,86.8620501844564,67.4062141561357,0.004162781321053988,6.348496616849531,15.688693826028345,2325.6252920314164,5.966257980529575,0,40.737276856387005,1
76.77779604433569,91.28459184839892,96.38594104243042,0.1,0.9118391721894027,4.2991959150375765,1173.5380043887824,0.06190116495477727,0,100.0,0
64.60767822239899,96.52589770031437,75.76402793569461,1.2114686572842845,0.05690976595010798,1.602097204012248,2048.0407414441484,0.9575270999218481,0,81.21937137563722,0
98.66874267444524,90.11750555783358,71.4274647621547,0.43582200737508164,1.2705646114093845,2.441961156960029,1809.2959946663036,0.62968028424749,0,52.77674255777891,0
82.63181393259991,92.23195329779041,87.20640862449014,0.13067832621562808,1.9740538190778645,1.4515357618464098,1834.8617945325539,0.5353006354642001,0,86.2857610213019,0
87.19150327663938,100.0,92.30144341851545,0.6973938290292367,1.1246953166316729,5.22558148316658,1170.4652521435382,0.21228537034615114,0,69.34976835662673,0
0.0,32.9961908562045,32.06845894556781,0.039582986119365754,5.918950117938018,16.553125779558318,3314.2367752287682,0.6183696019791746,0,22.136920055977765,1
45.51874560509301,39.849271139682116,0.0,0.05369678513191056,3.7265388817838856,11.506753603735357,1719.9828920491886,1.649253627061765,1,48.74354950197297,1
25.49749443110794,87.46365901674635,34.91598918085765,0.21394556577785728,1.428517436107474,16.472674193495898,3135.7129628589273,2.61688814931195,0,10.42110187056215,1
33.65979916549558,25.638686309742596,22.142872554796995,0.2830553869448867,6.448856352470824,7.413799345170169,1572.9655468603162,1.6714257674322401,0,50.55099531048256,1
81.72337853402232,90.4155670864584,74.33400258663077,0.8699769781963522,1.6404289836628783,6.747828770422899,2056.982376593227,0.24594563110109585,0,59.78436154535895,0
38.39949079498539,67.93158859458038,34.141545335433435,0.010467494954627397,3.2695818922955064,17.681084341069848,1652.9135929136044,8.280533182441792,0,59.39886398465663,1
50.627162396130295,36.70171229269769,100.0,0.3,3.183692102784659,7.823251284543906,2884.9167126121492,2.300051791552135,0,42.37830257658389,1
37.412695217869086,97.51622604305217,23.03160362951859,0.04557274475442638,5.270565017104635,18.032331400576084,2826.9478098203267,7.066127460105511,0,11.523640058031518,1
73.14981345106536,55.482722828301355,60.676576328603744,0.005053589859758443,6.37355097809533,11.615422848302043,2524.6789336428055,1.181430788672916,0,22.940843822371633,1
30.384276957945556,67.1178713512473,42.42091202384108,0.04966532286517557,3.3484257494909864,13.820302302881482,1621.6589095463628,2.666595793783448,1,49.99110074890257,1
88.26133022242118,81.9973494031554,100.0,0.15145404636634513,1.472859819257673,0.0,1781.2560788944197,0.703387745702101,0,77.87506052191635,0
32.7574711277731,64.4379238651803,85.76614510445029,0.0997430844000145,8.803826297325003,10.05948023160052,2588.3750047089084,10.0,0,26.77086980467036,1
100.0,89.78782992600752,91.09303048171301,0.1,3.7041741949759213,3.7238353306770366,1773.780191054571,0.4523734625084446,0,61.1140263282771,0
87.32253697161003,79.41528165274,90.7684108686242,1.0140303165636086,2.48417774052063,3.5887442927135047,1808.5607179615067,0.5377244285252318,0,89.69194514036258,0
60.90414145339288,51.7917138470061,54.41515099390134,0.060081722755632505,5.159991710487164,17.697133657095428,1732.8573858283066,1.9150649872201428,0,0.0,1
17.835679364567465,66.96374136552629,66.59307643892787,0.028116590556053384,4.898115441873194,9.806412848755269,2947.8494095446085,1.0920143954737598,1,26.719895297231908,1
36.99976327531103,14.477650369413919,45.97282091532826,0.005714960227745456,4.0233844265770164,17.19852514121376,2288.632572004508,0.4546195221951212,1,13.335966336307973,1
68.39039066484008,100.0,90.17711944136765,0.11585122037602505,2.9564351263534525,4.386758903848318,1096.8528347111478,0.3643467759508888,0,74.33703277160262,0
88.38496407494414,91.60455357784754,92.46526567128235,0.42650053771212454,0.962011523194931,3.0222277619126174,1171.6484310361252,1.1979961349966721,1,74.55031987417182,0
70.91538703636441,98.87759873564978,100.0,0.16817431412409148,0.7339448359878302,6.043245968146078,1137.3405819382829,0.6302297148311014,0,71.3369860397118,0
46.39517839408358,57.20375103850637,40.24463469498776,0.030492728836281787,5.72003293047645,13.184534359542418,2514.2020369386287,1.9152644952783362,0,49.08677202295191,1
7.309639611500067,52.383756858319465,47.831957629498426,0.23536350673198114,3.0076215088080063,7.774918369007574,3207.1865283757343,3.5105376885074486,0,55.48703579719931,1
47.73740316790806,8.189886854691187,82.7624966411846,0.005838696167118063,7.926871308521989,13.320599797567754,3755.667253024863,0.5262950619169723,0,28.265139399042088,1
45.038004674013436,99.0888208385954,83.67407170637924,0.11012606093787516,5.124863406654886,16.497656599883555,3731.485218080555,6.7356036978048195,0,62.92931400911466,1
74.18451996385605,75.91352950415379,87.45506538481314,0.8123059321896786,1.4189754250387736,5.566717421048063,1533.8107935137298,2.1340480713394046,0,75.48988459334475,0
80.79015519179737,87.83101119165946,99.09124167445395,0.46362442632842105,0.23425858932309815,0.0,2009.085893588506,0.841565819577594,0,77.79210873847983,0
43.83521299298959,26.33588703680463,64.8497643043752,0.08896510082423732,5.035939830032941,10.970733997642931,2863.1487107230196,2.317200680867537,0,40.57846194334887,1
54.814216932481706,69.0949943090815,58.116584835188924,0.0854824277725867,5.137361419301077,8.972878531916532,3370.3522026148416,0.2935380304753408,0,41.556374316319676,1
79.83955271782627,89.51471348948303,100.0,0.23120203811650064,0.6361260417748104,7.080647959639772,1607.672368102064,0.10466358601601654,0,85.87547024015709,0
82.6105195313359,84.26542143517756,94.58660602380837,1.769200605080883,1.1611211346174584,3.5826632575590684,1411.3601222459843,1.6303764315645661,0,64.13727994559852,0
80.7311893005258,98.23968654064929,91.73570408131462,0.1646694390801953,0.631156334305531,1.6191845286510196,1171.2740686314617,0.5015830804157443,0,89.98816735559585,0
42.72332995996777,21.758313517236576,81.04332131636492,0.08531875893075128,4.153126833641445,5.931707852377469,2191.010329030906,0.2145989098429265,0,41.81741582692562,1
42.12825167068752,41.88145162295066,41.43002570707587,0.01811180822317572,2.978818793682811,14.581187833724172,3299.992804047689,0.3996472532271297,0,61.86016167472262,1
18.079206547447313,96.26952856089333,100.0,0.004700781239828616,5.78034438576017,13.47127827377546,578.442444839563,2.6038431694524053,0,21.058421743986063,1
19.035878472836917,77.43712428382909,93.92902224246649,0.02621893191311562,5.977691779625975,6.846594323183834,3712.756117035387,0.2426931402492814,0,22.589182491086788,1
89.29618219132585,74.99862024283405,95.14035359002678,0.351049506125729,1.0468843270282213,1.3036459091450197,1601.4949187099332,1.2908476458686153,0,98.86419668864977,0
84.65288230294756,100.0,85.25680101591978,0.555990360274469,2.7918230325678812,5.289036983290583,1142.5015923665142,0.08099442827442434,0,100.0,0
66.59125768668355,89.16440625170023,92.97838600434292,0.1203958582359604,1.4575145586424714,3.6414979492861757,1507.8398466310514,0.7588522502893139,0,88.56418541905809,0
21.863290626111393,36.17689959409415,54.72652370099785,0.05328230493916587,7.918321988377382,12.357442954384958,2148.3070775863953,1.5741829988476712,0,36.65181033750826,1
0.0,78.9617999118332,57.833361597632546,0.05735654955461575,5.3336321190365545,15.632890096366916,1760.2304956790626,1.1376331054856577,1,31.581798930505133,1
71.55549488965723,95.66571538605245,67.55354095807937,0.8107452027894015,1.4867117261392728,4.780732388790751,924.5119595772521,0.5755313562273741,0,98.09803585181453,0
92.51933032686775,98.4052351680609,85.70766684879797,0.25558973972415766,0.37454799240196934,1.6930151480304323,500.0,0.053251832452710444,0,75.41551336389807,0
85.13929291912946,91.34768781015691,74.89679319525624,0.26877183660043197,0.0,5.511331677488629,1813.6585665413995,0.4720192393756331,0,86.04949406250236,0
31.514659310661486,95.85336410905977,95.04981636533532,0.07463221780914471,3.876678886149148,3.3718530991066,1054.1901523474128,0.7110546184251778,0,41.41012825197275,1
68.4514332813423,86.77081229406403,100.0,0.7626076966689729,2.2566957149473166,3.8178482792939454,1555.0647763472184,0.02289184687836961,0,100.0,0
77.26990216144533,82.9215782877848,100.0,2.184502239277945,1.1180714350457597,9.836347110120185,1132.7923753444138,1.3437132176807502,0,99.03883507847931,0
80.59955513303017,84.11576045928187,81.94984202790795,0.19602478314211716,2.6697567509741096,5.418705028910635,1529.803837530709,0.03903139265157167,0,91.70302581779113,0
85.59218434014488,87.63678871888777,98.25430272479939,0.1,2.0441841667341034,2.917986268434201,1860.6914788561094,0.6589456035429883,0,84.43498327223,0
79.97945775647389,77.97623737283877,100.0,0.21449373171720082,1.2571485397872681,2.792323405013627,502.8758002418586,0.20796608526432647,0,73.90834464464895,0
100.0,88.20115214553537,87.41323379831073,1.4504298636628972,1.5542708111335501,5.319062939178277,1772.6973635260567,0.07913051338077268,0,83.70907178163134,0
87.85865390724905,98.26036963473325,77.93697041863322,0.5558684917512197,2.062752106511115,2.24831518700978,1281.9651080017638,0.3419130257211009,0,73.47291878056949,0
80.39361229040213,95.21858302730736,88.00248477901837,0.6272003882624176,0.7239005916962851,0.17736621667499186,1573.7236256312415,0.07756002277934498,0,70.44732178594415,0
23.977675199187424,27.41767223052227,61.061254515895484,0.007946896548997946,4.164489750158367,6.636111856074881,1652.5274501801387,7.504848961675078,1,31.492406313580396,1
32.7268631500192,35.068026603843805,71.5434153024237,0.12315210902532936,6.412133899710861,9.238647506624382,3321.753248032331,0.3488528738238279,0,48.503288019765876,1
64.58265131575709,96.03433063850859,95.2254198447098,0.17666190945233523,0.0,5.395948060260195,1434.3402349112905,0.03709407770888367,0,98.32707027465052,0
79.82388700963828,85.50265578737358,76.76192350252485,0.5684103637505,2.074733938777313,3.0247331580900743,1212.0041867112243,0.04634408351118956,0,89.16606357665856,0
94.72554449626729,91.55685964189794,69.41658041363505,0.1874180206459728,2.875232490273457,3.9474784134602956,2038.439917805703,0.17899438414649224,0,97.86759567410144,0
65.49277192965512,3.656693969521918,28.056401626741412,0.055140093720284514,3.0444911979159035,6.81234954691207,3102.6649374225694,0.7190492353555336,0,53.24047341976611,1
32.293315321537804,45.98366784084814,53.09530971772456,0.08598860804379771,8.18445014729755,4.163273565056092,2904.691486492925,5.963495652000382,1,55.30685572541992,1
82.65846625276664,95.58578650890873,65.27662399655458,0.28214297415654244,1.705759176284742,3.7707183289872153,1618.9848212471268,0.1706772742425321,0,85.93871331437069,0
51.167190993314165,64.47690752188757,47.99293217307048,0.00453064419293335,9.881847930913068,13.878385933177604,2292.7327527354955,4.352028125511815,0,4.14355701925575,1
61.26946322650473,16.51205191087407,46.81686062319012,0.09131041670109277,0.8111249465701942,16.53182465922455,1854.1777839917033,1.3031979351789647,1,25.647809331655452,1
74.7561235866571,82.63461125536507,75.14735584421142,0.1,1.6450009300816404,4.702330935254168,1908.014602760836,0.3404581564914727,0,63.12203258393415,0
48.94101957679453,46.21506270146477,42.72627625670334,0.09915219155825074,4.890507208647569,11.411378779132558,2616.606911462126,3.2932267195427682,0,22.08302023411963,1
52.92999340400332,77.61194259593667,45.73073508348726,0.05265197410689487,2.513275478640219,15.699304849506948,1506.9605818072346,0.6448922524458052,0,3.539829147009992,1
84.10879960487212,79.62534441635323,96.27649366294233,1.3646107357671353,2.5844583485682784,5.012315310921425,1354.5706820339883,0.3640249914363221,0,61.32423164744007,0
55.543020717863016,95.28889432984784,70.12832539397374,0.05423252101814782,4.135757913741161,13.24555975078571,2275.0447902420565,0.42626987880765743,0,21.70066977360007,1
40.178608564513794,28.85776721383694,17.250170735519827,0.11477241791378395,6.079309548690141,12.502234089894312,1275.2578939898829,2.0486346686678614,1,35.605373422172384,1
75.0164595926121,90.86847764621218,100.0,0.8355136855348373,2.509215402028413,3.8049492325087533,680.1941935246699,1.199906293840578,0,57.053388798359954,0
33.44154528642968,56.550414358961895,5.317244256839288,0.010209267307999422,5.296114827781629,17.17595685316667,2733.628577384726,2.411636061724196,0,0.0,1
84.79098406035853,94.29207874856323,100.0,1.6805470429497533,1.409215483294287,1.2160832380965374,1434.9185193723633,0.4700936179221285,0,87.65803067676855,0
37.868352613629526,77.48961160819174,91.86243418926287,0.006525102120203512,7.0767720743192655,11.953640862724715,2492.733764723451,0.1232173951893336,0,22.33340156939527,1
71.62354271131775,41.32096293953875,66.48938720777663,0.1545509150902338,1.2620518483462475,8.663363813133676,500.0,3.192426706499713,0,38.87843892963071,1
93.13509636000639,94.4624824508149,93.97291706909674,0.20848444032609997,0.8769303657436521,5.003370090337576,1592.2443395064859,1.3243789404820592,0,62.29309272151877,0
87.96984673233186,83.22430921345338,68.28173426615,0.9007449453855673,0.43377808201628015,6.459980736877366,867.7584236763324,0.20697797134808632,0,90.64899122220856,0
51.4028718824612,9.425625949910899,79.28360711353703,0.017191157605748835,3.343193556503498,13.314252460750062,2009.3091195014113,2.9329610129086534,0,0.0,1
28.516462779187176,58.97120181697297,51.98756465251601,0.08574325717336087,4.543697301423531,9.647387498717725,1981.1826963962772,1.788815790051097,1,52.56427996309989,1
93.2940558118349,93.73143985946821,100.0,0.24126819898719315,1.7212806124089446,4.123766705774271,1294.9644812085965,1.3503850429849282,0,86.90623474764236,0
88.24083969394795,84.99549838792376,97.90117917601161,0.47440158415414646,0.7255633931918037,6.701704661398011,1008.9280142175771,0.004642278409731189,0,82.36451837661416,0
9.740741262653545,0.0,38.97220864618076,0.13339190236375817,7.0429162080307535,12.190691578489183,3758.508817634322,0.12912254103943643,0,7.54417500507182,1
85.18433933065393,85.71229243908762,100.0,0.4244597115474032,1.3576656993564815,6.391062776173419,1558.1708869623037,0.90238027604743,0,95.9325117138299,0
77.32202434895872,92.2969933216146,84.71208301804835,1.522322122757454,2.880981236508506,0.4412021389855587,1577.0606130592098,0.33375535118153427,0,73.79826944792306,0
41.50518996459164,90.02269979722288,57.13359888801275,0.028485350638450774,6.010786752440927,10.697946348020254,2378.909677139406,0.3357232247013581,0,18.91974004091507,1
61.45406439977959,83.34995464692312,65.50774543713011,0.021355432925579666,7.13728443918017,8.490577059380424,2577.1443036228034,1.4888859309985905,0,57.55849971033655,1
46.116520551502546,17.556790607969187,84.40027462994266,0.03941811910992565,1.0732827134689589,16.228173676661463,1242.8086499389815,2.133961691345805,0,20.03450690444609,1
82.24948302848355,99.57305189316521,100.0,0.1,1.4266351806838993,0.7459901582665025,1098.6244386001986,0.4294893853776916,1,83.1179075160062,0
78.1894834252512,66.47689092268575,87.17639144697438,0.8542681230521889,2.077522788350513,5.706403090103109,1563.237950346724,0.74029778646372,0,91.21319188679689,0
73.9347409125833,87.1746696575145,100.0,0.1,1.6785224437981576,2.7335372065700456,1448.6946078064677,0.04612704044303475,0,79.8877880488888,0
97.37816311973462,84.74484576822883,88.832132044435,0.10923083715377213,0.9271652509793277,4.427617587882127,1966.8483152013189,0.27717622480168075,0,83.378850229754,0
84.49761890550863,88.45072432576225,94.5671775685356,1.0402555311912374,0.8659812423078299,4.557599624770921,1265.682910620524,0.11055564628063197,0,84.56738302520218,0
85.96995964992718,90.45319939917685,93.27401476744272,0.5983873622284978,1.3397179377646689,1.8526226821644949,1713.6831449498698,0.16047783117901748,0,83.07196815922876,0
70.87696298664709,93.39332757121534,73.12889926175833,0.22514740243649117,0.0,5.304660676353359,1355.596310698972,0.12023177004310903,0,44.52716940812731,0
72.77872191108055,80.56768167072158,92.02069634900941,0.1,2.535988467853565,3.2532631499938316,1551.7472026815274,0.40513645407923776,0,93.84466347710647,0
72.79156350028978,100.0,100.0,0.1,1.6460008244793707,3.971802068186657,1978.764379504541,0.40917481589187765,0,94.15573258634066,0
85.28744822934817,99.38499710069313,81.1620048611349,0.2681962219677111,1.4338279808828054,4.136743131935318,1689.2581813071147,0.2255968965249039,1,80.3018169437129,0
0.0,100.0,93.95874900354944,0.004011337863579812,3.6652318912797437,14.515756438785894,1366.4078882552071,1.7060437347198263,0,50.87891607264344,1
79.77139972846732,100.0,87.25595188760762,0.35725733270672216,1.2522802288095514,0.0,1499.3143385323744,1.0250262349795578,0,87.9933758034056,0
51.79889079484055,53.221240533897856,45.17997457797145,0.07630404299664403,3.177659879950311,16.88877672042718,3397.7133871356195,0.24459756839897145,1,39.31091270019903,1
83.57620514978707,100.0,97.9567890145501,0.1,1.1032974623918805,3.1426909461669332,1440.2177227340044,0.9357884541923379,0,75.86240060155315,0
95.73631749859771,74.1656015169937,79.37401134869523,0.11423014656553135,2.264215389765764,2.45308831193314,2084.9018416138915,0.06146544487697518,0,92.45242058519456,0
81.15444455770175,85.7383932827047,99.02145332730896,0.12188540500236045,2.329042313657984,3.981635293229722,934.9096964397776,0.09448838730995657,0,78.14161455147199,0
76.41642219818786,100.0,74.43261598074969,0.636764097232243,1.4196194235426352,8.071747070363585,868.2254805129605,0.3100789278228816,0,73.56444127861002,0
15.028592270351208,68.39137859103421,43.456373966346824,0.02246248255677366,7.745499332497747,3.081697703552491,2590.8171971823535,0.5237915162721156,0,34.10627197119621,1
27.367378091735777,41.49148792792743,79.0273364308021,0.09996236816256332,4.994169697170411,14.753746079498674,2928.5232410819794,1.2290089667022297,0,4.602639252489817,1
3.5131656453607407,18.318082790681743,82.0815444073576,0.025009088962868842,7.452209170668137,10.927869650689557,3034.067968381286,1.890913573842455,0,34.43751352116331,1
81.65498764159052,80.20847786590195,89.25227125027855,0.41532243333679714,0.0,5.076869914432905,1143.7004545790946,0.0596757074065457,0,75.67200648977305,0
81.11273674734379,57.252197490885806,42.17564390080471,0.17726447920925234,7.733493473388794,5.529514165495399,3344.833285166844,1.3364409649312716,0,42.21160031772603,1
30.006889235621614,14.698109842109242,20.13678905336309,0.03553618231099654,2.2815974626733535,12.050617856594618,2142.2205122579808,1.0644624260641442,0,17.45732123105151,1
90.5979044793104,90.65951802347602,82.15356494566088,0.2500708965940357,2.1471354155141755,3.311872086591547,2357.2028218339638,0.3153702263248783,0,63.51980939848423,0
38.32281226156661,32.46876138989809,84.32419247910664,0.17526520529048367,9.29647840391528,11.856969422505943,3445.4626351536313,8.06408181800797,0,39.79593667483977,1
93.81639756949451,100.0,64.96392212562813,0.1,0.7267296872117478,1.4744604486028718,1426.5887311371387,0.9908053009878126,0,75.00428568536717,0
87.93072473298682,100.0,72.87802281792904,1.3049887246049576,1.0224205706231408,4.1656651410362,1500.4439778749172,0.41786679183541314,0,75.18824207222,0
98.29152530132431,92.28443259886126,80.69692332112359,0.14291182327326565,1.5782506344746459,2.0471999026724053,1428.1941700510079,0.0683967749784581,0,91.24649942733778,0
96.89016531107552,97.35323338888001,90.6464971241664,0.1,1.6028939603239731,2.880907429421062,2218.666080670007,0.8156381367632672,0,61.81014301065029,0
47.29922464093549,100.0,24.18527339577712,0.07869736154725537,4.8398340035018155,14.608320949419632,989.1812698276747,2.3057454296206634,0,15.35167519038126,1
79.88784323568815,98.6403845257172,77.66694507791715,0.1,0.0,5.7523478633861505,1632.5883585323581,0.19816932794925707,0,60.52511090496646,0
92.12998430172388,99.50143510769252,91.79387148619334,0.21912215353974535,1.9353762818722777,2.999604365808009,547.7043577906011,0.05264241318028318,0,72.19054090156551,0
22.719236769011776,69.83156239887576,18.727176785149688,0.1524150686151347,2.515160652335176,14.528092894468086,2731.7358497105124,4.700354322968983,0,41.70436692434743,1
81.48486515958692,85.76757858122964,85.18455316051103,0.24445628654586402,1.2407454598328238,2.1901043341238675,882.0256311386398,0.4226382577363799,0,95.76161435708171,0
37.06235164891274,5.714436213903901,79.45007439996022,0.0264133010510977,4.968624066486124,8.743181290458496,2615.2930902237454,2.4512966485881833,0,0.0,1
88.14247332595274,86.12891332756543,63.95365162711896,0.3244220083708896,1.910891571384877,0.8082120628517728,1554.6986589596922,0.047780642163552406,0,77.46088342501064,0
79.33702270397228,83.96579319984514,100.0,0.1,1.4265241885320359,4.422793134941318,1142.593962992288,0.1984258753440845,1,87.1943797932736,0
60.39226525199686,37.04664858332856,78.40950336541556,0.14170993303075452,8.562799433201715,17.374186026488204,1787.211646437256,6.376301441281503,0,8.588074205067988,1
60.4854451746874,49.808148407887415,36.157308878456355,0.10320957642554827,5.406552442114926,13.977990127121286,3120.869898290052,2.768558724811983,0,37.603021239711694,1
48.88652762298598,68.36064632024167,78.10893420065014,0.3,4.636678145628391,14.361081244301289,2457.956670463845,4.051190914919076,1,11.554350061940944,1
88.7721187506452,87.71196622495911,90.57655819804631,0.1,1.4696855346265354,3.148488790696819,1684.329946161546,0.35135066175415064,0,78.70674352988821,0
92.85800158650832,82.22674612366971,91.16824097600404,0.40545837427483145,2.3235304807642607,4.41015067846926,2160.229185293139,0.6015084259542695,0,75.15386385984463,0
37.82228993411186,16.468506819081558,38.80868109054886,0.12671263966159182,2.7420734697336693,6.92968918186769,3916.766042678196,6.750554902550153,1,49.29633376960145,1
80.53485047932979,90.84300404916767,68.82250777739503,0.6981083881060721,1.9544825641029169,4.779209048183976,1595.9430983397187,0.04380054189917373,0,80.24561362896941,0
18.612263390024186,47.84594739751264,63.40657377964739,0.04551420716270664,3.348461809063684,10.107267574771546,2777.8907228128996,0.55215385607879,1,40.596237086047104,1
82.52822617479403,99.51130697179714,88.86444233540495,0.17695809153208517,1.723267086676148,1.5349193775594396,1980.7726678158174,0.24686743832412505,0,74.00344232835414,0
0.0,37.113268172903524,46.80916406725098,0.0025086170131725493,3.269401449730297,15.098502541100602,2355.891516472119,2.1202649526836157,0,21.66761445010555,1
29.815563739918144,44.38300245925325,52.5499758304165,0.044819945381046486,4.7025408243652125,13.25883976956304,3090.347941009724,0.15160311583907113,0,45.50225885771631,1
77.26210800896428,90.98136252795837,80.74306402554144,0.24074626721351444,2.171731091544951,1.1778863378678364,1138.87642921488,0.009530699111048096,0,77.6802544015875,0
91.25667347765007,91.43915320922783,85.71953157998206,0.1270066785346775,3.1122200883685123,3.411088484823932,1635.1822216580101,0.11349458870736044,0,98.45690071639963,0
79.3981895980303,97.93633879629218,76.02327247222705,0.1,1.190110428357751,2.572830660185649,1483.8664359143825,0.1290109766511145,0,100.0,0
74.62753845673544,100.0,84.6524448360183,0.28349651529765896,0.8767258084986396,7.237575279321736,1262.3156510473334,0.26874401558190225,0,94.7172457335553,0
46.2582132057017,63.050515877769165,51.49209429882101,0.07368791053713841,4.9065010921945955,9.993413284814169,3369.4071816212518,5.409922758323672,1,69.35160410088636,1
66.98246481673468,65.41448380768178,60.704682224023884,0.15081215553967356,6.918506752898076,4.815208978661794,2486.5589472178076,3.128275568576135,0,0.0,1
53.79470963494208,69.58664120811837,25.290383231498225,0.16361443621210442,3.166722613272906,10.07856131003458,2967.5910309179694,3.9646191681442557,0,31.049427914175702,1
50.829948719459146,74.39592229059544,9.35962053588384,0.10900791157177764,8.80177757920737,12.32154015505462,1876.4350389982142,5.317160771545254,0,33.42146648450888,1
75.2244475520145,95.04649347643821,61.36839552702958,0.363127936279084,0.22170229240412978,6.1642246259862805,1891.3831222666201,0.2614189907779208,0,82.40403286126364,0
19.514601551918908,30.878769292297424,62.370767230242365,0.0786772585948799,5.876010517037454,7.501377246668025,2480.903225352438,5.352951414866874,0,37.83118533791589,1
20.35400900525823,37.728177627660855,70.237747405311,0.22798966969932205,5.193795752068629,12.579061964470561,2767.3009978705877,2.17313550604904,0,20.57118500339589,1
90.76556963055766,89.03241481113774,85.22960351386277,0.1,1.4521390851760771,6.382171709546954,1259.8457228515576,0.07815771501756118,0,73.61273002450173,0
89.73832920911788,100.0,84.1874188389252,0.1,2.230778985613925,6.0801236398051515,1833.4412819349393,0.6588282159476827,0,79.86261442198017,0
75.80267771993837,95.26306196052484,100.0,0.11367121708778596,6.817874993777199,20.011788336305145,1879.37120854992,4.1839406902424106,0,42.303212649503386,1
6.815684039509731,100.0,66.53326782588555,0.00742267104693959,4.026828660598693,19.78931394761713,3419.5816486628237,4.084953630755441,0,13.416763661910158,1
74.87168879665576,84.78865597108441,84.82582190427267,0.8593367431283085,0.7857699876064927,3.4745065046269916,1970.8739852737356,0.2900170904922688,0,89.37977501032255,0
39.53863887600496,15.958124238409226,62.726360952607195,0.13259418809845286,6.641817042338214,10.849188447483535,1801.990978715491,2.401944766200505,0,53.209842638873916,1
55.909204809645054,39.25249736980283,36.45392097478811,0.2486787922553477,4.564098187512923,19.46290942387383,2014.539726570881,2.023133714053482,0,8.357420907381986,1
0.0,65.70257424584263,56.173407460380695,0.05503622342703573,4.018808516193137,14.939245374041668,3226.4722386097114,4.533747943411679,0,48.88040174121483,1
90.7707212718054,82.01291648649367,71.46858999094916,0.8741555120494632,1.8784306257281722,2.4565183708064353,1454.1762290109918,0.13189138405797765,0,80.33525832449548,0
24.582141921924734,22.832229715381818,56.84717340311385,0.022359403277005908,3.6674732272784176,15.961198188398097,2977.9783471174087,1.156194694837433,0,68.68340812681265,1
86.98084760767856,81.94765947776287,90.06207207752237,0.25770094340727695,0.7973893977412266,1.3004538612375378,1193.5819190398402,0.25884946859860014,0,75.4771055634598,0
52.028198735253085,46.76756357411231,74.68858310817163,0.2772063865021342,3.1558939056451463,9.49185396340062,2014.6688473995466,3.483574529950336,0,52.510100996888205,1
71.10833692839562,76.12640363078015,69.2775657147842,0.007391857428287022,7.921360664258274,12.725911527516224,3106.187291367923,4.1528352490482545,1,43.587014273225414,1
44.150838680095625,45.335668673615885,80.43828559826567,0.10628270922972523,8.564048225402946,12.803297158697895,3314.899608027049,0.1979110499113506,0,36.45603588724619,1
60.038949090263145,52.0716210467249,46.00222266083321,0.11688762303936429,6.8150646015853935,10.135567201823282,2003.788562665857,5.61685918309836,0,54.66356961998043,1
89.47708560017315,91.78591131303328,74.72447785106039,2.167416792160197,0.6310989606548721,4.404560815242438,1707.2875801781647,0.7827202601716199,0,77.57349078251495,0
32.50563683527028,70.22471523072522,70.73895915164589,0.1888283644710513,3.5104876864312224,10.044800806596275,884.0590608461799,3.934578646719488,0,6.422676991006755,1
72.62184501173151,97.65361853435667,76.22601362632382,0.1,0.9362172515112929,3.5606610952980797,896.5776127148574,0.12144343892208617,0,91.97850009665885,0
91.81500697372624,83.63179314557209,66.56960209679066,0.15678143550541637,2.4544903566808225,2.552070539064425,1541.4152615796702,0.9296218368007683,0,85.00947724514286,0
8.684051835637177,46.659306756830716,38.83678801308714,0.020694464620238055,8.171358346201519,9.081708267118437,3209.847169967797,1.5002209650282197,0,33.17220655899477,1
95.88950596967366,88.9614344021326,100.0,0.1,1.6589440076379256,3.5246333660780316,1937.67181900859,0.06639173187790935,0,88.72585047455759,0
73.49006422577698,90.3040278253456,100.0,0.9191385465563265,0.48840127443602743,4.6146912334159405,525.8750672868447,0.38519699859535156,0,64.13245072084648,0
13.057122604590727,39.9291642881299,57.651814409670955,0.16907660390401114,8.561277198955416,14.801988252632652,1815.5738640755073,9.423538024850183,0,36.5623138496693,1
71.19898541785109,100.0,97.91256605729808,0.20124892145078502,1.915921711623002,1.853343935554209,1368.8774160493908,0.35162708845251,0,70.26502219290263,0
39.00067574624656,14.375720704614697,0.0,0.05033902287068331,6.38739591002629,10.12830511066701,2614.904667190558,3.9154738480449396,0,26.378000209486146,1
28.958059179507888,99.85309351836099,87.57321054864528,0.11716067743126664,4.411753639247661,11.117749862364043,660.4355810640811,1.7054705957660405,0,43.57455986588136,1
91.79597748934675,100.0,100.0,0.15779662321674778,2.056934397727431,8.084355821069462,1577.7333853352934,0.48646953692145284,0,65.32965464716148,0
65.40329876120225,78.28500095832143,81.89243649151001,0.5757952669500004,2.437374331772928,4.482480496813459,830.212215818702,0.0976923557345859,0,66.96848683140635,0
70.93338903151778,98.00836874053712,85.54634534816654,0.1,1.2573199460182927,3.292628480865988,1778.3728403763398,0.17689654641907773,0,72.02882898292363,0
18.39859009741526,75.69296871948833,63.69183855612499,0.0038654495321435948,2.37652661550975,11.064481586746526,2478.078167306797,2.5666798921532057,0,45.530955583073606,1
4.0486041172737774,89.50849427057423,26.590620832403566,0.07812571472052847,5.110416017984666,11.74240983750117,2462.7001878282645,2.450072307373718,1,28.356045677161333,1
79.2418175935532,93.55682134576112,85.48823416504766,1.5457464948642112,2.6395966569975586,2.5226050033408747,961.916131676559,0.23756545528065126,0,70.05253114810726,0
42.17835167481319,20.57420921367322,96.91058544610183,0.06147748974796874,5.258893285094889,14.456423221158738,3265.9278761857518,3.672551122451442,0,18.914641571011654,1
17.791230638663336,84.24452754905947,50.06612111663339,0.03721681974810566,5.377224683950024,10.365310617175833,1611.1009868673796,0.16265454289007641,1,31.600416275781388,1
81.25179192450403,91.60927724698271,69.57313452151473,0.4149337359383612,1.9112500419398206,7.273479923661281,1746.3868024187352,0.23092934526780684,0,100.0,0
18.614670716212565,50.23565901409433,36.92317237719639,0.005616994117551399,8.234717394890108,7.006788792522728,1720.092556288767,1.028532608443868,1,2.8142582662513194,1
72.04921227936384,81.45973668596582,92.7751245993617,0.8878134324463295,0.8245407702535429,3.959802496460697,2100.337212112151,0.17066679463520842,0,90.42003686177877,0
26.99760677397738,64.0393367642776,72.7278597408321,0.3,5.9285274864715864,8.998964769233053,1875.9654734800383,4.0454304977105675,0,3.6445530482044974,1
52.143167768465766,54.5728640905064,41.39313917688655,0.027196893485275778,2.896904883319678,11.782981588543409,2601.4164809136905,0.9050802572667336,0,21.59818852363933,1
63.17238986891839,43.31707442080478,59.65232552189838,0.08870027683828188,0.8944351336589493,17.856805090094348,3422.3473415798185,1.5567353564134048,1,67.02237371278537,1
45.06464769064993,62.81359070998504,55.853597333505306,0.026665469556188398,6.466696014356362,15.449562303670751,569.9593456641512,0.33308160703493783,0,30.88696176293227,1
50.91727624682453,63.75321203044698,37.059021559736486,0.003887765066107954,6.258170818028001,11.953559542179827,1413.8410185059583,4.198463769530315,0,40.058544084262515,1
30.665364216870767,21.67394131556345,52.4648042569534,0.18545874082572067,4.858732040696052,10.254839236023372,4044.5266072450077,3.879124677864893,0,29.220454834676833,1
0.0,9.043858522636661,82.8465599495555,0.3,7.880220240138348,7.285235472814981,1379.4641160907618,7.77426879870901,0,19.333824865498723,1
35.20042303481138,62.17105172418727,87.45836224438541,0.05782407660272237,9.961301835024287,9.011130766053025,2774.2827726253186,2.4101301866971205,0,34.28197404799784,1
94.38283805975998,100.0,90.20601419587005,1.1998382485218566,1.1322745821816025,6.372290948084598,1147.9952073236946,0.8654866818776449,0,54.36160401196106,0
19.583727387718213,70.12356434093368,97.80761718593999,0.01617526940952,7.196471607046853,15.547810429892687,2270.9588776846504,4.790520154872196,1,53.04651522260772,1
75.25318329772679,70.00475428101142,74.66250451675562,0.1,1.2760053585004163,3.2286547380443036,833.294637284321,1.13077964633498,0,81.21915751386604,0
88.42725346377703,72.91460628817043,99.18629877112461,0.30877279100668586,2.783471286646877,0.4618993925212025,1099.4741383208132,0.09962495945515502,0,100.0,0
25.211715310111593,19.787944893273096,44.503825104219274,0.0038067079053508354,4.62163932968216,17.801361035036248,2310.773398323101,4.47182240626641,1,42.55236812840186,1
99.0934744018558,90.61481506367015,98.14189565421187,0.5861124828976646,0.828885860779411,4.075393146247846,1581.3437839995072,0.4920771511170693,1,52.355946406284865,0
43.674993719219245,61.33054755707243,46.57434063296558,0.023009071544327252,5.222537038334979,11.093226920405122,892.6277247795507,2.704300208683698,0,25.020425138882292,1
87.23787951638899,88.32622501004377,79.98664532237336,0.49898903199275907,1.3738024134148117,1.1274922701437644,1130.3748770635739,0.4695227227374381,0,68.50300353470318,0
100.0,94.00675579955566,97.09506219908343,0.19345997580578914,0.3438357884702195,3.5656823857262867,1441.2585914978797,0.31655344963261883,0,64.05445590719422,0
78.1997527842151,84.88830601848399,88.25063785955155,0.13164123188918736,1.8033224949808992,5.174524826928353,971.648657849073,0.18470708595406743,0,84.98122192125216,0
48.7178091287584,0.0,75.40202610284847,0.01116500856786586,3.378684888602655,8.16059879113482,1261.9751341804429,4.081863692472417,0,34.70059163938092,1
40.6626164463905,1.4357357140648397,60.88292921211593,0.04658900156477406,8.10670939811179,9.447879337390502,3229.4508748566413,1.2025892586807578,1,0.0,1
76.69049883588963,100.0,72.13050451907716,1.4140944351988984,1.6010141889872544,5.517648832327218,1046.3919256260167,0.48032282756280303,0,100.0,0
74.64940900337855,53.64042492067228,0.0,0.22244044660525739,5.807880832136609,14.343251934218623,2302.96788591296,4.999896371331827,0,30.841753798677715,1
33.47521965358805,30.17163340965158,53.76333571691871,0.016391156857811257,5.69477968341711,17.787291360446137,1884.832069860166,0.4696415889625115,0,39.99472135727624,1
27.949075145267596,60.21526868909793,92.07082165964769,0.11155697805638387,8.032694931598394,11.480836683181225,1984.3022951372216,2.634395382244235,1,61.50527206254777,1
76.9772273077838,88.88328297475861,100.0,0.3308441917498218,1.9660570550470442,1.5614310669556124,1786.197238707794,0.302721536102501,0,69.147700663703,0
18.706286935246595,57.11416976186316,39.58174725108996,0.21839799417580885,7.812464718525106,16.540147428406957,2969.4812310278944,1.2320034053007904,1,24.329093252318923,1
21.93725220140118,35.11735755765044,58.07546683816889,0.11944890855945178,7.775931167946736,20.978729021721023,4470.41095102002,2.124626243928761,0,67.00794597778588,1
80.40639100459755,91.4115324422178,72.16903366481479,0.1,2.295557900407126,4.863263259275195,1431.3305384300866,0.3848718194904649,0,70.11464260010494,0
36.54157222762987,24.036478574106102,72.50524618796914,0.033542837024757764,3.7402275248545696,19.47213169983644,2707.583058469181,0.300329857481922,1,63.95715532302728,1
31.96097753056029,50.770178374948756,31.247385771358772,0.14850950627791232,8.028495199961775,11.188126627408458,2050.914609980842,1.1131910929183446,1,31.41343944253937,1
91.11676288840867,92.08539012659125,84.35528765468003,0.1,0.9321688062131719,4.1513898800101865,1021.3768285533254,0.4659771871305962,0,87.65901035615471,0
88.46448209496975,72.77287909117028,100.0,0.1,0.8819450009950072,1.1998585536339816,2392.5995644110994,0.9755740700667624,0,100.0,0
85.46980593764742,95.75162648532053,84.74013867608735,0.3255144406058838,1.7108406495638278,3.917414625985434,1069.4475250391765,0.8957026810519648,0,69.34795089743926,0
45.32326045852939,30.08046918327062,45.85548136744984,0.2939663959232721,9.286889637087295,11.765571696870111,3158.8368958735787,4.360366898342251,1,33.36115035216337,1
90.1378595091221,84.69679265959242,92.26736018542792,0.1,1.522766064946527,3.9020699382830997,1568.5877270361564,0.43880526126764985,0,82.03783852349436,0
41.912406893028916,100.0,100.0,0.10254551934393637,4.132976357592933,5.211615426842179,3035.2602035970917,0.055560971346104104,1,79.1669652867974,1
26.92593132004186,62.300101352573996,84.6251745895754,0.03534228777265888,1.274272827097528,10.66090670118069,2950.1758880656635,0.15894481880240413,0,45.04003778133119,1
37.36700131310354,97.2320613562563,49.61080141452626,0.10558803776365039,3.09964907586041,16.329514845293772,1445.278894021227,6.934269067726871,1,77.55836149514514,1
80.30525614065049,98.39642172255468,95.91094802118886,0.588846020978852,1.3685318352916869,4.972369583123878,2739.319773628503,0.4663526398865226,0,67.43928815476299,0
49.304731677824655,48.41741943046658,51.0212632115568,0.04489324912421224,7.691750006355433,12.551033620696149,2871.60173217137,1.6532579615178784,0,64.14875898740873,1
17.40565277230887,79.43021968542287,83.16084291865076,0.04249313128026416,3.6641166590809906,9.779499376785552,1140.4563843139854,1.0671824238859886,0,25.599096296902633,1
18.995545292001925,69.33869037767545,45.28732332202868,0.014644617724820822,2.6663544609318675,5.016123870100072,2973.682386561993,5.2135892154889785,1,38.545944262946165,1
75.14273953664457,91.92602543590854,87.19386051940774,0.1,0.026481781633714004,3.7960105667281363,1413.3907209855306,0.20083091843171252,0,100.0,0
95.32465260551147,92.99245255878057,87.85493262584734,0.1,2.1127026235844917,0.6154583367133428,1987.3920859486745,0.19257546925904337,0,70.75893176995514,0
28.379513315838388,1.919592844756196,62.32522018146638,0.02359566693572683,8.33559586600903,7.3260364316029305,3156.461449335158,0.747743973850612,1,38.895480112561344,1
83.32881919683146,87.92963149866318,62.99064472601694,0.1,0.6703471411440031,2.871607640279027,1506.449915160189,1.1073976123107838,0,67.35052533072572,0
12.541706451048587,74.26156592266665,34.46784039817852,0.12177326529913785,4.200607018328018,7.047355422658165,2909.2840722952164,2.3163090429715654,1,31.397947972972844,1
100.0,97.71881306477967,61.14122520010034,1.4241582784253395,0.8150641274705999,0.53947453903131,1654.299987272678,0.39321413238087594,0,76.29622508765819,0
24.925553263410926,57.49179943344816,47.88724239151944,0.10675120849440706,3.918473290045556,7.869429207511769,2397.1591724918962,0.4898676382479892,1,35.088770452196286,1
19.78798671149722,67.706655491435,59.8449678441773,0.10588071413960386,4.777291195228978,5.623294698929586,1747.2181909738265,8.142852361227492,0,61.689647014870076,1
98.45420046154977,84.65484731568804,100.0,0.24973445263356514,1.4511394629180991,2.952848023186834,1460.6760610182496,0.18131435516013775,0,97.22136299596148,0
87.32049937357637,78.12081625240077,100.0,0.25710501962915,2.5175139375509255,4.907171047018436,1513.9230161999328,0.40407995138441616,0,78.03799109409566,0
50.40100217835172,0.0,85.89858005570258,0.02727131760627044,7.764866681810865,14.39857456290014,2106.0447100702268,5.713510447124758,0,20.92333483861074,1
52.58732659930927,94.31004793957095,100.0,1.0033275014712986,0.9095543330708867,5.458127290004729,2050.8723746018245,1.9679221920177405,0,83.70359095124918,0
65.89682924836518,63.865967703295176,40.09188277270198,0.07830992626734348,5.168020381848702,4.553946557363199,4068.8834330331733,0.7599291619890671,1,34.441044574434144,1
54.85256205958859,27.65416948402275,70.55947796182797,0.07038751620788579,6.0759673443018825,14.87224817534881,3540.8773547724973,6.297671387326545,1,0.0,1
31.47731604578443,22.118836590579647,27.044201516099214,0.22453317796378142,7.876391170417497,19.315899025017412,3141.2841277810967,1.1418088444550918,1,58.002573567872645,1
87.50492850345877,82.06886120434955,85.88974714681514,1.8382896273127105,1.2204485382264352,5.965366285539883,1997.8260641421023,0.07720617102234843,0,89.57814975901398,0
69.84808937801448,88.92786266661666,78.56816760838021,0.46040889922899225,2.2981056615361957,6.505081462058461,2066.564716680117,0.19601315521817292,1,55.95174730078856,0
81.64215300709871,90.19375565338207,100.0,0.12722513987642767,1.581987713726566,2.457599400901419,2041.12021395869,0.1853618073947295,0,73.45227705101685,0
7.610724506878839,17.758097550973606,73.51053035119378,0.03525277963699732,2.9144498864871617,14.202227731304927,2117.046248848647,5.257899445897557,0,28.97561711893635,1
32.03554222313758,77.3640613653449,32.86683919454849,0.017783098026035112,4.895104600701762,12.831718767846697,3372.8223273531817,0.2972212785325212,0,62.14682991432567,1
85.865897874729,89.19876738816038,68.9682002531445,0.2673381245644393,0.0,3.305627009775475,1555.6114747812503,0.28046574653915113,0,65.1720648820115,0
45.02180018617544,54.711339910732065,71.55765355920755,0.05652246802516118,5.720261902555126,11.491348814823475,2965.098447471139,1.5897235629472966,1,61.47521076024536,1
100.0,98.80767707998857,100.0,0.1,3.410697594296351,4.90099144755607,1919.3599551254165,0.5971616525285944,0,78.05490421957099,0
100.0,77.79474948343925,88.30466104650893,0.38856763145234596,1.0212499355351625,1.0590208975374988,1864.0863134658982,1.3884153278113518,0,86.94952265351347,0
55.60877571273583,94.43236920076134,59.34808779937881,0.07917193502591761,2.188280628269069,12.962323030906369,2212.195986715494,0.7857336961973398,0,32.99907377792667,1
49.67900956728477,43.35189514818917,4.654381092973054,0.23819633492569803,6.877142134119879,14.451536287052734,2324.378734042288,8.831612610317128,1,30.997308915437248,1
72.63049289121918,81.22979930483838,68.78915225828182,0.1,1.5480687956921309,3.0804707683390475,2169.376754249194,1.8189436646904837,0,87.20095426856156,0
26.223000190436572,62.27509864894384,69.7034487835665,0.06856457346306728,6.7092546211014055,11.400134835316555,4080.5640809840593,0.8652940855688833,0,4.397381425133364,1
21.92515940386065,46.162482610755404,45.31545637463213,0.06717379260455142,3.424897118742587,19.273114814971287,2358.659925833406,6.116603898796358,1,31.03087120911928,1
85.05243699718183,99.48563323730397,81.43983898495281,0.1,1.8166390789677975,2.7291802395425258,1933.1999754067474,0.22619928113053908,0,90.18940729973524,0
84.17848821607431,85.23470964765207,76.61300175010196,0.1,1.501295225085553,4.040834334425837,872.804693775893,1.4393204203483652,0,65.98109157652293,0
31.871814424143945,15.816838467876105,41.21210674742549,0.07829550121432274,2.9905902785864082,8.250344846254748,1750.353858827093,0.04341470711880825,0,40.669532080379646,1
83.55639588076058,99.11902848903236,94.6390146398174,0.36658024670382466,1.5799095635273703,7.536338586119567,1315.4931798006771,0.12519381877668942,0,57.733413977098614,0
32.466719453046736,60.20240146424861,65.3438550736847,0.030775852039044663,1.9878341791958634,9.969228919279633,3235.3489229415627,0.5805417516307795,1,37.63045460156312,1
87.13979910734221,83.19583636632561,73.14805093207242,0.29172810626817514,1.6685347721624886,2.9228526534067516,1356.8688266234933,0.6056066914959851,0,90.03627815401286,0
32.12836822575731,0.0,52.15008617900934,0.14168648908124162,6.740120433814968,12.064146652053914,3350.748577493968,2.1460367499353827,0,0.0,1
89.73237624573545,82.14010085169352,70.91251417059826,0.20583285530942833,1.7845351588505836,1.055925853946417,1678.7926868039408,0.44116493550206193,0,86.15574915180338,0
23.06055944197769,70.38985611490408,15.738123865800736,0.10850862262535632,5.870096743280889,9.145150144537592,3126.774484967134,1.8486256250281698,1,61.76499261524151,1
37.55854404749159,44.91704286456233,71.58183453161195,0.03995635396509287,1.9898682861925905,13.499630745203103,2422.2483649412507,3.098804610902385,0,0.0,1
67.21279751095722,92.58463418492823,98.76479436264559,0.1,0.7794628939900159,4.479255036477996,1546.7320696688735,0.342807290468021,0,79.71022543592247,0
86.84633858532304,91.00461162777233,90.927438374902,0.1,2.7224250875102665,0.0,1181.5743449117465,0.26501350791654515,0,73.31363810304727,0
71.48315394383667,95.42300255624725,100.0,1.0865302700153756,2.112994380032408,5.904923941072338,1090.6987106497663,0.1788060061113005,0,95.75479328414532,0
14.407780578211987,90.63325772687988,72.86374403658765,0.06020534680522495,6.8931027228469475,11.149241062779526,3134.9114354640824,2.5724285232543354,0,24.71166476686945,1
89.25457561784965,78.96305468168856,100.0,0.17220457637370562,2.1373615416565936,0.7532349401175122,1248.315140188223,0.1413610196251667,0,100.0,0
86.53725105945527,94.41991963533718,88.22977332898903,0.1,0.0,7.27159561227163,1272.3407205309863,0.19949734051841372,0,89.44609271613108,0
70.89049696784424,82.6991048137336,60.31815302979462,0.043067297409230924,2.9162261350452634,15.842960047296142,3000.061437603258,3.4287224731836434,0,39.804612515408955,1
95.44160877069072,85.26028592677685,93.49223903264263,0.24971358204079722,0.19493191166634133,4.092012773472682,1233.7226140425812,0.599020969190546,0,73.49014306676065,0
81.1468640313824,87.52706828637999,93.55109551424741,0.1328512498118268,1.7377954187040991,7.215156612799021,1938.8880766425755,2.149358394325175,0,92.89446180282269,0
93.49602097021025,96.70792619561314,78.30081134030888,0.3130592567736234,0.9414402603111602,4.271849134436696,1628.0866311795317,0.8802562476594792,0,55.92942485303282,0
21.226111331095304,91.93098982436142,27.8130457971908,0.11400567377602232,4.006073734158997,8.61461203394936,3954.7715027052745,2.643931884323796,1,41.905410192245775,1
69.05572341205632,81.62471213854448,79.33914935995296,0.1,1.16669975550763,2.164047790778528,1490.7797775658134,0.21403226075968498,0,89.44040950143338,0
99.02794310936099,95.10984177623348,87.76887544318727,2.319482619614794,0.36778624646064995,2.963494722277595,1702.2941729891195,0.14479538121270105,0,70.9949201149027,0
57.729111486496905,70.88333588412088,87.39819653934377,0.14094161558553206,3.7391096184136403,9.493999135826693,3124.807163685721,0.7918335017121789,1,17.214956750581642,1
95.83051243175277,90.97838002425827,96.63709530577819,0.1,0.14865356962619058,0.0,1715.1072761473936,0.6372263709960044,0,69.50598786946455,0
18.436388722529838,42.946876421556624,0.0,0.06467079939971258,7.569833569750166,12.387464129903503,2872.3072614553407,0.45623471177977376,0,53.516092831921185,1
87.3421473253652,92.89202820164881,84.40194164470144,0.5428190178299471,2.117436941788529,4.953302081601115,1484.3351538228962,1.5465364286882475,0,77.17107756278767,0
80.25054688839043,90.27266774607381,77.21459142012246,0.9504787628013318,0.8524953431337967,5.431468482341681,929.2693692874631,0.04984621048736349,0,100.0,0
4.317506131022966,43.042243603085595,75.5480370603975,0.3,5.6685509321530425,20.929384132742953,1903.6853343698162,1.2183825475682724,1,5.794281878823759,1
9.079026143521434,45.427460814401826,79.751530767909,0.14001892910626643,4.202815922172482,9.946413276895754,3380.6398443381736,2.6779956807774994,1,20.08759065655653,1
35.18453985990938,15.855101798726379,19.55900606931485,0.08022470427625897,3.759954101846577,12.552590225470304,3360.096599185405,0.6741729086100063,1,23.00556308137238,1
15.384703126749246,54.08569550965328,47.20731018831964,0.10555947981905596,4.076048804057432,9.880886991877126,3837.0832672745023,0.4171157895558743,0,34.33050379346188,1
26.46800727427926,57.02321242369566,39.88202833411305,0.04689434921260381,3.2581534602599795,14.259456528623836,3848.051476266547,2.2724410461068754,0,31.23046362211017,1
28.9684038441779,96.71317970182727,89.24670558404777,0.06133523992712592,7.531045842837081,16.342687636734553,1577.678445082094,1.0154286670059576,0,5.207807752979945,1
39.193721271489764,35.299537024075825,63.22228841817602,0.049477036996003594,5.036236955251742,13.892786332900904,5000.0,5.495944079475686,0,17.493528648179094,1
42.70425304518709,47.495680780331085,47.895302946130535,0.13718893129820917,4.08674242855619,10.979175462241502,2523.3215298600103,10.0,1,18.004099939541106,1
77.40867338446301,95.93676297607446,88.39356394493903,0.1,1.1126608390010104,3.1707461988562735,1347.404234070363,0.1461511176082491,0,74.37336507584654,0
39.52476177334843,79.62907578598352,46.18517257338982,0.01858767807577648,6.224313613911104,10.880135468773885,2157.118210441032,0.6978023991335338,1,28.52817857437937,1
99.20504247989855,98.00465854434383,100.0,0.9052943941290196,1.3194748954301987,0.0,1158.6018079754633,1.1475580625617041,0,91.72913803177877,0
24.16453527976796,56.2076368933996,20.621265198992422,0.18630771863069054,1.041340610007195,15.43340493202156,2325.9076618258664,2.298698126826895,0,28.378956624992846,1
85.81874139386322,100.0,85.03569159104804,0.13756827230918525,0.9960923581089517,4.9755496421686765,865.7497172921629,0.022959678090591403,0,97.06665171002993,0
100.0,100.0,85.38344925529151,0.25485693782618823,1.1137379273544654,0.4520607677757411,1313.3703715188894,0.36895143212469833,0,96.07520560835884,0
83.61735698828815,97.39706946330215,86.26577595141379,2.0542381689356004,2.5426224298528513,3.659483506408189,1537.8484178677431,0.12518900055691226,0,85.55510400993269,0
85.60230209941027,96.96054184551004,88.49103010474866,1.6869936262375718,1.0551050025913755,3.216246469226267,1471.9118553929534,0.2826793542635995,0,53.30187337687749,0
94.240270192069,94.11126279727132,95.46483988367258,0.45727024098574537,1.836559704814783,4.268332831991687,1408.7977092761128,0.2060264611347535,0,100.0,0
15.452717650325788,50.882384768630395,53.06945721003936,0.3,6.838816857507294,15.016751844129614,4481.54330697873,0.9341363979371946,1,8.587166809403865,1
88.52055396514297,100.0,97.32888823317414,0.3555477156091545,2.0611958255397718,4.197867574057767,1088.8304939957045,0.3966075126193598,1,76.81633535240104,0
0.0,28.046957409863683,87.63956789526308,0.0009551674769351912,5.997828801928829,14.53278071468766,2474.4528879593513,6.032133087039593,0,0.0,1
62.22013409539547,69.07855751774143,68.66474314221597,0.0001426745605168217,5.883817844328405,12.969851886890844,3160.7617671407565,2.48019236550297,1,17.877983451255396,1
27.19181627156733,37.519950043101744,59.24861777628707,0.04532280279268048,3.1120299693042233,15.09909356029743,2059.609391785896,10.0,0,48.45440975720282,1
33.969816124921444,2.4060148588851638,8.343851628760264,0.17453403284217728,1.8595266918363107,16.88960864660201,1967.8877605724701,2.9756481084899833,1,20.330758176620712,1
59.90082016446513,43.047003390841645,41.20812154883305,0.3,8.032576901112028,9.358474517857843,2321.947943382869,1.0018829991104523,0,60.10646379061877,1
36.909240827165924,42.85783629769341,42.565761671493426,0.2690162248290093,0.5600218248872473,0.7267828551912849,1840.6220485060376,1.8845911123447343,1,49.47598832888842,1
66.78882567123397,54.44574499263586,45.87167655510539,0.0007620377639135489,7.009658298966475,11.34194187281532,3558.3786466764345,2.453771675688867,0,35.89004164638473,1
28.30792290939409,41.34739320549962,72.69195610068107,0.09813849320205272,2.4170888710260714,17.40435578534801,1505.0615086489265,2.152324885462246,0,57.62598100499493,1
84.67305251905907,99.3877908598826,100.0,0.3027363692319362,1.5068448646594799,5.915864110431368,1247.3393901945424,0.6965180519044271,0,85.03770897080103,0
47.73106413746529,29.129252236333173,68.58142412435683,0.004680508125128268,3.142527368934431,12.2173611765675,1741.1024790328265,3.682422224643096,1,14.471317787282292,1
54.075205116227075,2.6991606878582486,24.431243031545627,0.08591069794395337,4.717516357862936,14.286122787602967,2149.2728895706346,0.4475941365213857,0,33.04215189655727,1
39.01477081516779,25.216640194143743,32.03458853692418,0.042309385391254645,2.431256048981602,9.393183407127065,1849.9323885957865,0.6779209481144413,0,46.98882030612518,1
40.289633699027476,76.73209265987958,92.73809981747137,0.08108217648332454,6.8686234753415425,10.871691772494605,2580.6430963678195,1.3687669879233002,1,28.6097510016193,1
35.122629008704536,43.55688596034262,48.34467623983771,0.09364634171845275,3.43491742734711,11.974396989587447,3030.1426861489313,2.4992450391399985,1,37.69814232676256,1
44.16635878250884,31.31426866876988,36.813651881922056,0.3,4.465616868689423,8.38835997180829,2177.794168074866,7.912858491971704,1,47.145100355098435,1
8.847148378131191,93.26294879569895,57.367034736768254,0.3,5.0411803544693585,12.365920023910274,2405.172612776909,0.35257126183826126,1,58.509080246782695,1
41.464943750671246,70.19348889960378,43.97058273015599,0.004580561351886804,2.470222311794583,7.368265201074776,2013.1265555445773,3.815960988921142,1,21.6220701654157,1
79.56575228866235,85.13742410324454,76.61982394930959,0.2520913405123931,1.1019420013526287,4.221772765656835,1888.0700330271438,0.41628944893482267,0,93.45195998049853,0
31.02861626238079,43.26265610740034,50.684341174788045,0.16806562704491604,5.901540834372532,11.205591378586062,1844.8380440210233,0.48405956916237414,0,30.904294847885286,1
36.27404719531542,44.794868550250854,0.0,0.15670564498108178,4.135197625444077,7.458270763877725,3823.734652693365,1.8135954302867838,0,45.2972235987032,1
59.24181438645472,95.14172195290662,59.26211701742285,0.03980294985966741,5.506367391398598,13.100373907775017,3003.390544236193,0.6306410027233542,0,38.11050075167313,1
15.630327060762088,55.52104425725882,74.75977691338674,0.2114666719437934,6.528375232271128,15.55576002237215,1932.0646936383484,1.0793399359705491,0,50.07824130384266,1
81.89733243406543,87.55820236516266,80.59296176143692,0.6271400179587882,1.6944987668103144,4.40330581025851,1925.1414772132866,1.335432647269701,0,89.5728049827286,0
82.69065469791322,99.499088412518,88.18742000739523,0.27237307427260843,2.438753821305956,3.8859176662941164,961.8658050339034,0.01200106017422659,0,79.55972446826458,0
40.90390736317672,25.231577031467893,41.34584739454951,0.28951460515778454,5.723815672721976,9.511490078574443,2190.412128897472,2.202298645639188,0,27.258939475325448,1
34.404670233271965,86.79272245904725,26.77338945419246,0.03291012752286936,6.159155694227694,16.838125604545073,1973.0943352359757,1.6797889033564022,0,27.324940381739815,1
100.0,82.20376556263487,100.0,0.3189976861234839,2.3614785157261444,2.6966497556871687,1972.7560170235574,0.3089916472371617,0,82.33267405645341,0
49.06507656191894,69.86896306179835,55.18376687299248,0.0848591629414905,3.6372967871295803,7.405666739045045,4039.8706896638923,2.380018121851123,1,8.039314969099411,1
16.501483685614524,51.64461723686873,52.56015274613964,0.3,5.521312309410405,19.289853371975163,2610.5801892014724,0.00951702208326036,0,58.82470390361484,1
93.40643548988724,95.24720621223808,71.58021953400628,0.20573953452121446,0.48400112208489926,4.058861183355105,1827.8958869032379,0.09373432633781191,0,74.07429721745649,0
83.74213079900352,100.0,96.37483927046833,0.7985423771649214,1.9871242850037056,5.289190864830354,1227.9306094608196,0.09259749004192123,0,82.23213142519386,0
83.4199210142101,84.85160134146031,90.36750718757447,0.1,2.595760886123348,4.067805447364675,1045.186846741005,0.5813992962178942,0,77.08262772702835,0
85.60739337283378,76.71373896138249,92.09725384419404,0.004568801114658575,5.532590712881247,8.103759372327113,2712.942292163344,10.0,0,48.82712762161051,1
38.85979283545859,76.43568217785341,38.599131043983625,0.15074923907514726,0.0,12.989333206730095,2588.4392956417046,8.552333842800607,0,46.45450638659644,1
23.183633038171415,71.32537970608743,88.0731540083883,0.04123408304671322,3.158833548327045,6.6575733334145575,1825.1227099746295,0.14913848109169028,0,54.09333632058774,1
33.63594939334662,57.763490947855104,79.43158425757805,0.04074646207787484,3.684203022850518,5.391590673228261,1976.5265031559172,3.050618210300073,0,66.19483894567928,1
24.445971761587884,100.0,67.23085033875088,0.08329297998417805,5.321124236594838,13.434944575986465,1633.0673332575252,3.1378093574285737,1,38.212226043103364,1
0.977190514655164,56.840364529142626,64.1799949693847,0.07716943589833654,0.0,12.985391811793995,2434.285563541708,5.547413276510439,0,57.81925864730816,1
11.015913498087135,37.95707372661185,46.712515292512144,0.15073972281599157,7.81886884810182,16.682715154826003,1913.259866546209,2.9563604785522646,1,35.973677698030876,1
25.085881068502005,46.95778285781825,98.20823451415833,0.019366610679674826,6.522384745403017,15.44364041816585,2268.4079356531042,3.341167574612496,0,46.38059074519518,1
40.79822348075326,49.551800793755035,61.48989116747385,0.03288726073391791,2.897341963953442,9.745787275005195,2934.2197391300497,0.07096549711461048,0,13.184925683555067,1
43.67495218697071,100.0,43.42709051284182,0.02935117504607936,4.262233794125953,8.167682481434555,3188.8783912053386,1.0267757780033984,1,69.2161708822863,1
18.71693486804793,74.29825858601585,54.54154833415725,0.057004974686666945,3.2281301490697785,12.98473577718387,3397.5603935321797,0.04112300863917672,0,38.578634578763214,1
24.551705432449815,23.172716790934615,66.02589587126907,0.03169034533433919,5.935149824964315,10.974577428587414,3127.9109499953483,1.0719342088074881,0,34.26117627065003,1
33.12781953267267,36.90739292776187,61.145480545409725,0.02422374684962062,5.689549945184589,12.143210400143362,2812.387435099468,4.689900055314727,0,20.639338356554518,1
33.33732948557012,56.12243254281823,78.73157935705773,0.0016166374515163649,7.613234138590095,13.809159970283673,1252.9901974894865,0.4397762373656613,0,27.925899154888356,1
5.195049534019067,47.64318206922585,51.08740424476974,0.016905801751481802,7.235264883207915,8.161070660668264,3006.453237997782,3.3668216386066114,1,40.56917578894821,1
95.53152853332904,83.98424534608945,77.81885638971022,0.13212907745905905,2.1272022234485983,4.782255753865453,882.6196227257011,0.7507087649195223,0,74.17280139842778,0
82.2727643025233,93.42645677766119,78.58285710246756,0.8026183029095837,1.0507538029354997,3.3097062377239457,964.2120900168975,0.2048610821986137,0,76.40666211594352,0
24.340125611480925,43.20674900325729,54.04663577938399,0.0019916760657542826,2.993069148401419,7.479533470524206,2413.332893404329,1.6338393310391086,0,37.99744395870549,1
53.49443611026842,0.0,88.37781669510244,0.07899763484622095,3.17069252934854,12.538333139248987,4480.251040748882,6.237124660823919,0,42.99169106415518,1
80.12393775927507,97.30867700986599,56.37102713179747,0.42385789825193626,0.9768812893395388,3.3410213995640277,1512.7037826325802,0.6518430654083177,0,77.81975866529173,0
73.70948228782771,89.80643514887267,84.37545400612163,0.42231879620659013,1.8098971845063918,4.249504199327869,1234.6255371122047,0.2152850803036219,0,88.60171240033098,0
92.70865193886966,99.31791483565738,99.96230528158969,0.35230303557788417,3.178351471305945,1.0051066627885028,2214.9385657719304,0.5807000777644524,0,76.5729118428569,0
10.811293420818826,43.48479169165105,53.56242578012709,0.12565062094390195,6.833412945178037,9.61291009452954,3209.474127590868,8.630494209880933,1,14.650178742238435,1
38.85723686300381,40.31047771861075,61.674394578189,0.21530976576604563,5.287179650958985,12.659827501636098,3248.778527412494,2.0918546793032657,0,10.64657244787032,1
33.46269185992676,45.17984781731469,57.78058337102145,0.03139418497592601,2.0254204135851426,6.141173273529732,1395.6881226207458,0.03400028262561195,1,91.94019177915281,1
27.38610752409815,90.7329629360403,38.098640836279884,0.04296526410135024,7.134935702141371,16.784534868364428,2066.333155961697,7.102178617994632,0,15.358151863995689,1
77.36740843457483,87.02234579143158,99.06161802372702,0.1,1.8957645230200262,2.389809637938982,1004.1647949899886,0.09262526126704985,0,66.80534486673139,0
0.21149511535443644,54.93283530725667,69.82635125707553,0.006613989091521867,3.4464521816258795,11.277386471817117,3292.0998295142535,3.8017220182817466,0,0.6218008794223717,1
93.35692112065142,89.7798807595949,79.48504174300993,0.8587554531024689,2.8595487864069677,4.9511768718571645,2056.8155006348366,0.15797851621531753,0,59.73064395952348,0
64.3288478237716,22.784128923524033,51.73561356762072,0.004193341790852994,4.140334353704293,9.678579988589075,3425.9375567950606,0.3051675355147968,1,0.0,1
7.706473481989167,81.77575248577851,71.83572031884233,0.07476002561776122,7.5607040416742715,9.662026268822405,4064.260972919832,3.847428717364337,0,53.06335183989553,1
78.88482197008052,91.51665293278995,92.63587981373873,1.3496909824771477,1.673346495171429,1.8887210204028073,1119.6186467622113,1.0450044698985825,0,57.152413037392286,0
31.30246487509469,50.9892431033412,35.92234116386311,0.040963827299144495,1.567004845712268,18.97604093630293,3504.542020592881,5.500110822687235,1,66.38482362569417,1
37.286175061184956,52.40023169992625,77.24642379463737,0.023029946260501956,2.889958489245631,15.992336690414621,3487.565583011753,10.0,0,27.576160974769472,1
77.43649254715697,91.79747780601508,81.40531436909704,1.0275230184371686,0.41314078779402047,1.600549469819573,1463.2126135187814,0.1971810946770099,0,95.86941070758189,0
18.49668200508924,83.652585596562,95.07110617944925,0.18190837190703085,5.4895692392069995,11.70299157002767,1523.6686313511323,2.7111220336861144,1,63.91270093316174,1
70.36485051867882,89.35426735913134,87.09082856157448,0.8946703451395797,0.7877457215841025,4.950731221384021,899.8093803347994,0.6444429018059694,1,79.51278446236859,0
11.04084075318676,53.019755812527755,35.73455124686653,0.25525916963522804,3.7784746885365257,6.68659283394853,1467.8660684388346,3.070719843840548,1,58.21905381485123,1
81.73976467832159,97.0723631708884,91.06460506809181,0.5490891564641547,1.5379947746013143,4.750911715254506,1084.8034580043081,0.8298094094249576,0,88.3974267324209,0
57.468545741915236,44.51469197569824,92.2791601070045,0.047993276188331845,6.402262401425836,11.793147554767817,2265.924200073912,3.502856165339658,1,59.56655421088923,1
78.75181422304321,90.56041730490546,88.5221760237216,0.25567357668028373,1.6344122724260228,6.584120668653045,1731.5714594284939,0.02568060997526933,0,88.55729129119536,0
100.0,76.01174421409455,96.17631412531537,0.6178845313685549,2.0012909098104563,4.16597483762502,1362.2091164990188,0.0987255209944241,0,54.86629325563858,0
11.140532579617265,73.60537100629536,71.0679288157871,0.04875248357723689,9.615376455470901,16.224121486262856,2142.8364173959617,0.9929610099121433,1,33.61561184116964,1
63.11295195015927,59.27169481177562,14.117743248211186,0.13040333586362204,7.352451413517059,14.887685009633488,4292.489696139426,3.8774901278625284,0,56.85050829356839,1
36.17217834743585,82.4673322748356,96.89090734613906,0.11117354463972613,8.512755975255985,12.402943232485379,3055.2260887743514,0.6380724951235999,0,21.99052001081566,1
90.07274031107298,90.05137815848751,62.43320224231359,0.3675514058943361,1.701053318590482,3.0027322084230974,1280.0842561447867,0.4713094823188021,0,85.96456252664419,0
30.30984929708218,57.29147332972615,30.249657152421523,0.15679726944275146,4.797604745364937,12.894397817783622,3214.6778100865167,0.1777433333944312,0,16.97793426031286,1
52.375966766110984,26.139034342725918,26.162936727783908,0.24985467680032594,7.113460861551356,15.194592828764574,2643.5436170359467,0.320779043592169,1,41.88267409656131,1
90.1503526720866,84.38406649754596,100.0,0.5692442665775757,0.0,2.6852548920105512,1845.4112970086085,0.3496513662099751,0,100.0,0
71.79766792979358,100.0,70.04164893891905,0.4827046901619814,1.7226789077157356,4.437318613514595,1885.6623536687914,0.33178669851385373,0,97.35866821596538,0
74.18943459591738,91.70557302590151,87.62272995550268,0.6836671084061067,1.4952362326298165,7.287083018241058,1392.0192412699344,1.4887458561849867,0,78.5727781538402,0
83.2305277250595,81.15436265211251,80.35230703565446,0.6461681843451471,1.6968668922531271,6.7569347109076165,1455.4724604808798,0.36352187630733074,0,67.46194616572542,0
98.53872374165414,82.22708769191479,75.95251153502203,0.4799984726871559,1.7875806380377006,0.08990245936343433,1200.4800815919784,0.06081997041456109,0,62.53004977231408,0
84.65011509503039,100.0,87.59664922355545,0.1,1.4364892604754378,3.872852921627757,1387.799178635353,0.004647796450554546,0,94.93122785674211,0
36.73522150925293,87.54697834490797,52.695854729463086,0.07270688550698316,7.05576778286682,7.434336831091122,2305.2151442936797,1.2063365204449492,1,55.63523808999249,1
83.03167322060705,32.14895640556363,39.32430370424014,0.07902044143010163,4.446081811545668,10.620933680505374,1845.2199310958654,0.2729883747172951,0,46.23422055836887,1
10.512254532840913,50.08956504581958,55.85984488268958,0.25599964348649235,6.829910666020448,11.408045009908585,3249.069904663464,7.106659746234383,0,35.20134017045161,1
65.17837788533807,40.957075304568384,16.981961759147,0.04126646199996806,5.52303719345166,16.220218195770205,2553.2710615223373,10.0,0,32.44984042181694,1
82.40408648636395,89.36286887003428,77.82839285657099,0.26353921845581685,0.0750732684274932,2.62790048592964,1248.5319011876559,0.5448824892854885,1,84.42837137517864,0
42.83102350520188,50.28424771996235,61.70417374554934,0.005422743742631714,5.5392073881264885,18.46392671967172,2980.7310259322676,1.1801867605821648,0,20.10254429447452,1
87.7996862631982,97.06487821717727,85.58210159262978,0.2644853013599927,1.8898441896359959,1.6244695201649462,1632.0455161883776,0.5997175400798885,0,69.72519231284379,0
0.3501081006534523,18.06572166123456,47.21979277065797,0.06568030595824276,3.266858891149007,11.834876906430518,2939.1028124162667,2.7962396578415243,1,36.37523501689566,1
91.42722759867544,89.56084799506971,78.10583006166792,0.7023704510181924,0.8053912307213341,3.9642100459833,1297.5243755658655,0.3568922528674317,0,84.96300542609526,0
42.83762524491169,0.0,89.6217773448511,0.1559923765095871,4.158028263973648,12.123792353071321,2909.2444228176037,3.337173043163036,0,0.46393594586488174,1
83.1601666364732,98.68785692940025,88.04434806217417,1.2211619524350301,0.7515229609900592,4.517539610487844,1377.5944182570365,0.7758650996139937,0,88.10026702584712,0
89.89374561227918,92.59487425377283,96.78244845145954,0.6779240778292903,2.5270534878828492,4.763468337925018,1374.1236684847631,0.229312056037715,0,90.87244060228748,0
85.05113456642461,97.33062139761985,69.35489480780723,0.28220261254884177,0.0,2.45645608521425,1205.0480386008164,0.22000373576182694,0,100.0,0
80.65503772567685,75.57488258995244,86.85442903493113,0.935804781949586,1.9366293708258844,2.4922757726180773,2087.9137035149984,0.17654972182726703,0,65.90652249119063,0
0.0,20.450111952554384,56.85684225475362,0.3,4.409038372198435,19.766984488206813,3050.6776296304156,0.6222484572060722,0,46.36704297085286,1
39.87781883240902,63.4294953635434,47.476617675746674,0.09969971004633259,5.347647050489697,10.039330738493758,3106.203824166547,4.86368138357543,0,40.48430070260335,1
74.32379570617405,78.62551466606524,72.40502515686883,0.1,0.0,0.3068539043911658,500.0,0.05683817407481958,0,80.94848219769652,0
71.01432426180858,83.45440893262155,84.02429940180012,0.8814072362234402,1.9068866985867536,7.1474684331102125,1403.4277741100027,0.3678348790261332,0,78.97570688353564,0
36.04745537455137,100.0,75.72746100045839,0.10431574844615113,4.155598630390512,15.391715013421127,2729.83725819927,5.915556527241447,0,36.26214242984048,1
15.556755641133499,47.82461941704656,41.40041466568291,0.011318064958178324,6.4110267721204925,15.976008158025113,2059.314023737071,4.582490832743721,0,72.81459697188059,1
84.34249738927012,100.0,99.82539622738263,0.1,2.4474053161569382,3.4764834195578107,1467.573157825833,0.4419365114048587,1,56.952039644269426,0
91.20672097550678,84.46063216100916,93.75329821703276,0.18076158425404137,0.516653121759667,5.383237150242777,1422.6289485675177,0.3550510294500086,0,79.0418325075298,0
88.57787360348283,91.00179602118325,100.0,0.71389356067275,3.0387566358599627,4.3851938374626105,1673.9764153471594,0.21006912131940847,0,100.0,0
75.80575765766197,88.04674691767481,83.75151146870772,0.2699499559696459,1.2228587951944803,5.174783399612025,1757.6495071400434,0.08979824717286357,0,76.49589558525702,0
32.82944314870304,41.26845286630096,86.90659969683887,0.18134128935307958,8.070243479625304,13.222804762999107,2177.125330410472,0.5289242306011087,0,0.0,1
92.3846657999541,100.0,79.6634424269313,0.3227466325735994,2.4455128743679695,5.847017232094737,1564.235773268704,1.4703438719400106,0,92.45747200978929,0
30.85367807983511,50.358410554394,27.99332350548268,0.007354743025944063,6.177663903083896,11.249224274312938,3486.1826736546277,1.2167763550279425,0,14.36004217269522,1
77.69633368282864,85.54006571993733,79.78444209087995,0.1,1.0858459417046282,4.310649998398803,1441.0639093513976,0.3523491172825482,0,57.5415140827374,0
53.93236616660873,40.64024916982715,80.92928681330011,0.12611162234560597,5.592400886709676,4.0548375525183165,2334.596477256583,0.0447422609368911,1,64.47475156152338,1
49.73526690335794,69.0975727143911,52.38621528578684,0.03596061865348137,4.3694436250957125,7.581326575591573,1134.219204343558,0.7924394692885717,1,35.671031936364855,1
100.0,85.15507568210509,83.03841806652069,0.25767100447724606,1.2620991366055148,2.9928607621845646,1954.3791383775288,0.34470675388351624,0,79.0349352893125,0
87.80991867735032,81.17306715060901,80.8298776637003,0.6624138874764507,1.2095066710755469,4.082574911174879,988.6589484790702,0.2932989072865028,0,74.86542734826277,0
96.79297184063826,100.0,92.68835105113773,0.18391915821910132,1.8952511351804158,6.319679932776689,1340.2138038108587,1.5301312641144924,0,86.00254407800746,0
46.981795185276184,83.08352306224845,34.881204657021556,0.05628079590246626,2.6907261022305438,12.664075391498288,1923.6893129596228,7.080152761218473,1,19.794752005930413,1
89.91919171506505,84.57827704198316,76.84586967769108,0.6551283351620554,1.2256969107539488,4.031395591915516,1850.6856745544465,1.0260909648705594,0,97.13311089328337,0
89.78979825746391,93.49247843326134,87.4861194242611,1.4591161503671441,1.6257023351927524,2.827169702222453,2323.124470839105,0.37976954637242355,1,89.38376890512501,0
56.236332919794634,36.424451340355255,37.7586123774764,0.015523396822454011,6.043190320705015,5.926312055962842,1772.2942618042382,10.0,1,31.588146704198625,1
22.449199945118544,40.31271712736415,91.29816580786805,0.16088945814092234,5.263500219494584,7.136248728096394,2135.4700015890717,1.9512135875212882,1,52.17326878155149,1
0.0,37.57423273335228,25.932239016805966,0.1602526928012773,4.610830673920664,13.518440225657923,3298.9812560664786,0.049982257620288094,0,7.244938379971262,1
30.148339274204126,31.780245090565415,46.66549860980836,0.1446679860787324,5.170679551589788,8.804593823930816,1732.8687279952096,1.0701380002288094,0,28.438592592706467,1
84.45705133482188,97.8858399654389,71.1331957698563,0.6562810147679964,2.0566910712750284,2.774033457458621,1369.506518223456,0.3895574303121259,0,62.303348759382374,0
9.2099986055204,4.523724617436309,70.64830239932256,0.19031804601962848,7.006626625629803,8.259668654289811,845.745298818159,2.7040641438308883,1,40.23154968130814,1
41.7316609091807,21.872591824424276,48.45548194143233,0.08483960543890845,6.528316599863789,10.066064366384737,2323.832376292738,0.655616756382805,1,51.93444677541687,1
68.30594718878628,99.76826956420282,90.10253702690214,0.5577531266739928,1.3424625536024883,2.4820586021933106,1472.6214029334337,0.39205028944687964,0,91.01159503710873,0
50.98136146284599,80.93424483908998,66.32185816987229,0.07421518888215493,5.249735220390958,12.775236033324473,2535.858505545828,0.26204805328911634,0,85.39415291290749,1
93.12525822394198,87.10047246877494,91.18434819279554,0.26651219939284987,2.536850449425117,5.06205218978842,1744.9328856010047,0.36587889876522545,0,53.66741616943059,0
0.0,48.09304620651044,78.57983258694485,0.002663639215248278,4.167369485311944,8.040338747905805,3062.7948181689376,4.003630251750503,0,60.70973899417971,1
67.75082167486967,100.0,97.95369810318098,0.2225257667094912,0.5261738462236165,1.2091029904898565,1335.792606908108,0.38414260382298493,0,83.50797651513871,0
15.27119001801507,82.22829588593612,59.6192162562256,0.13866307174759968,3.3470172485795304,8.842590536389691,2045.0354347223572,6.401438265862536,0,28.938278457759722,1
31.52911164877225,61.39117275221487,40.46048091931955,0.08002107597679217,10.250611160537822,18.082656691924743,2794.0232380491298,1.8053869627245303,0,23.521307338515996,1
85.77368307647619,85.48601921074089,82.08252613120274,0.2523494034643559,3.174558345767956,2.717837466923289,1545.3824160226209,0.5356605430512253,0,88.49811480622485,0
76.91701714644849,100.0,91.12336607899464,0.5581447001277346,1.3028932779883615,3.698771970740134,1438.4009339208674,0.4331986467796447,0,73.17242324069355,0
84.27171087343127,88.2029348000238,84.80017204918703,1.0227653561256953,1.6532619169552718,1.25233035020268,1244.5656699419878,0.2209934684369869,0,98.22000170199354,0
84.03940100275351,77.18427350482266,80.42106725001602,1.1383890749635237,2.171479291385282,4.813244068445348,1962.7335124147955,0.6491048775905945,0,86.2530959388506,0
77.27174785462428,84.61207500604905,82.75936316751286,0.1764035057938895,0.4065133093753388,5.46565816364349,1414.3398757155244,1.3523769786089357,0,100.0,0
87.07687687163111,90.92020863317934,81.31092336270015,0.18712112949002624,2.165293428944323,4.031364472943249,782.7694408350442,0.3982362427421189,0,71.99821331336149,0
33.07575475918842,32.83488670379498,40.56644960729166,0.010419708347041194,5.9590211258826065,16.068262175880612,1582.5735210987607,1.5544380614059936,1,3.1163464054919876,1
84.83577103927247,76.53249446223239,91.50631273991648,0.1577385716130011,0.9866665438956942,5.387846466382516,998.5975950512953,0.1699875601943317,0,66.00321366970788,0
81.78614158347007,87.58024250809497,88.59728424617153,0.40661716639259393,0.6235844889235501,2.6327314354272247,1188.7620856669143,0.6664334804669585,0,84.8028178238281,0
45.050924929083635,66.38885895721133,38.5126140790393,0.008577750886201196,3.8493252639138418,14.01235701334665,2913.8203418890453,1.200989270545459,0,49.11097129591973,1
84.43054376278933,86.51610903544125,89.48257235146698,0.43032996438228455,1.7124935945380269,0.0,1696.5651025422108,0.9699619990943033,0,74.85212646969931,0
13.953410607936094,54.50846726659719,45.42501963791355,0.0021879412823542347,5.366483820917437,21.743940496916974,1559.4124426664307,10.0,0,17.07061124499599,1
78.07090404739346,89.20888277447087,94.27016926318909,0.1,0.0,1.8614910124898407,1553.583352232094,0.45110976600401637,0,81.53812159726283,0
72.28399051774699,74.15313313825777,74.08482698954926,0.09087201780829532,4.137997788334123,15.171621487348805,2337.361404338556,8.92807052097445,0,32.14346722809699,1
3.2562386064309212,79.95921423433649,39.02537364833306,0.051373853789226036,6.57194819773092,12.403051291606396,3848.595353579169,0.22065968992498758,0,59.807668692108436,1
40.62696694979154,56.13089619735591,40.21960951894066,0.017336284751000974,5.054975266721626,15.951337685231975,2367.536821945924,4.574818754858107,0,15.682567314898066,1
11.132484629133694,26.01612598379693,53.92859380849155,0.007774172562767551,3.4936221744230673,11.658324668667735,2176.744439798021,2.0703965529037798,1,53.26561236080568,1
10.443428678860158,57.047950518776254,50.15013018583437,0.10375698487594327,8.092797374379659,20.710216754723092,815.1950388934931,2.4057688958221815,0,59.996421941073585,1
77.07127167737656,75.91389792675346,100.0,0.30050234810604626,2.0589510508136346,5.308862054211242,1871.572805412886,0.07438464339050152,0,90.79399246437337,0
16.563526873595727,14.256893924240721,37.926622342120346,0.19075146025522272,1.7870821979191724,10.396538659961191,2963.5989900805157,0.6644122355969899,0,50.5153077056545,1
70.14439626963028,82.8704621966777,97.7698211454192,1.0416792028767936,2.549354759418129,5.940632403576563,1668.6867732012388,0.02279691033528055,0,72.85906163333199,0
74.37514618867918,32.03790037097209,50.97737654308503,0.0477889916139738,3.0206814249774627,10.526669159843294,1085.3891923988112,5.837207455857177,1,22.434030159644937,1
86.30740577286092,99.8887454016835,87.02172792278024,0.5642529664908359,1.8589086116116218,4.038916511037766,1910.2528455490328,1.4354960692324368,0,62.3869655641978,0
82.18899707114045,98.56120190653142,88.92976622222635,0.7643010617979017,0.7172003633067149,8.196442949093495,1393.7629466950355,0.200458365439265,0,63.9884910055925,0
90.60784526368235,86.56475567099798,85.70915449927242,0.1,0.8803080239851344,8.784219270547986,1342.4053275027518,0.26441028345262296,0,47.878536795204425,0
92.87084603742451,100.0,90.95805734118406,0.4376372488848828,0.47677541102417087,4.869005292182612,902.0975414201423,0.029762592875712122,0,97.68265166038466,0
45.022585521291525,45.74440520072052,56.16153182885474,0.06232246587417949,5.681729198496443,13.739571850709355,2260.850082384136,3.047279516975774,0,31.049413250616627,1
77.21695274597687,100.0,82.17632997558557,0.11072535305364734,1.775243137250773,5.253076726673885,1557.7305886904148,0.5804052481938318,0,93.66416605759213,0
79.00624977046228,94.2932220202183,90.12185046567278,1.6549468924924888,1.4495015895110015,7.462339263534599,2011.4300671757499,0.6192991164104537,1,75.51396372154917,0
77.9565630945724,95.07777174849416,100.0,0.34282688510986775,1.8163367883104307,3.177950126993654,1543.2056483918004,0.29098281203268184,0,78.03332991979276,0
32.19448828899144,29.054423470805453,51.983924146754134,0.3,3.6074128418952105,15.753645695493168,3045.3285211179514,1.251296159090821,1,51.94222414878804,1
11.049353774696758,35.27099030027645,68.5834899249762,0.009586853968416317,3.4549827872156795,14.961333690225915,2108.9783640692744,1.2331295080126068,0,42.71913472517266,1
39.479899378020974,38.75874515392965,62.574057687468276,0.21753892117653548,5.666116870134095,13.461584832944771,2532.864691275803,4.212483427044775,0,34.888257320636335,1
8.064286757691308,74.1534915215262,93.32531355622957,0.013658362879870914,6.815959515610268,9.514673105912083,2342.965105803387,3.5685114149716806,1,48.76216048808538,1
80.91924626978448,87.74937954305429,83.10278993007735,0.29154917046590195,0.16168487895074055,6.324519195011334,1793.790698000487,0.048964865514422744,0,61.83886060056253,0
11.338289695004695,80.5701980533352,17.723001909713172,0.041693445075180996,4.021066009316018,4.812033410882396,3979.150894849487,3.7899263471801214,1,13.227445586527505,1
26.46857494338853,31.249432960857074,93.01600240042612,0.005231912120133391,5.2133393107340895,12.662460500386889,3030.3949616420796,0.1941664450343354,0,32.09542708322161,1
16.853468812554688,54.447709785291345,4.335555585014113,0.024492080701180766,5.057131525555172,11.492048747180078,2862.2100702784523,4.493253085817807,1,67.14809099646858,1
42.50719392288946,37.92805701772163,35.992889034460156,0.21533190231318233,7.464567659021663,12.248716919249151,3535.146818484571,2.6326140048245223,1,17.200748868857172,1
33.75822603571425,41.586376969772225,43.228754246942906,0.1487816292278676,6.119323140648738,16.166666932333403,2163.253148332987,1.3438327605133882,0,0.0,1
49.027797876189986,45.44898922285861,18.74959109581168,0.0017445263345665558,1.4301120616162848,19.940906142685428,1789.758895729877,0.4354052760254511,0,34.48461288245486,1
39.18697714669378,24.7973373309893,34.654658951776774,0.21705287414607086,7.368598862313451,14.373346398525454,2499.8946510184496,1.4800061340359894,0,58.375378340222404,1
75.62174960084877,90.32473352963106,93.66887533456453,0.262509251776947,2.100879563605848,5.133543452368359,1707.5172069806886,0.021391329474615323,0,55.453954711902725,0
93.22544912103189,86.13450830160501,100.0,1.3482205126989522,1.4640855759019704,2.308653791011774,1054.0711250590343,0.4039084705575753,0,84.3090877104114,0
69.29775280109544,79.43981991023435,84.58149407956395,0.11766517823414586,1.6754418697603488,5.49396168020942,2088.6340330279577,0.2614269526861591,0,78.46990579809108,0
85.48521627944827,90.70725509033478,71.78710760550375,0.1622209212401905,0.6559285054586439,4.159147069884332,1128.3454637960967,0.3281896903504953,0,63.15207423686934,0
58.371607285467626,32.87509624684018,63.5888644259984,0.05791799857950108,4.950529158395198,9.87289719615345,2469.07858493814,3.533993265801352,0,62.99806882339117,1
37.31193477359816,48.74798502858833,50.67966620266484,0.0597222031911224,7.889700574519615,14.483733582455965,3188.1206366980373,1.8159229350886816,1,29.245858889010467,1
44.99643271947619,51.33460681197555,42.59485310646232,0.09529071026405828,7.33439196671819,6.842471643586428,2107.8472750170495,3.323698907812732,1,28.84208069923106,1
42.99993105887213,10.694236398046758,19.222146430718624,0.21178330123514436,5.158405857379287,12.81727953595328,2765.877097177603,3.7109056011357375,0,48.537764089614306,1
94.68644990532889,89.70222210792127,91.60569231532995,0.27970856970137054,1.3429754788896506,5.935652048050408,1628.5165883029551,0.7005337500969265,0,56.726938685478096,0
58.046972779238516,45.99903316051639,13.609015995747937,0.022726397289883987,7.248191789403251,5.822180363665783,2216.2557120553934,2.0877797265355804,0,37.71683496216225,1
86.46713686433323,100.0,100.0,2.0296684976046615,2.032295148026264,1.0119244134204988,1557.3225220000018,0.04961325349672593,0,90.53045485500989,0
97.01213922163944,95.89475117673946,77.25584413164371,0.1,1.3007425242775674,4.33514021160198,958.4981301160965,0.9076752090344171,0,83.56463984449938,0
55.93425427551527,49.91297878566996,85.88579439392002,0.20839047216632478,5.33919535278987,12.562035617142422,2748.8312522944625,1.5367958762056828,0,50.67646811493317,1
77.72862824175131,85.10584727275771,84.92584297005544,1.8766774861734075,2.1334874483104542,4.062983124523991,1491.2573010231506,0.13216077646755225,0,90.06526707376655,0
83.85263558533102,88.37135711918111,95.01295576566982,0.48298998483812755,2.1417027668944955,4.029017998525308,1265.153891751941,0.07192067430597429,0,94.41398267912392,0
65.86719755342202,84.48649745528346,76.72116278669363,0.4309388627103656,0.219783116397032,3.885209269851928,1404.706529977753,0.15396614428601996,0,79.43469318886643,0
85.21003841632759,79.50531014119872,93.05903932737347,0.26093531238687306,2.2089529508678365,4.156235470472033,1639.969486099757,0.9973142503169995,0,71.18393046020152,0
92.56988616645351,88.53682847116127,65.48136752749751,0.1410803002648547,1.616669176172307,1.3385897373381477,1837.0055585820016,0.3230766644425504,0,69.8249805599676,0
100.0,100.0,76.90920226878035,0.6030066029224481,1.8932045177974273,7.6028601985329765,1394.6768772488335,0.8381319382716748,0,89.85393599513132,0
19.48787277124794,69.47826563970881,56.948432413955246,3.3021377404406894e-05,5.402067007433142,15.02656986042775,1151.606085705138,1.0775666920350109,0,41.3074579225478,1
93.2206015999449,100.0,78.26970986547595,0.44379360028573406,1.0354813579568394,4.653710801220875,1712.3577256863798,0.07365096323626634,0,87.9047208704563,0
84.50536290347567,88.97169990848856,91.54749386496515,0.977750589072291,2.376855925981919,2.378212127599501,1263.5926177066272,0.31277728090000595,0,72.62683379289643,0
99.65648768921554,94.18268390428399,88.71919156319593,0.8192133421825596,2.023980467377352,6.854610728578432,2581.2110257620334,0.10967141050492162,0,100.0,0
58.03113357058428,88.50284587996362,83.55390281691965,0.20337750546744757,1.057528146468694,5.3758659441028565,1554.0761363949543,0.1714449671500494,0,87.33767525956691,0
24.343274624401523,43.47478189569216,79.17293502688669,0.3,1.343670144145721,14.000953402792959,1847.4351615205246,1.2647056177451883,1,45.21357766332078,1
32.27155699444768,41.59833258735648,45.31278341825774,0.06886509377389845,8.93690257872058,13.11281838408392,3126.985117402302,0.8945134567935302,1,25.45187536804368,1
41.57288051609617,15.154558803144862,38.96460524941415,0.002428853868430416,4.6159974594771604,11.409847247599393,1267.653826300563,5.650648934171857,0,18.67953856107594,1
48.08776268121527,29.992667959815584,27.406035934942086,0.12711439442432512,3.754538837992504,6.863207156355357,3772.972232705835,9.417113519950037,1,43.31845318115182,1
75.81348053515802,91.86572905010802,76.90640814244534,0.9881467017064018,1.4153449940018417,3.6921895460506247,1409.8949430034586,0.009939754970308233,0,84.03579039523561,0
65.36844061304359,8.365384043975011,96.96434910871893,0.0005226151045339521,3.3737518123072263,16.528387523338758,3375.947244513543,4.553512421363688,0,48.90538454177495,1
68.48541532142261,68.81208442685546,60.087050086307194,0.029924030732149803,4.725576593911599,15.502625452912945,1856.9574559223315,7.314952378908901,0,62.81451858282862,1
41.280452049722285,31.76407377880876,70.16987562649086,0.3,8.664239215154602,11.722179448595922,1726.1962096151472,2.347974535790349,0,42.638433400060194,1
93.71124703431693,70.60607791781646,76.89490448728495,0.128591063938457,0.0,5.227541711579818,2611.9854496894222,1.3579816822723179,0,84.99140717955515,0
67.47058421783612,31.89090920491348,69.30432827593658,0.0716298790635954,2.9600625624646226,12.132892954067838,830.52117654725,0.2047751838598016,1,39.44755497861112,1
82.59674601841866,86.28306162161286,93.63121107770232,0.7575473921632272,2.1766422980503424,3.6602952846445387,768.1272739167669,0.8174232295357851,0,56.03570406247315,0
89.56753219153784,100.0,85.16133655337265,2.2477339135588927,1.2719245943663888,4.733492815784514,1131.124437827349,0.2609161611766898,0,86.67452473064263,0
69.85152775314135,82.25324436109092,95.06263923724863,0.11857429694568054,2.6578445595134452,4.231649174453892,1749.2349391556381,0.2094770327992616,0,86.08736130010722,0
56.54587346031386,42.98570733503618,61.5216543680494,0.21183232357141765,3.1259860375077855,15.405368488692549,2719.611189994627,10.0,0,3.795160448925654,1
66.10459269054469,86.89185237528892,89.26904549525777,0.18395400680797122,1.8073616576047171,1.1903661121449862,2166.9027366998134,0.7434688519068607,0,100.0,0
83.15097863557011,91.43665425551679,100.0,0.3604728573631553,1.0376633785338314,4.85668410132145,937.2090151584044,0.8295091218328505,0,73.93857032251401,0
13.110112783302075,77.03292394421341,74.02935097629097,0.3,5.734638775698393,14.306244482035979,2934.8194660400222,8.636766946444993,0,27.73501635494339,1
12.218769847672979,58.24557652171275,22.233855392390673,0.23053592085739188,3.6736752483814197,7.538319985879175,2440.1452637195316,9.226533220035119,1,0.29378592814456983,1
87.70456825779839,80.86648708693195,93.7823927406219,0.1,0.71227617212219,5.392645724160647,1361.291369293315,0.2595219963428664,0,87.9551435250587,0
21.30375780522208,80.59484056282913,48.93178526722427,0.028841041620454557,7.313607897826945,13.335780191996157,2745.8474829890706,9.975067517789219,1,28.376714682883577,1
100.0,83.72081349534209,91.64582314725851,0.25663244742597885,2.1076119099888864,4.54484279330722,1436.8649960638961,0.07275505438246313,0,84.43899860519143,0
16.74823603644747,59.43886832094776,61.56604969679226,0.0036430288354914846,3.4662609497641768,12.66717465812397,2487.3072652371893,0.20498279126244862,0,0.0,1
76.67644426895771,100.0,79.38497331102877,0.10486433748166778,2.009859746418458,5.521012239168286,1108.6768200710007,0.002823614184183999,0,79.79745133110535,0
77.44617067646678,94.00875335951876,74.18783099656592,0.8013696500504556,0.9899299663392289,9.001800995868564,1828.119349803586,0.2633487403194855,0,84.10866630270768,0
100.0,74.05011485942836,70.5858917193813,0.7559666651918515,1.6638071059214274,4.998191632275499,1881.634040862651,0.017386615242656688,0,87.63942985463012,0
82.74223699513465,85.41039996849136,91.32852325549831,0.19888203081482578,2.148638916473368,3.1611304946828986,1407.7353333441167,0.2661594118733971,0,54.41061357663897,0
35.47960038031186,51.78218151373654,22.488744276952158,0.22580450312206463,3.8612776158182633,15.754444314501974,2653.1536378756873,1.8827492898563343,1,6.926032305095151,1
73.02122107411151,95.38545081015967,93.6640272510313,1.0739612782062924,3.2569785137222396,0.8824260099523169,1756.9204940044704,0.4735794688947284,0,68.87752625130912,0
27.48032841296268,3.7972471902865843,79.84350657169894,0.07170869859390207,4.304020900808833,9.546984741399713,3950.325776526999,4.242436303281336,1,37.6071440531422,1
86.9905969557347,100.0,96.15247939547804,0.7317633943115004,0.7066426692477515,5.4873035510803465,1572.0284150783925,0.5080600021288804,0,91.94645549963165,0
96.17295831588127,100.0,100.0,0.7526432533147345,1.8318183126310328,1.0686522853158098,903.0150919976029,0.815338198649619,0,81.16378084229586,0
60.374277891531406,33.3738520499222,67.15718261852237,0.15080198378313714,3.5512296697556605,7.531432955181549,2403.782448539387,2.2887878577936687,0,17.913806991712747,1
86.50393786476208,92.39434064325194,78.89805598359916,0.43195886381389625,0.7270029441973967,2.0096520802015245,971.8026226379875,0.03857383331328565,0,100.0,0
81.90827876531361,77.32691245595608,66.68504399840258,0.10094389980158062,0.0,4.765307102954983,1251.0919108424016,0.17573573624040387,0,52.87557007250729,0
25.81559204021519,59.30203696668465,85.94345264373062,0.02137020601543638,3.3618947137623882,14.456145055828832,2212.9389032451604,8.68658200482681,1,56.573038919194516,1
42.398512260087806,36.66140935442296,23.928210348421633,0.16324952744275456,6.82350024794453,8.908106263333515,1831.5190074498037,0.6360637266689845,1,57.40113275799566,1
79.9305682462887,99.52517019829074,81.68758188798904,0.5246083635576149,1.5018303489148033,5.6876790192834745,1281.0369908932507,0.04149797700171963,0,76.5018725269041,0
100.0,94.41188300832374,85.64240099886284,0.561800772322153,1.7881313471566136,6.097728283750723,1944.8402476885353,0.011414145253519345,0,73.0571557142843,0
46.89708746794489,87.35354743167062,33.840042355557806,0.0481059322397731,5.29777320790754,11.344296092977936,2786.5876752115623,0.1250719442999968,0,30.362440498775346,1
12.670982896319046,9.52943570033899,75.2385472063235,0.0017746457200289636,5.581826803184663,18.151419805305927,2571.3826294997994,0.2846464774870944,0,30.068927848480204,1
69.49336568933867,92.57085772360219,93.26170886571673,0.48742810127701885,2.2596756570915906,6.70222817997343,1758.356168110357,0.009902685211840375,0,66.089404914561,0
44.18408363199059,51.83048625781163,17.421123260009953,0.037008846752563704,6.347537668672519,14.137874140274045,2918.9477931033316,3.8379244978184746,0,17.582023590641313,1
77.01702755461547,88.28063175769012,93.50064044261781,0.1,0.8581759782883651,2.6569755860389086,1619.6342936084422,0.6659359836313328,0,63.56193783801924,0
51.58298070119084,21.723284251625717,81.53772892939611,0.08226710620301575,3.9304554878843927,9.215531794614794,1717.540589869158,0.380414191500517,0,0.8627487561390002,1
12.804997442234516,31.47093328412927,9.09986791607922,0.10369578693265039,1.320724254875394,14.721148662871027,2586.0827489783605,3.510397707584376,1,25.263562549634045,1
88.28751109659684,91.91031327221211,86.22663617419035,0.2580955236241663,2.453519467530858,1.9710405465851721,1107.9750792637544,0.588025706251804,0,71.0824445607649,0
42.593993548342254,32.2170022363358,63.4225815994154,0.03743034740309579,5.922456522997597,15.31110085748767,3097.0220748883276,4.667099101780972,0,53.505810993709964,1
84.87753227153085,100.0,84.47239662802981,0.5421100550295199,1.1361642260978457,0.83514405195272,1720.785703732731,0.15366839142320285,0,89.66465750162301,0
10.459718454229282,79.95563483003217,100.0,0.08899857076027201,3.1764354246627162,12.545245182254671,3077.99661555435,5.547325942738113,0,44.711878400880046,1
91.14166700043425,100.0,78.84056674985702,0.8402611555044056,1.6870784206316787,2.3646352067897327,1345.4710098211299,0.17049713446784567,0,55.023120555439334,0
75.9061254520526,99.49624244448304,97.41525145477628,0.15457438820776304,0.9105838912419024,2.352930058748301,1139.4497280411301,0.10937825199885215,0,67.42735276502702,0
50.30874988750032,53.10940305752324,79.1536753102324,0.13931862214390622,5.575364087351445,6.038028537052426,2390.2680713007067,10.0,0,29.668554301420293,1
52.25509183905373,39.43760261418915,48.283053061876075,0.010055384889926279,5.230304628880951,19.2176433067937,2934.290976286576,2.827990393623517,0,75.44425125944171,1
21.070778204266233,28.7095689953323,67.29349101890551,0.058686765678507294,4.737639691470319,14.040266372684261,3592.262998620657,2.072993067274251,1,20.506515766353907,1
26.295036059896635,43.853792063900414,63.40807423303202,0.013037545538544108,4.517370192510542,7.692732105491776,750.0952680191656,0.3846139260310694,0,42.914230648339064,1
71.95733991404207,21.79146074335543,47.25387746589817,0.16222612987038654,6.292090686857463,10.51794657362452,3665.681460981924,2.9051458496862894,0,23.921306323155154,1
27.04902606908444,29.18808445691528,30.233648062519038,0.13668061799713,4.295900687935417,15.093599264270447,2513.296785089931,0.4482523509855618,0,53.84460035135672,1
87.029230208513,88.92553006823562,81.62542846470882,0.3089255569982458,0.20662930004158853,6.895592836915732,1942.4926235439875,0.34792641239194294,0,85.75182522281324,0
30.22788936570745,44.820957772648995,52.27878437327097,0.04913187935560688,4.201150438027966,12.900683728907744,2883.4834070548013,0.8989304489550479,0,0.0,1
54.585194885739256,47.62187806116326,38.29104590022778,0.1312160653323874,7.989462014538608,8.54331168330414,500.0,0.19650332063120793,1,8.27195153283473,1
